transaction_id,transaction_date,direction,amount,currency,counterparty_name,counterparty_account,reference,payment_method,bank_account,description
BNK-00002045,2026-01-01,DEBIT,2240.87,USD,Card Settlement,909804524732,MISC-002045,CARD,PAYABLES-001,Payroll related
BNK-00001935,2026-01-02,DEBIT,71.55,USD,Employee Reimbursements,311514118569,MISC-001935,ACH,OPERATING-002,Insurance payment
BNK-00002007,2026-01-04,DEBIT,3402.69,USD,National Telecom,910013848069,MISC-002007,ACH,OPERATING-001,Payroll related
BNK-00001945,2026-01-05,DEBIT,126109.62,LKR,Government Tax Authority,609841966972,MISC-001945,ACH,OPERATING-002,Payroll related
BNK-00001983,2026-01-06,DEBIT,6502.84,USD,Office Rent Holdings,974036937938,MISC-001983,ACH,OPERATING-002,Rent payment
BNK-00002032,2026-01-06,DEBIT,107874.23,LKR,National Telecom,167584138764,MISC-002032,WIRE,OPERATING-002,Tax payment
BNK-00002069,2026-01-08,DEBIT,5545.44,EUR,Card Settlement,981625684708,MISC-002069,BANK_TRANSFER,OPERATING-001,Utility payment
BNK-00001965,2026-01-10,DEBIT,546300.12,LKR,Employee Reimbursements,111229988088,MISC-001965,CARD,OPERATING-001,Rent payment
BNK-00002088,2026-01-12,DEBIT,369035.92,LKR,City Power Utility,150513626574,MISC-002088,BANK_TRANSFER,OPERATING-001,Rent payment
BNK-00002096,2026-01-12,DEBIT,6602.1,USD,Government Tax Authority,852948138121,MISC-002096,WIRE,OPERATING-002,Utility payment
BNK-00001959,2026-01-15,DEBIT,4722.88,USD,National Telecom,842283568264,MISC-001959,DIRECT_DEBIT,OPERATING-001,Operating expense
BNK-00001961,2026-01-17,DEBIT,437285.33,LKR,City Power Utility,934347774770,MISC-001961,WIRE,OPERATING-002,Payroll related
BNK-00001980,2026-01-17,DEBIT,6688.19,EUR,Card Settlement,469416913800,MISC-001980,DIRECT_DEBIT,OPERATING-001,Insurance payment
BNK-00000260,2026-01-19,DEBIT,22946.69,GBP,Vertex Packaging Limited,878442396279,INV-2026-000279,CHEQUE,PAYABLES-001,Vendor payment INV-2026-000279
BNK-00000529,2026-01-19,DEBIT,13758.33,USD,Nova Systems Corporation,367862118541,INV-2026-000557,BANK_TRANSFER,OPERATING-002,Vendor payment INV-2026-000557
BNK-00000864,2026-01-19,DEBIT,4105.38,GBP,SILVERLINE SERVICES LIMITED,786420412894,INV-2026-000909,CHEQUE,OPERATING-001,Vendor payment INV-2026-000909
BNK-00002053,2026-01-20,DEBIT,1705.85,EUR,Office Rent Holdings,426489972551,MISC-002053,CARD,OPERATING-001,Tax payment
BNK-00002093,2026-01-20,DEBIT,7550.59,EUR,Office Rent Holdings,759538915792,MISC-002093,BANK_TRANSFER,PAYABLES-001,Utility payment
BNK-00000505,2026-01-21,DEBIT,1580147.78,LKR,Seacrest Consulting Inc,313671722771,INV-2026-000533,WIRE,OPERATING-001,Vendor payment INV-2026-000533
BNK-00000841,2026-01-21,DEBIT,7051.14,EUR,Fusion Consulting Incorporated,159574598144,INV-2026-000887,WIRE,PAYABLES-001,Vendor payment INV-2026-000887
BNK-00000010,2026-01-22,DEBIT,9504.9,GBP,Royal Holdings Limited,763541807547,INV-2026-000009,WIRE,OPERATING-002,Vendor payment INV-2026-000009
BNK-00000240,2026-01-22,DEBIT,5349.39,USD,Delta Foods Corporation,430464641651,INV-2026-000254,ACH,PAYABLES-001,Vendor payment INV-2026-000254
BNK-00000263,2026-01-22,DEBIT,370719.19,LKR,Seacrest Solutions Limited,245495438119,INV-2026-000282,BANK_TRANSFER,PAYABLES-001,Vendor payment INV-2026-000282
BNK-00000638,2026-01-22,DEBIT,9664.97,USD,Orbit Trading Limited,670621564585,INV-2026-000667,CHEQUE,OPERATING-001,Vendor payment INV-2026-000667
BNK-00001393,2026-01-22,DEBIT,15612.66,GBP,ORBIT CONSULTING LIMITED,884069898811,INV-2026-001456,BANK_TRANSFER,OPERATING-001,Vendor payment INV-2026-001456
BNK-00001560,2026-01-22,DEBIT,1881566.16,LKR,NOVA ENGINEERING CORPORATION,781595872312,INV-2026-001625,WIRE,PAYABLES-001,Vendor payment INV-2026-001625
BNK-00002091,2026-01-22,DEBIT,498874.26,LKR,National Telecom,135321904520,MISC-002091,DIRECT_DEBIT,OPERATING-002,Rent payment
BNK-00000304,2026-01-23,DEBIT,19867.78,USD,Silverline Systems Incorporated,812865433579,INV-2026-000321,CHEQUE,OPERATING-001,Vendor payment INV-2026-000321
BNK-00000467,2026-01-23,DEBIT,13034.16,USD,Unity Foods Corporation,521330443041,INV-2026-000491,ACH,OPERATING-002,Vendor payment INV-2026-000491
BNK-00000727,2026-01-23,DEBIT,17616.9,USD,Royal Supplies Incorporated,844119833085,INV-2026-000772,CHEQUE,OPERATING-002,Vendor payment INV-2026-000772
BNK-00001956,2026-01-23,CREDIT,534899.06,LKR,City Power Utility,528999512409,MISC-001956,DIRECT_DEBIT,OPERATING-001,Customer receipt
BNK-00002005,2026-01-23,DEBIT,665211.99,LKR,Office Rent Holdings,323856627969,MISC-002005,BANK_TRANSFER,OPERATING-001,Utility payment
BNK-00000023,2026-01-24,DEBIT,5339.9,USD,Harbor Logistics Limited,339669665349,INV-2026-000023,WIRE,OPERATING-001,Vendor payment INV-2026-000023
BNK-00000468,2026-01-24,DEBIT,13034.16,USD,Unity Foods Corporation,521330443041,INV-2026-000491,WIRE,OPERATING-001,Possible duplicate vendor payment INV-2026-000491
BNK-00000800,2026-01-24,DEBIT,2439.56,USD,Keystone Technologies Incorporated,537795287592,INV-2026-000845,CHEQUE,PAYABLES-001,Vendor payment INV-2026-000845
BNK-00002080,2026-01-24,DEBIT,78827.8,LKR,Interest Income,357529701266,MISC-002080,DIRECT_DEBIT,OPERATING-001,Bank charge
BNK-00000176,2026-01-25,DEBIT,11411.08,USD,Insight Services Limited,112978452832,INV-2026-000187,BANK_TRANSFER,OPERATING-002,Vendor payment INV-2026-000187
BNK-00001747,2026-01-25,DEBIT,7874.56,GBP,Jade Industries Limited,540585735564,INV-2026-001822,CHEQUE,OPERATING-002,Vendor payment INV-2026-001822
BNK-00002028,2026-01-26,DEBIT,131948.05,LKR,National Telecom,415440399772,MISC-002028,DIRECT_DEBIT,OPERATING-001,Customer receipt
BNK-00001217,2026-01-27,DEBIT,17589.75,USD,TITAN CONSULTING LIMITED,210036267868,INV-2026-001270,ACH,PAYABLES-001,Vendor payment INV-2026-001270
BNK-00001748,2026-01-27,DEBIT,7874.56,GBP,Jade Industries Limited,540585735564,INV-2026-001822,WIRE,PAYABLES-001,Possible duplicate vendor payment INV-2026-001822
BNK-00001828,2026-01-27,DEBIT,7706.85,USD,Delta Solutions Incorporated,482855037930,INV-2026-001899,WIRE,OPERATING-001,Vendor payment INV-2026-001899
BNK-00001918,2026-01-27,DEBIT,6530.15,USD,NOVA LOGISTICS LIMITED,988348638973,INV-2026-001997,BANK_TRANSFER,PAYABLES-001,Vendor payment INV-2026-001997
BNK-00002075,2026-01-27,DEBIT,398519.27,LKR,Interest Income,932205262064,MISC-002075,ACH,OPERATING-002,Operating expense
BNK-00002092,2026-01-27,DEBIT,316790.25,LKR,Office Rent Holdings,680001936337,MISC-002092,WIRE,PAYABLES-001,Customer receipt
BNK-00000579,2026-01-28,DEBIT,665395.13,LKR,Insight Technologies Incorporated,340733806442,INV-2026-000607,CHEQUE,PAYABLES-001,Vendor payment INV-2026-000607
BNK-00001755,2026-01-28,DEBIT,1853208.36,LKR,Silverline Technologies Incorporated,636439249785,INV-2026-001829,BANK_TRANSFER,OPERATING-002,Vendor payment INV-2026-001829
BNK-00002038,2026-01-28,CREDIT,5942.64,USD,Card Settlement,830013974584,MISC-002038,WIRE,OPERATING-002,Customer receipt
BNK-00001999,2026-01-29,DEBIT,1927.22,USD,City Power Utility,468791693733,MISC-001999,CARD,OPERATING-002,Utility payment
BNK-00002043,2026-01-29,CREDIT,7922.99,EUR,Employee Reimbursements,657886985291,MISC-002043,CARD,OPERATING-001,Bank charge
BNK-00000266,2026-01-31,DEBIT,1966.22,USD,Delta Solutions Corporation,641938372964,INV-2026-000285,BANK_TRANSFER,OPERATING-002,Vendor payment INV-2026-000285
BNK-00001237,2026-01-31,DEBIT,2639.11,USD,Keystone Logistics Limited,373263685325,INV-2026-001288,WIRE,OPERATING-001,Vendor payment INV-2026-001288
BNK-00001687,2026-01-31,DEBIT,7856.35,USD,Crescent Logistics Corporation,835428871006,INV-2026-001757,CHEQUE,OPERATING-001,Vendor payment INV-2026-001757
BNK-00001943,2026-01-31,DEBIT,884.52,EUR,Office Rent Holdings,569583547533,MISC-001943,CARD,OPERATING-002,Insurance payment
BNK-00001840,2026-02-01,DEBIT,918345.39,LKR,Global Engineering Limited,159172251058,INV-2026-001910,ACH,OPERATING-001,Vendor payment INV-2026-001910
BNK-00001975,2026-02-01,CREDIT,892.7,EUR,Insurance Provider,748064854087,MISC-001975,DIRECT_DEBIT,OPERATING-001,Utility payment
BNK-00002049,2026-02-01,DEBIT,182.97,USD,Card Settlement,883011377561,MISC-002049,WIRE,OPERATING-002,Customer receipt
BNK-00000090,2026-02-02,DEBIT,6112.22,USD,Pioneer Packaging Limited,786086128752,INV-2026-000097,BANK_TRANSFER,OPERATING-001,Vendor payment INV-2026-000097
BNK-00000655,2026-02-02,DEBIT,11628.69,USD,Royal Services Incorporated,692955158244,INV-2026-000687,CHEQUE,OPERATING-002,Vendor payment INV-2026-000687
BNK-00000994,2026-02-02,DEBIT,19486.28,USD,CRESCENT SUPPLIES LIMITED,821600684492,INV-2026-001043,BANK_TRANSFER,OPERATING-002,Vendor payment INV-2026-001043
BNK-00001618,2026-02-02,DEBIT,1865.7,GBP,Fusion Consulting Incorporated,159574598144,INV-2026-001686,WIRE,OPERATING-002,Vendor payment INV-2026-001686 incl bank fee
BNK-00001887,2026-02-02,DEBIT,2155790.82,LKR,Orbit Consulting Limited,884069898811,INV-2026-001960,ACH,PAYABLES-001,Vendor payment INV-2026-001960
BNK-00001938,2026-02-02,DEBIT,5118.49,USD,Interest Income,324032508926,MISC-001938,CARD,OPERATING-002,Rent payment
BNK-00002081,2026-02-02,DEBIT,524695.48,LKR,Bank Service Charges,102953607202,MISC-002081,CARD,PAYABLES-001,Utility payment
BNK-00000074,2026-02-03,DEBIT,1819475.12,LKR,Delta Pharma Limited,449993794346,INV-2026-000078,BANK_TRANSFER,PAYABLES-001,Vendor payment INV-2026-000078
BNK-00000786,2026-02-03,DEBIT,14481.19,USD,Pioneer Packaging Limited,786086128752,INV-2026-000831,ACH,OPERATING-001,Vendor payment INV-2026-000831
BNK-00000880,2026-02-03,DEBIT,1229.1,GBP,Silverline Technologies Incorporated,636439249785,INV-2026-000926,ACH,OPERATING-001,Vendor payment INV-2026-000926
BNK-00001464,2026-02-03,DEBIT,404.36,GBP,Unity Foods Limited,192330135002,INV-2026-001527-P1,ACH,PAYABLES-001,Part payment 1 for INV-2026-001527
BNK-00000267,2026-02-04,DEBIT,289490.0,LKR,Zenith Consulting Ltd,320972207209,INV-2026-000286,CHEQUE,PAYABLES-001,Vendor payment INV-2026-000286
BNK-00001451,2026-02-04,DEBIT,14033.67,GBP,Silverline Services Limited,786420412894,INV-2026-001514,ACH,PAYABLES-001,Vendor payment INV-2026-001514 incl bank fee
BNK-00001580,2026-02-04,DEBIT,8216.53,USD,Orbit Consulting Limited,884069898811,INV-2026-001650,CHEQUE,PAYABLES-001,Vendor payment INV-2026-001650
BNK-00001623,2026-02-04,DEBIT,8858.04,USD,Unity Packaging Corporation,275583175291,INV-2026-001695,ACH,OPERATING-001,Vendor payment INV-2026-001695
BNK-00000199,2026-02-05,DEBIT,19246.1,USD,Zenith Consulting Incorporated,300057279938,INV-2026-000215,CHEQUE,OPERATING-001,Vendor payment INV-2026-000215
BNK-00000520,2026-02-05,DEBIT,9889.14,GBP,Silverline Systems Incorporated,812865433579,INV-2026-000549,ACH,OPERATING-002,Vendor payment INV-2026-000549
BNK-00000897,2026-02-05,DEBIT,13148.8,USD,Delta Solutions Corporation,641938372964,INV-2026-000941,WIRE,PAYABLES-001,Vendor payment INV-2026-000941 incl bank fee
BNK-00000993,2026-02-05,DEBIT,17140.09,GBP,Vertex Consulting Incorporated,829094805956,INV-2026-001042,ACH,PAYABLES-001,Vendor payment INV-2026-001042
BNK-00001431,2026-02-05,DEBIT,1823765.65,LKR,Pioneer Supplies Limited,848137395082,INV-2026-001495,ACH,OPERATING-001,Vendor payment INV-2026-001495
BNK-00001703,2026-02-05,DEBIT,225482.85,LKR,Northstar Packaging Corporation,984294502389,INV-2026-001775,ACH,OPERATING-002,Vendor payment INV-2026-001775
BNK-00000244,2026-02-06,DEBIT,2294.13,GBP,Titan Consulting Limited,210036267868,INV-2026-000258,ACH,PAYABLES-001,Vendor payment INV-2026-000258
BNK-00000367,2026-02-06,DEBIT,15019.85,USD,Orbit Trading Limited,670621564585,INV-2026-000386,ACH,OPERATING-001,Vendor payment INV-2026-000386
BNK-00000437,2026-02-06,DEBIT,1026677.16,LKR,SILVERLINE SYSTEMS INCORPORATED,812865433579,INV-2026-000458,CHEQUE,PAYABLES-001,Vendor payment INV-2026-000458
BNK-00000654,2026-02-06,DEBIT,1202.22,GBP,Delta Pharma Limited,449993794346,INV-2026-000686,WIRE,PAYABLES-001,Vendor payment INV-2026-000686
BNK-00001032,2026-02-06,DEBIT,1425708.38,LKR,Silverline Technologies Incorporated,636439249785,INV-2026-001082,WIRE,OPERATING-001,Vendor payment INV-2026-001082
BNK-00001127,2026-02-06,DEBIT,504656.77,LKR,Nova Systems Corp,367862118541,INV-2026-001178,WIRE,PAYABLES-001,Vendor payment INV-2026-001178
BNK-00001152,2026-02-06,DEBIT,10121.42,USD,Metro Foods Limited,271054481685,INV-2026-001202,BANK_TRANSFER,PAYABLES-001,Vendor payment INV-2026-001202
BNK-00001297,2026-02-06,DEBIT,11976.59,USD,Global Engineering Limited,159172251058,INV-2026-001355,BANK_TRANSFER,OPERATING-001,Vendor payment INV-2026-001355
BNK-00001314,2026-02-06,DEBIT,4051.31,USD,Silverline Services Limited,786420412894,INV-2026-001372,WIRE,PAYABLES-001,Vendor payment INV-2026-001372
BNK-00001465,2026-02-06,DEBIT,393.83,GBP,Unity Foods Limited,192330135002,INV-2026-001527-P2,CHEQUE,PAYABLES-001,Part payment 2 for INV-2026-001527
BNK-00000078,2026-02-07,DEBIT,12222.95,USD,Keystone Packaging Limited,137044812889,INV-2026-000082,WIRE,OPERATING-002,Vendor payment INV-2026-000082 incl bank fee
BNK-00000277,2026-02-07,DEBIT,1579.55,EUR,Silverline Services Limited,786420412894,INV-2026-000295,CHEQUE,OPERATING-001,Vendor payment INV-2026-000295
BNK-00000278,2026-02-07,DEBIT,1579.55,EUR,Silverline Services Limited,786420412894,INV-2026-000295,ACH,OPERATING-002,Possible duplicate vendor payment INV-2026-000295
BNK-00000284,2026-02-07,DEBIT,21925.86,USD,Royal Networks Incorporated,420358865351,INV-2026-000300,BANK_TRANSFER,OPERATING-001,Vendor payment INV-2026-000300
BNK-00000508,2026-02-07,DEBIT,570297.59,LKR,Evergreen Packaging Limited,589426971653,INV-2026-000537,BANK_TRANSFER,PAYABLES-001,Vendor payment INV-2026-000537
BNK-00000521,2026-02-07,DEBIT,9889.14,GBP,Silverline Systems Incorporated,812865433579,INV-2026-000549,BANK_TRANSFER,OPERATING-002,Possible duplicate vendor payment INV-2026-000549
BNK-00000682,2026-02-07,DEBIT,1850267.75,LKR,Lanka Foods Limited,482503603584,INV-2026-000722,BANK_TRANSFER,OPERATING-001,Vendor payment INV-2026-000722
BNK-00000771,2026-02-07,DEBIT,5281.6,USD,Titan Foods Incorporated,275661855915,INV-2026-000816,BANK_TRANSFER,PAYABLES-001,Vendor payment INV-2026-000816
BNK-00000918,2026-02-07,DEBIT,18932.08,USD,Unity Foods Corp,521330443041,INV-2026-000966,CHEQUE,OPERATING-001,Vendor payment INV-2026-000966
BNK-00001704,2026-02-07,DEBIT,225482.85,LKR,Northstar Packaging Corporation,984294502389,INV-2026-001775,BANK_TRANSFER,OPERATING-002,Possible duplicate vendor payment INV-2026-001775
BNK-00001954,2026-02-07,DEBIT,2496.82,USD,Bank Service Charges,894897293727,MISC-001954,CARD,PAYABLES-001,Utility payment
BNK-00000063,2026-02-08,DEBIT,2783.1,EUR,NOVA SYSTEMS CORPORATION,367862118541,INV-2026-000068,BANK_TRANSFER,OPERATING-002,Vendor payment INV-2026-000068
BNK-00000225,2026-02-08,DEBIT,7829.46,USD,Keystone Trading Corporation,151975288711,INV-2026-000241,ACH,OPERATING-002,Vendor payment INV-2026-000241
BNK-00000268,2026-02-08,DEBIT,3060.53,USD,Keystone Trading Corporation,151975288711,INV-2026-000287-P1,CHEQUE,OPERATING-002,Part payment 1 for INV-2026-000287
BNK-00000850,2026-02-08,DEBIT,3713.5,USD,Fusion Consulting Incorporated,159574598144,INV-2026-000895,ACH,OPERATING-002,Vendor payment INV-2026-000895 incl bank fee
BNK-00001003,2026-02-08,DEBIT,6964.09,EUR,NOVA LOGISTICS LIMITED,988348638973,INV-2026-001053,WIRE,OPERATING-002,Vendor payment INV-2026-001053
BNK-00001260,2026-02-08,DEBIT,13064.23,USD,Seacrest Consulting Incorporated,313671722771,INV-2026-001314,ACH,PAYABLES-001,Vendor payment INV-2026-001314
BNK-00001388,2026-02-08,DEBIT,5891.79,EUR,Pioneer Trading Incorporated,131761864164,INV-2026-001451,BANK_TRANSFER,OPERATING-002,Vendor payment INV-2026-001451
BNK-00001830,2026-02-08,DEBIT,7480.42,USD,Northstar Packaging Corporation,984294502389,INV-2026-001901,ACH,OPERATING-002,Vendor payment INV-2026-001901
BNK-00000012,2026-02-09,DEBIT,19324.45,USD,Crescent Industries Limited,354876605861,INV-2026-000012,CHEQUE,OPERATING-001,Vendor payment INV-2026-000012
BNK-00000013,2026-02-09,DEBIT,19324.45,USD,Crescent Industries Limited,354876605861,INV-2026-000012,ACH,OPERATING-002,Possible duplicate vendor payment INV-2026-000012
BNK-00000188,2026-02-09,DEBIT,3698.03,USD,Silverline Services Ltd,786420412894,INV-2026-000201,WIRE,OPERATING-002,Vendor payment INV-2026-000201
BNK-00000591,2026-02-09,DEBIT,12575.04,USD,Unity Packaging Corporation,275583175291,INV-2026-000619,BANK_TRANSFER,PAYABLES-001,Vendor payment INV-2026-000619
BNK-00000651,2026-02-09,DEBIT,8063.94,USD,Harbor Services Incorporated,624015215345,INV-2026-000683,ACH,PAYABLES-001,Vendor payment INV-2026-000683
BNK-00001573,2026-02-09,DEBIT,418.32,GBP,Evergreen Industries Corporation,191967772113,INV-2026-001641,BANK_TRANSFER,OPERATING-002,Vendor payment INV-2026-001641
BNK-00001917,2026-02-09,DEBIT,2190492.65,LKR,Global Engineering Limited,159172251058,INV-2026-001996,ACH,OPERATING-001,Vendor payment INV-2026-001996 incl bank fee
BNK-00000269,2026-02-10,DEBIT,3796.85,USD,Keystone Trading Corporation,151975288711,INV-2026-000287-P2,WIRE,OPERATING-002,Part payment 2 for INV-2026-000287
BNK-00000489,2026-02-10,DEBIT,11147.86,USD,Delta Foods Corporation,430464641651,INV-2026-000517,WIRE,OPERATING-002,Vendor payment INV-2026-000517
BNK-00000569,2026-02-10,DEBIT,13989.46,USD,Harbor Logistics Limited,339669665349,INV-2026-000597,WIRE,OPERATING-002,Vendor payment INV-2026-000597
BNK-00000974,2026-02-10,DEBIT,10197.94,USD,Pioneer Industries Incorporated,588849788066,INV-2026-001025-P1,BANK_TRANSFER,OPERATING-001,Part payment 1 for INV-2026-001025
BNK-00001041,2026-02-10,DEBIT,20449.52,USD,Apex Consulting Incorporated,509620244728,INV-2026-001090,WIRE,OPERATING-001,Vendor payment INV-2026-001090
BNK-00001746,2026-02-10,DEBIT,11345.57,USD,Titan Foods Incorporated,275661855915,INV-2026-001821,CHEQUE,OPERATING-001,Vendor payment INV-2026-001821
BNK-00002019,2026-02-10,DEBIT,4757.76,USD,Office Rent Holdings,861283092237,MISC-002019,BANK_TRANSFER,OPERATING-002,Payroll related
BNK-00002073,2026-02-10,DEBIT,199497.33,LKR,City Power Utility,906545166040,MISC-002073,CARD,OPERATING-002,Customer receipt
BNK-00000333,2026-02-11,DEBIT,8122.76,GBP,Nova Packaging Corporation,712652693184,INV-2026-000351,ACH,OPERATING-002,Vendor payment INV-2026-000351
BNK-00000565,2026-02-11,DEBIT,12759.15,EUR,Seacrest Solutions Limited,245495438119,INV-2026-000593,ACH,OPERATING-002,Vendor payment INV-2026-000593
BNK-00000975,2026-02-11,DEBIT,7039.72,USD,Pioneer Industries Incorporated,588849788066,INV-2026-001025-P2,ACH,OPERATING-002,Part payment 2 for INV-2026-001025
BNK-00001125,2026-02-11,DEBIT,843265.69,LKR,Vertex Packaging Limited,878442396279,INV-2026-001176,CHEQUE,PAYABLES-001,Vendor payment INV-2026-001176
BNK-00001336,2026-02-11,DEBIT,4680.3,EUR,KEYSTONE PACKAGING LIMITED,137044812889,INV-2026-001394,CHEQUE,PAYABLES-001,Vendor payment INV-2026-001394
BNK-00001588,2026-02-11,DEBIT,10269.82,USD,Unity Systems Incorporated,996390815905,INV-2026-001657,BANK_TRANSFER,PAYABLES-001,Vendor payment INV-2026-001657
BNK-00001769,2026-02-11,DEBIT,8087.56,GBP,Metro Holdings Incorporated,337635667755,INV-2026-001843,WIRE,PAYABLES-001,Vendor payment INV-2026-001843
BNK-00000440,2026-02-12,DEBIT,19618.84,EUR,Orbit Pharma Corporation,243661253546,INV-2026-000463,ACH,OPERATING-001,Vendor payment INV-2026-000463
BNK-00000518,2026-02-12,DEBIT,9779.16,USD,Metro Consulting Corporation,455945973170,INV-2026-000547,WIRE,OPERATING-002,Vendor payment INV-2026-000547 incl bank fee
BNK-00000566,2026-02-12,DEBIT,9567.0,USD,Nova Textiles Corporation,367267673414,INV-2026-000594,ACH,OPERATING-001,Vendor payment INV-2026-000594
BNK-00000577,2026-02-12,DEBIT,103672.43,LKR,Nova Solutions Corporation,307437974878,INV-2026-000605,CHEQUE,OPERATING-001,Vendor payment INV-2026-000605
BNK-00000748,2026-02-12,DEBIT,1824654.62,LKR,Lanka Foods Limited,482503603584,INV-2026-000792,CHEQUE,PAYABLES-001,Vendor payment INV-2026-000792
BNK-00001158,2026-02-12,DEBIT,1070.94,USD,Vertex Textiles Corp,415235296085,INV-2026-001210,WIRE,OPERATING-002,Vendor payment INV-2026-001210
BNK-00001371,2026-02-12,DEBIT,23066.78,EUR,Zenith Trading Incorporated,999134125065,INV-2026-001432,ACH,OPERATING-002,Vendor payment INV-2026-001432 incl bank fee
BNK-00000079,2026-02-13,DEBIT,1515766.8,LKR,Silverline Technologies Incorporated,636439249785,INV-2026-000084,CHEQUE,OPERATING-002,Vendor payment INV-2026-000084
BNK-00000381,2026-02-13,DEBIT,17340.19,USD,Metro Consulting Corporation,455945973170,INV-2026-000399,BANK_TRANSFER,PAYABLES-001,Vendor payment INV-2026-000399
BNK-00001018,2026-02-13,DEBIT,18381.17,GBP,Global Engineering Limited,159172251058,INV-2026-001067,BANK_TRANSFER,OPERATING-002,Vendor payment INV-2026-001067
BNK-00001160,2026-02-13,DEBIT,6343.22,USD,Titan Consulting Limited,210036267868,INV-2026-001212,BANK_TRANSFER,OPERATING-002,Vendor payment INV-2026-001212 incl bank fee
BNK-00001861,2026-02-13,DEBIT,11496.37,USD,BrightPath Logistics Corporation,755696355114,INV-2026-001934,CHEQUE,OPERATING-001,Vendor payment INV-2026-001934
BNK-00002054,2026-02-13,DEBIT,7848.94,EUR,Insurance Provider,702142783916,MISC-002054,CARD,OPERATING-001,Insurance payment
BNK-00000250,2026-02-14,DEBIT,9879.03,USD,Vertex Textiles Corporation,415235296085,INV-2026-000267,ACH,OPERATING-002,Vendor payment INV-2026-000267
BNK-00000541,2026-02-14,DEBIT,18984.95,USD,Nova Engineering Corporation,781595872312,INV-2026-000572,BANK_TRANSFER,PAYABLES-001,Vendor payment INV-2026-000572
BNK-00000749,2026-02-14,DEBIT,5541.51,USD,Metro Engineering Ltd,920438032193,INV-2026-000793,CHEQUE,OPERATING-001,Vendor payment INV-2026-000793
BNK-00001006,2026-02-14,DEBIT,6078.22,USD,Pioneer Supplies Incorporated,478166864450,INV-2026-001056,CHEQUE,OPERATING-002,Vendor payment INV-2026-001056
BNK-00001531,2026-02-14,DEBIT,9209.81,USD,Nova Packaging Corporation,712652693184,INV-2026-001594,BANK_TRANSFER,OPERATING-001,Vendor payment INV-2026-001594
BNK-00001853,2026-02-14,DEBIT,1418471.47,LKR,Nova Logistics Limited,988348638973,INV-2026-001925,WIRE,PAYABLES-001,Vendor payment INV-2026-001925
BNK-00001893,2026-02-14,DEBIT,16124.95,EUR,Keystone Trading Corporation,151975288711,INV-2026-001967,ACH,OPERATING-001,Vendor payment INV-2026-001967
BNK-00001970,2026-02-14,CREDIT,1488.92,USD,Office Rent Holdings,695729719433,MISC-001970,DIRECT_DEBIT,OPERATING-001,Payroll related
BNK-00000285,2026-02-15,DEBIT,17458.53,USD,Global Engineering Limited,159172251058,INV-2026-000301,WIRE,PAYABLES-001,Vendor payment INV-2026-000301
BNK-00000379,2026-02-15,DEBIT,1274846.88,LKR,Zenith Consulting Limited,320972207209,INV-2026-000397,ACH,OPERATING-002,Vendor payment INV-2026-000397
BNK-00000416,2026-02-15,DEBIT,14267.54,USD,Global Solutions Limited,524365842188,INV-2026-000433,WIRE,OPERATING-001,Vendor payment INV-2026-000433
BNK-00000453,2026-02-15,DEBIT,8483.2,EUR,Royal Supplies Incorporated,844119833085,INV-2026-000477,WIRE,OPERATING-002,Vendor payment INV-2026-000477
BNK-00000504,2026-02-15,DEBIT,920037.96,LKR,Titan Foods Incorporated,275661855915,INV-2026-000532,CHEQUE,OPERATING-001,Vendor payment INV-2026-000532
BNK-00000688,2026-02-15,DEBIT,11958.93,GBP,Vertex Packaging Inc,873883374114,INV-2026-000731,ACH,OPERATING-001,Vendor payment INV-2026-000731
BNK-00000871,2026-02-15,DEBIT,18721.06,USD,Harbor Industries Limited,656253304185,INV-2026-000918,ACH,OPERATING-002,Vendor payment INV-2026-000918
BNK-00001092,2026-02-15,DEBIT,12949.81,USD,Royal Supplies Incorporated,844119833085,INV-2026-001142,CHEQUE,PAYABLES-001,Vendor payment INV-2026-001142
BNK-00001240,2026-02-15,DEBIT,21264.14,USD,Pioneer Industries Incorporated,588849788066,INV-2026-001292,BANK_TRANSFER,OPERATING-002,Vendor payment INV-2026-001292
BNK-00002041,2026-02-15,DEBIT,3405.62,EUR,City Power Utility,498434532809,MISC-002041,WIRE,OPERATING-002,Insurance payment
BNK-00000086,2026-02-16,DEBIT,15216.82,USD,Global Engineering Limited,159172251058,INV-2026-000091,ACH,OPERATING-001,Vendor payment INV-2026-000091
BNK-00000313,2026-02-16,DEBIT,18653.37,EUR,Keystone Technologies Incorporated,537795287592,INV-2026-000329,BANK_TRANSFER,PAYABLES-001,Vendor payment INV-2026-000329 incl bank fee
BNK-00000407,2026-02-16,DEBIT,1444.58,USD,Unity Foods Corporation,521330443041,INV-2026-000425-P1,CHEQUE,OPERATING-002,Part payment 1 for INV-2026-000425
BNK-00000544,2026-02-16,DEBIT,1314.99,USD,Harbor Supplies Limited,780648306067,INV-2026-000575,CHEQUE,OPERATING-001,Vendor payment INV-2026-000575
BNK-00000580,2026-02-16,DEBIT,3297.83,USD,Harbor Technologies Limited,664313517211,INV-2026-000608,ACH,OPERATING-001,Vendor payment INV-2026-000608
BNK-00000805,2026-02-16,DEBIT,2549.92,USD,Nova Systems Corporation,367862118541,INV-2026-000851,ACH,PAYABLES-001,Vendor payment INV-2026-000851
BNK-00000934,2026-02-16,DEBIT,18836.17,USD,Lanka Foods Limited,482503603584,INV-2026-000983,ACH,PAYABLES-001,Vendor payment INV-2026-000983
BNK-00001002,2026-02-16,DEBIT,13647.08,USD,Metro Foods Limited,271054481685,INV-2026-001052,ACH,OPERATING-002,Vendor payment INV-2026-001052 incl bank fee
BNK-00002034,2026-02-16,DEBIT,3681.05,USD,National Telecom,247812882318,MISC-002034,DIRECT_DEBIT,OPERATING-002,Bank charge
BNK-00000207,2026-02-17,DEBIT,16869.79,USD,Quantum Technologies Incorporated,178494949883,INV-2026-000223,CHEQUE,OPERATING-002,Vendor payment INV-2026-000223
BNK-00000988,2026-02-17,DEBIT,16578.35,USD,Seacrest Consulting Incorporated,313671722771,INV-2026-001037,ACH,OPERATING-001,Vendor payment INV-2026-001037
BNK-00001094,2026-02-17,DEBIT,18876.96,USD,Crescent Industries Limited,354876605861,INV-2026-001144,WIRE,OPERATING-001,Vendor payment INV-2026-001144
BNK-00001540,2026-02-17,DEBIT,943.37,USD,Vertex Packaging Incorporated,873883374114,INV-2026-001604,ACH,OPERATING-001,Vendor payment INV-2026-001604
BNK-00000396,2026-02-18,DEBIT,1326347.75,LKR,Harbor Logistics Limited,339669665349,INV-2026-000414,ACH,OPERATING-001,Vendor payment INV-2026-000414
BNK-00000680,2026-02-18,DEBIT,2041.27,USD,Orbit Trading Limited,670621564585,INV-2026-000719,CHEQUE,OPERATING-001,Vendor payment INV-2026-000719
BNK-00000879,2026-02-18,DEBIT,20231.22,USD,Metro Foods Limited,271054481685,INV-2026-000925,CHEQUE,PAYABLES-001,Vendor payment INV-2026-000925
BNK-00001651,2026-02-18,DEBIT,2828.14,EUR,Harbor Industries Limited,656253304185,INV-2026-001724,BANK_TRANSFER,OPERATING-001,Vendor payment INV-2026-001724
BNK-00000091,2026-02-19,DEBIT,8786.87,GBP,Zenith Holdings Incorporated,858634739565,INV-2026-000098,BANK_TRANSFER,OPERATING-001,Vendor payment INV-2026-000098
BNK-00000319,2026-02-19,DEBIT,20729.98,GBP,Insight Technologies Incorporated,340733806442,INV-2026-000334,BANK_TRANSFER,PAYABLES-001,Vendor payment INV-2026-000334
BNK-00000408,2026-02-19,DEBIT,2106.15,USD,Unity Foods Corporation,521330443041,INV-2026-000425-P2,ACH,OPERATING-002,Part payment 2 for INV-2026-000425
BNK-00000414,2026-02-19,DEBIT,14608.38,USD,Unity Technologies Limited,795191128611,INV-2026-000431,ACH,PAYABLES-001,Vendor payment INV-2026-000431
BNK-00001225,2026-02-19,DEBIT,1847.55,USD,Metro Holdings Incorporated,337635667755,INV-2026-001278,BANK_TRANSFER,OPERATING-002,Vendor payment INV-2026-001278
BNK-00001316,2026-02-19,DEBIT,11236.02,GBP,VERTEX SUPPLIES CORPORATION,715100412638,INV-2026-001374,CHEQUE,OPERATING-001,Vendor payment INV-2026-001374
BNK-00001602,2026-02-19,DEBIT,17281.2,EUR,Insight Services Limited,112978452832,INV-2026-001671,WIRE,OPERATING-001,Vendor payment INV-2026-001671
BNK-00001911,2026-02-19,DEBIT,678491.24,LKR,Vertex Supplies Corporation,715100412638,INV-2026-001987,CHEQUE,OPERATING-002,Vendor payment INV-2026-001987
BNK-00000327,2026-02-20,DEBIT,17772.07,USD,Delta Foods Corporation,430464641651,INV-2026-000343,ACH,OPERATING-001,Vendor payment INV-2026-000343
BNK-00000624,2026-02-20,DEBIT,15855.76,GBP,Vertex Packaging Incorporated,873883374114,INV-2026-000652,ACH,OPERATING-002,Vendor payment INV-2026-000652 incl bank fee
BNK-00000887,2026-02-20,DEBIT,5279.63,USD,Crescent Industries Limited,354876605861,INV-2026-000931-P1,WIRE,OPERATING-002,Part payment 1 for INV-2026-000931
BNK-00001011,2026-02-20,DEBIT,12609.04,USD,Keystone Logistics Limited,373263685325,INV-2026-001061,BANK_TRANSFER,PAYABLES-001,Vendor payment INV-2026-001061
BNK-00001091,2026-02-20,DEBIT,7916.95,USD,Global Engineering Limited,159172251058,INV-2026-001141,ACH,PAYABLES-001,Vendor payment INV-2026-001141
BNK-00001228,2026-02-20,DEBIT,892.8,USD,Silverline Logistics Limited,381959955088,INV-2026-001281-P1,BANK_TRANSFER,OPERATING-002,Part payment 1 for INV-2026-001281
BNK-00001265,2026-02-20,DEBIT,9744.99,GBP,Pioneer Industries Incorporated,588849788066,INV-2026-001318,BANK_TRANSFER,OPERATING-001,Vendor payment INV-2026-001318
BNK-00001551,2026-02-20,DEBIT,617218.88,LKR,Zenith Trading Inc,999134125065,INV-2026-001616,WIRE,PAYABLES-001,Vendor payment INV-2026-001616
BNK-00001578,2026-02-20,DEBIT,6156.69,USD,Unity Trading Limited,386886767570,INV-2026-001646,CHEQUE,OPERATING-001,Vendor payment INV-2026-001646
BNK-00001652,2026-02-20,DEBIT,6708.54,EUR,Vertex Supplies Corporation,715100412638,INV-2026-001725,ACH,PAYABLES-001,Vendor payment INV-2026-001725
BNK-00001940,2026-02-20,DEBIT,6246.26,USD,City Power Utility,694028032358,MISC-001940,ACH,OPERATING-001,Operating expense
BNK-00000059,2026-02-21,DEBIT,14006.79,GBP,Royal Holdings Limited,763541807547,INV-2026-000064,CHEQUE,OPERATING-002,Vendor payment INV-2026-000064
BNK-00000152,2026-02-21,DEBIT,9220.82,USD,Pioneer Supplies Limited,848137395082,INV-2026-000159,WIRE,OPERATING-002,Vendor payment INV-2026-000159
BNK-00000270,2026-02-21,DEBIT,13015.96,EUR,Metro Engineering Limited,920438032193,INV-2026-000288,WIRE,OPERATING-002,Vendor payment INV-2026-000288
BNK-00000706,2026-02-21,DEBIT,5359.78,USD,Titan Consulting Limited,210036267868,INV-2026-000751-P1,ACH,OPERATING-001,Part payment 1 for INV-2026-000751
BNK-00001022,2026-02-21,DEBIT,11601.77,GBP,Lanka Foods Limited,482503603584,INV-2026-001072,CHEQUE,OPERATING-001,Vendor payment INV-2026-001072
BNK-00001112,2026-02-21,DEBIT,5565.24,USD,Metro Consulting Corporation,455945973170,INV-2026-001163,BANK_TRANSFER,PAYABLES-001,Vendor payment INV-2026-001163
BNK-00001133,2026-02-21,DEBIT,14515.78,USD,Evergreen Industries Corporation,191967772113,INV-2026-001184,BANK_TRANSFER,OPERATING-002,Vendor payment INV-2026-001184
BNK-00001229,2026-02-21,DEBIT,912.11,USD,Silverline Logistics Limited,381959955088,INV-2026-001281-P2,WIRE,OPERATING-001,Part payment 2 for INV-2026-001281
BNK-00001282,2026-02-21,DEBIT,11016.38,USD,ZENITH SUPPLIES LIMITED,280242485333,INV-2026-001336,WIRE,OPERATING-002,Vendor payment INV-2026-001336
BNK-00001283,2026-02-21,DEBIT,10307.95,USD,Orbit Trading Limited,670621564585,INV-2026-001337,BANK_TRANSFER,PAYABLES-001,Vendor payment INV-2026-001337
BNK-00001567,2026-02-21,DEBIT,12195.83,GBP,Harbor Logistics Limited,339669665349,INV-2026-001631,ACH,PAYABLES-001,Vendor payment INV-2026-001631
BNK-00001575,2026-02-21,DEBIT,14398.9,USD,Vertex Consulting Inc,829094805956,INV-2026-001643,BANK_TRANSFER,OPERATING-001,Vendor payment INV-2026-001643
BNK-00001724,2026-02-21,DEBIT,6360.77,USD,ZENITH SUPPLIES LIMITED,280242485333,INV-2026-001799,ACH,OPERATING-002,Vendor payment INV-2026-001799
BNK-00001770,2026-02-21,DEBIT,10342.82,EUR,Nova Engineering Corporation,781595872312,INV-2026-001844,BANK_TRANSFER,OPERATING-002,Vendor payment INV-2026-001844
BNK-00001822,2026-02-21,DEBIT,16987.38,USD,Titan Consulting Limited,210036267868,INV-2026-001893,CHEQUE,OPERATING-001,Vendor payment INV-2026-001893
BNK-00001827,2026-02-21,DEBIT,3664.37,USD,Royal Supplies Incorporated,844119833085,INV-2026-001898,CHEQUE,OPERATING-001,Vendor payment INV-2026-001898
BNK-00000057,2026-02-22,DEBIT,331.57,USD,Insight Services Limited,112978452832,INV-2026-000062,WIRE,PAYABLES-001,Vendor payment INV-2026-000062
BNK-00000330,2026-02-22,DEBIT,1519863.44,LKR,Lanka Systems Incorporated,474635226753,INV-2026-000347,WIRE,OPERATING-001,Vendor payment INV-2026-000347
BNK-00000364,2026-02-22,DEBIT,9616.4,EUR,Fusion Consulting Incorporated,159574598144,INV-2026-000384,ACH,PAYABLES-001,Vendor payment INV-2026-000384
BNK-00000433,2026-02-22,DEBIT,1459.17,GBP,Harbor Technologies Limited,664313517211,INV-2026-000452,WIRE,OPERATING-002,Vendor payment INV-2026-000452
BNK-00000602,2026-02-22,DEBIT,1235.37,GBP,Delta Pharma Limited,449993794346,INV-2026-000629,ACH,OPERATING-002,Vendor payment INV-2026-000629
BNK-00000761,2026-02-22,DEBIT,13903.57,USD,Pioneer Industries Incorporated,588849788066,INV-2026-000806,CHEQUE,OPERATING-002,Vendor payment INV-2026-000806
BNK-00001081,2026-02-22,DEBIT,15526.26,GBP,Global Textiles Limited,520913251936,INV-2026-001132,WIRE,OPERATING-002,Vendor payment INV-2026-001132
BNK-00001293,2026-02-22,DEBIT,16885.82,USD,Harbor Services Incorporated,624015215345,INV-2026-001350,CHEQUE,OPERATING-001,Vendor payment INV-2026-001350
BNK-00002094,2026-02-22,DEBIT,556963.93,LKR,Office Rent Holdings,872401119472,MISC-002094,BANK_TRANSFER,OPERATING-001,Bank charge
BNK-00000032,2026-02-23,DEBIT,15207.17,USD,Vertex Supplies Corporation,715100412638,INV-2026-000034,BANK_TRANSFER,OPERATING-002,Vendor payment INV-2026-000034
BNK-00000060,2026-02-23,DEBIT,14006.79,GBP,Royal Holdings Limited,763541807547,INV-2026-000064,BANK_TRANSFER,OPERATING-001,Possible duplicate vendor payment INV-2026-000064
BNK-00001108,2026-02-23,DEBIT,10848.59,USD,ORBIT SUPPLIES LIMITED,298066901090,INV-2026-001158,CHEQUE,OPERATING-002,Vendor payment INV-2026-001158
BNK-00001145,2026-02-23,DEBIT,11894.33,GBP,Vertex Consulting Incorporated,829094805956,INV-2026-001195,CHEQUE,PAYABLES-001,Vendor payment INV-2026-001195
BNK-00001333,2026-02-23,DEBIT,18548.85,USD,Redwood Logistics Incorporated,162027005011,INV-2026-001391,BANK_TRANSFER,OPERATING-002,Vendor payment INV-2026-001391
BNK-00001354,2026-02-23,DEBIT,18889.54,USD,Summit Textiles Incorporated,595553303426,INV-2026-001413,ACH,OPERATING-002,Vendor payment INV-2026-001413
BNK-00001381,2026-02-23,DEBIT,21280.12,GBP,Nova Solutions Corporation,307437974878,INV-2026-001442,ACH,OPERATING-002,Vendor payment INV-2026-001442 incl bank fee
BNK-00001626,2026-02-23,DEBIT,405.16,USD,Unity Technologies Limited,795191128611,INV-2026-001698,BANK_TRANSFER,OPERATING-002,Vendor payment INV-2026-001698
BNK-00001627,2026-02-23,DEBIT,405.16,USD,Unity Technologies Limited,795191128611,INV-2026-001698,WIRE,OPERATING-001,Possible duplicate vendor payment INV-2026-001698
BNK-00001874,2026-02-23,DEBIT,11708.03,USD,Unity Foods Limited,192330135002,INV-2026-001945,WIRE,OPERATING-001,Vendor payment INV-2026-001945
BNK-00000029,2026-02-24,DEBIT,12335.94,USD,ZENITH CONSULTING INCORPORATED,300057279938,INV-2026-000031,WIRE,PAYABLES-001,Vendor payment INV-2026-000031
BNK-00000299,2026-02-24,DEBIT,9781.98,USD,Delta Foods Corporation,430464641651,INV-2026-000315,CHEQUE,OPERATING-001,Vendor payment INV-2026-000315
BNK-00000309,2026-02-24,DEBIT,2848.25,USD,Global Textiles Limited,520913251936,INV-2026-000325,WIRE,OPERATING-002,Vendor payment INV-2026-000325
BNK-00000365,2026-02-24,DEBIT,9616.4,EUR,Fusion Consulting Incorporated,159574598144,INV-2026-000384,BANK_TRANSFER,OPERATING-002,Possible duplicate vendor payment INV-2026-000384
BNK-00000707,2026-02-24,DEBIT,2950.27,USD,Titan Consulting Limited,210036267868,INV-2026-000751-P2,BANK_TRANSFER,OPERATING-001,Part payment 2 for INV-2026-000751
BNK-00000783,2026-02-24,DEBIT,6685.38,USD,Redwood Textiles Limited,797825279821,INV-2026-000829,CHEQUE,OPERATING-001,Vendor payment INV-2026-000829
BNK-00000888,2026-02-24,DEBIT,8221.72,USD,Crescent Industries Limited,354876605861,INV-2026-000931-P2,BANK_TRANSFER,OPERATING-001,Part payment 2 for INV-2026-000931
BNK-00001075,2026-02-24,DEBIT,19896.06,USD,Unity Packaging Corporation,275583175291,INV-2026-001126,ACH,OPERATING-002,Vendor payment INV-2026-001126
BNK-00001083,2026-02-24,DEBIT,409.86,USD,Titan Foods Incorporated,275661855915,INV-2026-001134,ACH,OPERATING-002,Vendor payment INV-2026-001134 incl bank fee
BNK-00001220,2026-02-24,DEBIT,16222.98,USD,Nova Textiles Corporation,367267673414,INV-2026-001273,CHEQUE,PAYABLES-001,Vendor payment INV-2026-001273
BNK-00001518,2026-02-24,DEBIT,7558.47,EUR,Nova Solutions Corporation,307437974878,INV-2026-001582,CHEQUE,PAYABLES-001,Vendor payment INV-2026-001582
BNK-00001591,2026-02-24,DEBIT,10364.55,GBP,Delta Foods Corporation,430464641651,INV-2026-001660,WIRE,OPERATING-002,Vendor payment INV-2026-001660
BNK-00001760,2026-02-24,DEBIT,23565.39,USD,Insight Technologies Incorporated,340733806442,INV-2026-001834,WIRE,PAYABLES-001,Vendor payment INV-2026-001834 incl bank fee
BNK-00001780,2026-02-24,DEBIT,21833.67,USD,Quantum Technologies Incorporated,178494949883,INV-2026-001853,BANK_TRANSFER,OPERATING-002,Vendor payment INV-2026-001853
BNK-00002089,2026-02-24,CREDIT,788834.3,LKR,Office Rent Holdings,793026268104,MISC-002089,CARD,OPERATING-002,Bank charge
BNK-00000254,2026-02-25,DEBIT,4911.08,EUR,Royal Supplies Incorporated,844119833085,INV-2026-000271,CHEQUE,PAYABLES-001,Vendor payment INV-2026-000271
BNK-00000356,2026-02-25,DEBIT,5805.13,USD,Royal Networks Incorporated,420358865351,INV-2026-000375,ACH,OPERATING-001,Vendor payment INV-2026-000375
BNK-00000424,2026-02-25,DEBIT,14371.34,USD,Unity Technologies Limited,795191128611,INV-2026-000442,WIRE,OPERATING-001,Vendor payment INV-2026-000442
BNK-00000465,2026-02-25,DEBIT,595472.69,LKR,Vertex Supplies Corporation,715100412638,INV-2026-000490-P1,WIRE,PAYABLES-001,Part payment 1 for INV-2026-000490
BNK-00000546,2026-02-25,DEBIT,11080.23,USD,KEYSTONE TECHNOLOGIES INCORPORATED,537795287592,INV-2026-000578,ACH,PAYABLES-001,Vendor payment INV-2026-000578
BNK-00000584,2026-02-25,DEBIT,18831.67,GBP,Zenith Holdings Incorporated,858634739565,INV-2026-000612,WIRE,PAYABLES-001,Vendor payment INV-2026-000612
BNK-00000625,2026-02-25,DEBIT,14935.94,USD,Global Trading Limited,791827976491,INV-2026-000653,CHEQUE,OPERATING-001,Vendor payment INV-2026-000653
BNK-00000876,2026-02-25,DEBIT,18611.85,USD,Delta Solutions Corp,641938372964,INV-2026-000922,WIRE,OPERATING-002,Vendor payment INV-2026-000922
BNK-00000890,2026-02-25,DEBIT,11731.5,USD,Royal Holdings Limited,763541807547,INV-2026-000933,WIRE,OPERATING-002,Vendor payment INV-2026-000933
BNK-00001171,2026-02-25,DEBIT,4769.46,USD,Harbor Technologies Limited,664313517211,INV-2026-001222,CHEQUE,OPERATING-001,Vendor payment INV-2026-001222
BNK-00001439,2026-02-25,DEBIT,6855.17,EUR,Silverline Technologies Incorporated,636439249785,INV-2026-001503,ACH,OPERATING-001,Vendor payment INV-2026-001503
BNK-00001802,2026-02-25,DEBIT,6222.88,USD,Unity Trading Limited,386886767570,INV-2026-001873-P1,WIRE,OPERATING-002,Part payment 1 for INV-2026-001873
BNK-00001818,2026-02-25,DEBIT,1733.02,USD,Delta Foods Corporation,430464641651,INV-2026-001889,ACH,OPERATING-001,Vendor payment INV-2026-001889
BNK-00001921,2026-02-25,DEBIT,44685.2,LKR,National Telecom,245332566436,MISC-001921,BANK_TRANSFER,OPERATING-002,Tax payment
BNK-00000179,2026-02-26,DEBIT,9611.79,USD,Apex Consulting Incorporated,509620244728,INV-2026-000191,CHEQUE,OPERATING-002,Vendor payment INV-2026-000191
BNK-00000255,2026-02-26,DEBIT,7054.71,USD,Zenith Consulting Incorporated,300057279938,INV-2026-000272,ACH,OPERATING-001,Vendor payment INV-2026-000272 incl bank fee
BNK-00000506,2026-02-26,DEBIT,21569.32,GBP,Evergreen Packaging Limited,589426971653,INV-2026-000535,CHEQUE,OPERATING-001,Vendor payment INV-2026-000535
BNK-00001269,2026-02-26,DEBIT,1034923.99,LKR,Delta Solutions Corporation,641938372964,INV-2026-001322,BANK_TRANSFER,OPERATING-001,Vendor payment INV-2026-001322
BNK-00001278,2026-02-26,DEBIT,16795.15,EUR,Titan Foods Incorporated,275661855915,INV-2026-001332,WIRE,OPERATING-002,Vendor payment INV-2026-001332
BNK-00001527,2026-02-26,DEBIT,10718.4,EUR,FUSION CONSULTING INCORPORATED,159574598144,INV-2026-001590,CHEQUE,PAYABLES-001,Vendor payment INV-2026-001590
BNK-00001654,2026-02-26,DEBIT,3155.76,USD,Titan Consulting Limited,210036267868,INV-2026-001728,ACH,PAYABLES-001,Vendor payment INV-2026-001728
BNK-00001803,2026-02-26,DEBIT,11484.41,USD,Unity Trading Limited,386886767570,INV-2026-001873-P2,CHEQUE,PAYABLES-001,Part payment 2 for INV-2026-001873
BNK-00001892,2026-02-26,DEBIT,18865.47,GBP,NOVA SYSTEMS CORPORATION,367862118541,INV-2026-001965,ACH,OPERATING-002,Vendor payment INV-2026-001965
BNK-00002030,2026-02-26,DEBIT,6731.95,EUR,Interest Income,858786882408,MISC-002030,CARD,OPERATING-001,Insurance payment
BNK-00000305,2026-02-27,DEBIT,3978.57,USD,Zenith Holdings Incorporated,858634739565,INV-2026-000322,ACH,OPERATING-001,Vendor payment INV-2026-000322
BNK-00000329,2026-02-27,DEBIT,21440.14,USD,QUANTUM TECHNOLOGIES INCORPORATED,178494949883,INV-2026-000345,CHEQUE,OPERATING-002,Vendor payment INV-2026-000345
BNK-00000462,2026-02-27,DEBIT,14174.48,USD,Northstar Packaging Corporation,984294502389,INV-2026-000487,ACH,OPERATING-001,Vendor payment INV-2026-000487
BNK-00000511,2026-02-27,DEBIT,5457.41,USD,Keystone Technologies Incorporated,537795287592,INV-2026-000540,CHEQUE,OPERATING-002,Vendor payment INV-2026-000540
BNK-00000570,2026-02-27,DEBIT,2628.56,USD,Evergreen Packaging Limited,589426971653,INV-2026-000598,CHEQUE,OPERATING-001,Vendor payment INV-2026-000598
BNK-00001385,2026-02-27,DEBIT,11845.09,EUR,Nova Textiles Corporation,367267673414,INV-2026-001447,WIRE,OPERATING-001,Vendor payment INV-2026-001447
BNK-00001731,2026-02-27,DEBIT,161.49,USD,Redwood Textiles Limited,797825279821,INV-2026-001807,BANK_TRANSFER,PAYABLES-001,Vendor payment INV-2026-001807
BNK-00001852,2026-02-27,DEBIT,4872.59,USD,Royal Services Incorporated,692955158244,INV-2026-001924,BANK_TRANSFER,OPERATING-002,Vendor payment INV-2026-001924
BNK-00000398,2026-02-28,DEBIT,4014.92,EUR,Pioneer Trading Incorporated,131761864164,INV-2026-000416,CHEQUE,OPERATING-001,Vendor payment INV-2026-000416
BNK-00000466,2026-02-28,DEBIT,364907.52,LKR,Vertex Supplies Corporation,715100412638,INV-2026-000490-P2,WIRE,PAYABLES-001,Part payment 2 for INV-2026-000490
BNK-00000568,2026-02-28,DEBIT,1393885.91,LKR,Pioneer Industries Incorporated,588849788066,INV-2026-000596,CHEQUE,PAYABLES-001,Vendor payment INV-2026-000596
BNK-00000931,2026-02-28,DEBIT,18054.18,GBP,Nova Systems Corporation,367862118541,INV-2026-000979,WIRE,OPERATING-002,Vendor payment INV-2026-000979
BNK-00001304,2026-02-28,DEBIT,3514.24,USD,Crescent Logistics Corporation,835428871006,INV-2026-001361,ACH,OPERATING-002,Vendor payment INV-2026-001361
BNK-00001613,2026-02-28,DEBIT,3974.27,EUR,ROYAL NETWORKS INCORPORATED,420358865351,INV-2026-001679,BANK_TRANSFER,OPERATING-001,Vendor payment INV-2026-001679
BNK-00001801,2026-02-28,DEBIT,5131.72,USD,Crescent Logistics Corporation,835428871006,INV-2026-001872,ACH,OPERATING-001,Vendor payment INV-2026-001872
BNK-00000116,2026-03-01,DEBIT,313447.38,LKR,Metro Foods Limited,271054481685,INV-2026-000126,CHEQUE,PAYABLES-001,Vendor payment INV-2026-000126
BNK-00000672,2026-03-01,DEBIT,15399.9,GBP,Crescent Industries Limited,354876605861,INV-2026-000708,BANK_TRANSFER,OPERATING-002,Vendor payment INV-2026-000708
BNK-00000853,2026-03-01,DEBIT,19227.13,EUR,Pioneer Trading Incorporated,131761864164,INV-2026-000897,CHEQUE,OPERATING-002,Vendor payment INV-2026-000897
BNK-00001216,2026-03-01,DEBIT,19648.6,GBP,Pioneer Supplies Incorporated,478166864450,INV-2026-001269,WIRE,PAYABLES-001,Vendor payment INV-2026-001269
BNK-00001305,2026-03-01,DEBIT,3514.24,USD,Crescent Logistics Corporation,835428871006,INV-2026-001361,CHEQUE,PAYABLES-001,Possible duplicate vendor payment INV-2026-001361
BNK-00001319,2026-03-01,DEBIT,1246761.64,LKR,Crescent Logistics Corporation,835428871006,INV-2026-001377,WIRE,OPERATING-001,Vendor payment INV-2026-001377
BNK-00001417,2026-03-01,DEBIT,5084.71,EUR,Silverline Services Limited,786420412894,INV-2026-001483,WIRE,OPERATING-001,Vendor payment INV-2026-001483 incl bank fee
BNK-00001732,2026-03-01,DEBIT,161.49,USD,Redwood Textiles Limited,797825279821,INV-2026-001807,BANK_TRANSFER,OPERATING-002,Possible duplicate vendor payment INV-2026-001807
BNK-00001906,2026-03-01,DEBIT,1625028.39,LKR,Harbor Logistics Limited,339669665349,INV-2026-001980,WIRE,OPERATING-002,Vendor payment INV-2026-001980
BNK-00000115,2026-03-02,DEBIT,8309.79,EUR,Jade Industries Limited,540585735564,INV-2026-000125,WIRE,PAYABLES-001,Vendor payment INV-2026-000125
BNK-00000699,2026-03-02,DEBIT,14816.19,EUR,Silverline Services Limited,786420412894,INV-2026-000744,WIRE,PAYABLES-001,Vendor payment INV-2026-000744
BNK-00001039,2026-03-02,DEBIT,5541.15,GBP,Unity Packaging Corporation,275583175291,INV-2026-001088,CHEQUE,OPERATING-002,Vendor payment INV-2026-001088
BNK-00001373,2026-03-02,DEBIT,5732.85,EUR,Silverline Technologies Incorporated,636439249785,INV-2026-001434,CHEQUE,PAYABLES-001,Vendor payment INV-2026-001434
BNK-00001516,2026-03-02,DEBIT,233.93,USD,CRESCENT SUPPLIES LIMITED,821600684492,INV-2026-001580,CHEQUE,PAYABLES-001,Vendor payment INV-2026-001580
BNK-00001630,2026-03-02,DEBIT,21193.36,EUR,Pioneer Trading Incorporated,131761864164,INV-2026-001701,WIRE,OPERATING-001,Vendor payment INV-2026-001701
BNK-00001739,2026-03-02,DEBIT,7922.38,USD,Royal Services Incorporated,692955158244,INV-2026-001815-P1,CHEQUE,OPERATING-001,Part payment 1 for INV-2026-001815
BNK-00001860,2026-03-02,DEBIT,9819.02,USD,Pioneer Industries Incorporated,588849788066,INV-2026-001933,BANK_TRANSFER,PAYABLES-001,Vendor payment INV-2026-001933
BNK-00001958,2026-03-02,DEBIT,719387.35,LKR,Office Rent Holdings,902988014289,MISC-001958,WIRE,OPERATING-001,Operating expense
BNK-00002083,2026-03-02,DEBIT,170906.13,LKR,National Telecom,807072607246,MISC-002083,CARD,PAYABLES-001,Bank charge
BNK-00000147,2026-03-03,DEBIT,14656.68,USD,Seacrest Holdings Limited,693021588007,INV-2026-000154,ACH,OPERATING-001,Vendor payment INV-2026-000154
BNK-00000242,2026-03-03,DEBIT,6952.42,USD,Nova Engineering Corporation,781595872312,INV-2026-000256,CHEQUE,OPERATING-001,Vendor payment INV-2026-000256
BNK-00000514,2026-03-03,DEBIT,3458.06,EUR,Harbor Technologies Limited,664313517211,INV-2026-000543,BANK_TRANSFER,OPERATING-002,Vendor payment INV-2026-000543
BNK-00000753,2026-03-03,DEBIT,21342.29,USD,Titan Foods Incorporated,275661855915,INV-2026-000798,BANK_TRANSFER,PAYABLES-001,Vendor payment INV-2026-000798
BNK-00000935,2026-03-03,DEBIT,11293.64,USD,Jade Pharma Inc,991524726409,INV-2026-000984,BANK_TRANSFER,OPERATING-002,Vendor payment INV-2026-000984
BNK-00001001,2026-03-03,DEBIT,17964.33,GBP,Keystone Technologies Incorporated,537795287592,INV-2026-001051,ACH,PAYABLES-001,Vendor payment INV-2026-001051
BNK-00001085,2026-03-03,DEBIT,17637.4,USD,SEACREST HOLDINGS LIMITED,693021588007,INV-2026-001136,CHEQUE,PAYABLES-001,Vendor payment INV-2026-001136
BNK-00001200,2026-03-03,DEBIT,2220.8,EUR,Global Engineering Limited,159172251058,INV-2026-001252,WIRE,OPERATING-002,Vendor payment INV-2026-001252
BNK-00001201,2026-03-03,DEBIT,2220.8,EUR,Global Engineering Limited,159172251058,INV-2026-001252,ACH,PAYABLES-001,Possible duplicate vendor payment INV-2026-001252
BNK-00001572,2026-03-03,DEBIT,3640.89,USD,Delta Pharma Limited,449993794346,INV-2026-001640,BANK_TRANSFER,OPERATING-001,Vendor payment INV-2026-001640
BNK-00001685,2026-03-03,DEBIT,1607567.08,LKR,Unity Foods Limited,192330135002,INV-2026-001755,ACH,OPERATING-001,Vendor payment INV-2026-001755
BNK-00002026,2026-03-03,DEBIT,4342.79,EUR,City Power Utility,201357164990,MISC-002026,DIRECT_DEBIT,PAYABLES-001,Utility payment
BNK-00000053,2026-03-04,DEBIT,20047.13,EUR,Crescent Supplies Limited,821600684492,INV-2026-000058,WIRE,OPERATING-001,Vendor payment INV-2026-000058
BNK-00000064,2026-03-04,DEBIT,710.11,USD,Zenith Trading Incorporated,999134125065,INV-2026-000069,BANK_TRANSFER,OPERATING-001,Vendor payment INV-2026-000069
BNK-00000697,2026-03-04,DEBIT,4277.46,USD,Silverline Services Limited,786420412894,INV-2026-000742,WIRE,PAYABLES-001,Vendor payment INV-2026-000742
BNK-00000965,2026-03-04,DEBIT,6542.07,USD,Vertex Textiles Corporation,415235296085,INV-2026-001016,BANK_TRANSFER,OPERATING-002,Vendor payment INV-2026-001016
BNK-00001306,2026-03-04,DEBIT,9803.14,USD,Orbit Pharma Corporation,243661253546,INV-2026-001363,WIRE,PAYABLES-001,Vendor payment INV-2026-001363
BNK-00001326,2026-03-04,DEBIT,821955.39,LKR,Nova Solutions Corporation,307437974878,INV-2026-001384,WIRE,OPERATING-002,Vendor payment INV-2026-001384
BNK-00001386,2026-03-04,DEBIT,12818.89,USD,Zenith Packaging Limited,521010568149,INV-2026-001449,ACH,PAYABLES-001,Vendor payment INV-2026-001449
BNK-00001619,2026-03-04,DEBIT,5833.14,USD,Keystone Tech Incorporated,537795287592,INV-2026-001687,CHEQUE,OPERATING-002,Vendor payment INV-2026-001687
BNK-00001708,2026-03-04,DEBIT,12845.91,USD,Metro Consulting Corporation,455945973170,INV-2026-001779,ACH,PAYABLES-001,Vendor payment INV-2026-001779
BNK-00001903,2026-03-04,DEBIT,4462.86,GBP,Keystone Technologies Incorporated,537795287592,INV-2026-001977,WIRE,PAYABLES-001,Vendor payment INV-2026-001977
BNK-00002059,2026-03-04,DEBIT,5386.99,EUR,Bank Service Charges,598714859452,MISC-002059,BANK_TRANSFER,PAYABLES-001,Payroll related
BNK-00000089,2026-03-05,DEBIT,14844.14,GBP,Silverline Technologies Incorporated,636439249785,INV-2026-000096,CHEQUE,OPERATING-001,Vendor payment INV-2026-000096
BNK-00000182,2026-03-05,DEBIT,12338.75,USD,SUMMIT TEXTILES INCORPORATED,595553303426,INV-2026-000194,ACH,OPERATING-001,Vendor payment INV-2026-000194
BNK-00000191,2026-03-05,DEBIT,17833.67,USD,Unity Packaging Corporation,275583175291,INV-2026-000205,WIRE,PAYABLES-001,Vendor payment INV-2026-000205
BNK-00000322,2026-03-05,DEBIT,183.78,GBP,Insight Services Ltd,112978452832,INV-2026-000337,WIRE,PAYABLES-001,Vendor payment INV-2026-000337
BNK-00000535,2026-03-05,DEBIT,11427.58,USD,Titan Foods Incorporated,275661855915,INV-2026-000566,CHEQUE,OPERATING-001,Vendor payment INV-2026-000566
BNK-00000596,2026-03-05,DEBIT,931.33,GBP,Unity Foods Corporation,521330443041,INV-2026-000623,ACH,OPERATING-001,Vendor payment INV-2026-000623
BNK-00000767,2026-03-05,DEBIT,14266.81,USD,Metro Consulting Limited,223880907939,INV-2026-000812,WIRE,PAYABLES-001,Vendor payment INV-2026-000812
BNK-00001052,2026-03-05,DEBIT,19121.36,USD,Nova Packaging Corporation,712652693184,INV-2026-001101,BANK_TRANSFER,OPERATING-001,Vendor payment INV-2026-001101
BNK-00001068,2026-03-05,DEBIT,190101.2,LKR,Crescent Industries Limited,354876605861,INV-2026-001116,ACH,OPERATING-001,Vendor payment INV-2026-001116
BNK-00001368,2026-03-05,DEBIT,2360.12,EUR,Keystone Logistics Limited,373263685325,INV-2026-001430,WIRE,OPERATING-001,Vendor payment INV-2026-001430
BNK-00001369,2026-03-05,DEBIT,2360.12,EUR,Keystone Logistics Limited,373263685325,INV-2026-001430,CHEQUE,OPERATING-002,Possible duplicate vendor payment INV-2026-001430
BNK-00001407,2026-03-05,DEBIT,5835.65,EUR,Seacrest Solutions Limited,245495438119,INV-2026-001473,WIRE,OPERATING-002,Vendor payment INV-2026-001473
BNK-00001666,2026-03-05,DEBIT,10481.86,USD,Pioneer Trading Incorporated,131761864164,INV-2026-001739-P1,CHEQUE,OPERATING-001,Part payment 1 for INV-2026-001739
BNK-00001697,2026-03-05,DEBIT,17628.6,GBP,Metro Engineering Limited,920438032193,INV-2026-001768,WIRE,OPERATING-001,Vendor payment INV-2026-001768
BNK-00001740,2026-03-05,DEBIT,12042.35,USD,Royal Services Incorporated,692955158244,INV-2026-001815-P2,CHEQUE,OPERATING-002,Part payment 2 for INV-2026-001815
BNK-00001752,2026-03-05,DEBIT,1935464.18,LKR,Nova Textiles Corp,367267673414,INV-2026-001826,ACH,OPERATING-001,Vendor payment INV-2026-001826
BNK-00001757,2026-03-05,DEBIT,12169.23,USD,Seacrest Holdings Limited,693021588007,INV-2026-001831,BANK_TRANSFER,OPERATING-001,Vendor payment INV-2026-001831
BNK-00001796,2026-03-05,DEBIT,1780649.96,LKR,Zenith Packaging Limited,521010568149,INV-2026-001866,CHEQUE,PAYABLES-001,Vendor payment INV-2026-001866
BNK-00001815,2026-03-05,DEBIT,1471.97,USD,Vertex Consulting Incorporated,829094805956,INV-2026-001886,CHEQUE,OPERATING-002,Vendor payment INV-2026-001886
BNK-00002015,2026-03-05,DEBIT,7065.8,EUR,Employee Reimbursements,213489711624,MISC-002015,ACH,PAYABLES-001,Rent payment
BNK-00000138,2026-03-06,DEBIT,7479.68,USD,Royal Networks Incorporated,420358865351,INV-2026-000147-P1,BANK_TRANSFER,OPERATING-001,Part payment 1 for INV-2026-000147
BNK-00000432,2026-03-06,DEBIT,15352.9,USD,BrightPath Logistics Corporation,755696355114,INV-2026-000451,BANK_TRANSFER,OPERATING-002,Vendor payment INV-2026-000451
BNK-00000488,2026-03-06,DEBIT,6054.84,GBP,Harbor Services Incorporated,624015215345,INV-2026-000516,BANK_TRANSFER,OPERATING-002,Vendor payment INV-2026-000516 incl bank fee
BNK-00000641,2026-03-06,DEBIT,4085.8,GBP,Crescent Logistics Corporation,835428871006,INV-2026-000670,CHEQUE,OPERATING-001,Vendor payment INV-2026-000670
BNK-00000732,2026-03-06,DEBIT,18646.01,USD,CRESCENT INDUSTRIES LIMITED,354876605861,INV-2026-000777,BANK_TRANSFER,PAYABLES-001,Vendor payment INV-2026-000777
BNK-00000987,2026-03-06,DEBIT,1562419.63,LKR,Pioneer Industries Incorporated,588849788066,INV-2026-001036,BANK_TRANSFER,PAYABLES-001,Vendor payment INV-2026-001036
BNK-00001203,2026-03-06,DEBIT,12836.6,GBP,Redwood Textiles Limited,797825279821,INV-2026-001254,WIRE,OPERATING-001,Vendor payment INV-2026-001254
BNK-00001289,2026-03-06,DEBIT,8034.02,GBP,Royal Holdings Limited,763541807547,INV-2026-001345,ACH,OPERATING-002,Vendor payment INV-2026-001345
BNK-00001667,2026-03-06,DEBIT,8689.92,USD,Pioneer Trading Incorporated,131761864164,INV-2026-001739-P2,ACH,OPERATING-001,Part payment 2 for INV-2026-001739
BNK-00001706,2026-03-06,DEBIT,542630.05,LKR,Global Solutions Limited,524365842188,INV-2026-001778-P1,CHEQUE,OPERATING-001,Part payment 1 for INV-2026-001778
BNK-00000161,2026-03-07,DEBIT,1056709.17,LKR,Nova Logistics Limited,988348638973,INV-2026-000169,CHEQUE,OPERATING-001,Vendor payment INV-2026-000169
BNK-00000378,2026-03-07,DEBIT,9987.53,EUR,Insight Services Limited,112978452832,INV-2026-000396,ACH,OPERATING-002,Vendor payment INV-2026-000396
BNK-00000384,2026-03-07,DEBIT,13959.86,USD,Harbor Industries Limited,656253304185,INV-2026-000402,WIRE,OPERATING-001,Vendor payment INV-2026-000402
BNK-00000555,2026-03-07,DEBIT,16809.71,USD,Keystone Technologies Incorporated,537795287592,INV-2026-000585,BANK_TRANSFER,OPERATING-002,Vendor payment INV-2026-000585
BNK-00000643,2026-03-07,DEBIT,6733.18,USD,Unity Packaging Corporation,275583175291,INV-2026-000672,BANK_TRANSFER,PAYABLES-001,Vendor payment INV-2026-000672
BNK-00000781,2026-03-07,DEBIT,4503.84,USD,Titan Foods Inc,275661855915,INV-2026-000827,WIRE,OPERATING-002,Vendor payment INV-2026-000827
BNK-00000926,2026-03-07,DEBIT,17282.88,USD,Harbor Technologies Limited,664313517211,INV-2026-000974,BANK_TRANSFER,OPERATING-001,Vendor payment INV-2026-000974
BNK-00001204,2026-03-07,DEBIT,12836.6,GBP,Redwood Textiles Limited,797825279821,INV-2026-001254,BANK_TRANSFER,OPERATING-001,Possible duplicate vendor payment INV-2026-001254
BNK-00001279,2026-03-07,DEBIT,16670.19,USD,Keystone Technologies Inc,537795287592,INV-2026-001333,ACH,PAYABLES-001,Vendor payment INV-2026-001333
BNK-00001461,2026-03-07,DEBIT,2700.58,EUR,Vertex Consulting Incorporated,829094805956,INV-2026-001523,BANK_TRANSFER,PAYABLES-001,Vendor payment INV-2026-001523
BNK-00001594,2026-03-07,DEBIT,19412.16,EUR,Pioneer Supplies Limited,848137395082,INV-2026-001663,ACH,OPERATING-001,Vendor payment INV-2026-001663
BNK-00001776,2026-03-07,DEBIT,4340.73,EUR,Metro Foods Limited,271054481685,INV-2026-001850,WIRE,PAYABLES-001,Vendor payment INV-2026-001850
BNK-00002022,2026-03-07,DEBIT,257647.84,LKR,Government Tax Authority,107889853145,MISC-002022,CARD,PAYABLES-001,Payroll related
BNK-00000230,2026-03-08,DEBIT,14291.97,USD,Pioneer Packaging Limited,786086128752,INV-2026-000246,CHEQUE,PAYABLES-001,Vendor payment INV-2026-000246
BNK-00000380,2026-03-08,DEBIT,5092.7,GBP,Silverline Systems Incorporated,812865433579,INV-2026-000398,BANK_TRANSFER,OPERATING-002,Vendor payment INV-2026-000398
BNK-00000500,2026-03-08,DEBIT,14698.64,USD,Unity Foods Limited,192330135002,INV-2026-000528,BANK_TRANSFER,OPERATING-001,Vendor payment INV-2026-000528
BNK-00000559,2026-03-08,DEBIT,11622.14,USD,Metro Holdings Incorporated,337635667755,INV-2026-000588,CHEQUE,PAYABLES-001,Vendor payment INV-2026-000588
BNK-00000661,2026-03-08,DEBIT,22469.41,EUR,Pioneer Supplies Incorporated,478166864450,INV-2026-000695,WIRE,PAYABLES-001,Vendor payment INV-2026-000695
BNK-00000750,2026-03-08,DEBIT,13472.84,USD,Zenith Consulting Incorporated,300057279938,INV-2026-000795,BANK_TRANSFER,PAYABLES-001,Vendor payment INV-2026-000795
BNK-00000946,2026-03-08,DEBIT,2235.8,USD,Redwood Logistics Incorporated,162027005011,INV-2026-000997,BANK_TRANSFER,PAYABLES-001,Vendor payment INV-2026-000997
BNK-00000980,2026-03-08,DEBIT,8025.06,EUR,Royal Services Incorporated,692955158244,INV-2026-001031,WIRE,PAYABLES-001,Vendor payment INV-2026-001031
BNK-00001016,2026-03-08,DEBIT,3211.17,GBP,Metro Consulting Limited,223880907939,INV-2026-001066,CHEQUE,OPERATING-002,Vendor payment INV-2026-001066
BNK-00001017,2026-03-08,DEBIT,3211.17,GBP,Metro Consulting Limited,223880907939,INV-2026-001066,BANK_TRANSFER,PAYABLES-001,Possible duplicate vendor payment INV-2026-001066
BNK-00001066,2026-03-08,DEBIT,10815.74,USD,Titan Foods Incorporated,275661855915,INV-2026-001114,BANK_TRANSFER,OPERATING-001,Vendor payment INV-2026-001114
BNK-00001318,2026-03-08,DEBIT,3641.29,EUR,Metro Engineering Limited,920438032193,INV-2026-001376,BANK_TRANSFER,PAYABLES-001,Vendor payment INV-2026-001376
BNK-00001376,2026-03-08,DEBIT,10989.73,USD,Royal Holdings Limited,763541807547,INV-2026-001437,ACH,PAYABLES-001,Vendor payment INV-2026-001437
BNK-00001450,2026-03-08,DEBIT,1312703.63,LKR,Summit Textiles Inc,595553303426,INV-2026-001513,BANK_TRANSFER,PAYABLES-001,Vendor payment INV-2026-001513
BNK-00001470,2026-03-08,DEBIT,10484.54,USD,Insight Services Limited,112978452832,INV-2026-001532,ACH,OPERATING-002,Vendor payment INV-2026-001532
BNK-00001499,2026-03-08,DEBIT,18455.87,USD,Keystone Logistics Limited,373263685325,INV-2026-001564,WIRE,PAYABLES-001,Vendor payment INV-2026-001564
BNK-00001566,2026-03-08,DEBIT,21337.48,GBP,CRESCENT SUPPLIES LIMITED,821600684492,INV-2026-001630,ACH,OPERATING-002,Vendor payment INV-2026-001630
BNK-00001896,2026-03-08,DEBIT,4193.75,USD,Royal Supplies Incorporated,844119833085,INV-2026-001970,ACH,OPERATING-002,Vendor payment INV-2026-001970
BNK-00002002,2026-03-08,DEBIT,7814.86,EUR,Employee Reimbursements,535105602536,MISC-002002,WIRE,OPERATING-002,Bank charge
BNK-00000286,2026-03-09,DEBIT,10274.34,USD,NOVA TEXTILES CORPORATION,367267673414,INV-2026-000302,ACH,OPERATING-001,Vendor payment INV-2026-000302
BNK-00000382,2026-03-09,DEBIT,7950.41,USD,Zenith Consulting Limited,320972207209,INV-2026-000400,ACH,OPERATING-001,Vendor payment INV-2026-000400
BNK-00000387,2026-03-09,DEBIT,1762515.29,LKR,Metro Foods Limited,271054481685,INV-2026-000405,WIRE,OPERATING-002,Vendor payment INV-2026-000405
BNK-00000600,2026-03-09,DEBIT,10339.53,EUR,Titan Consulting Limited,210036267868,INV-2026-000627,WIRE,OPERATING-002,Vendor payment INV-2026-000627
BNK-00000884,2026-03-09,DEBIT,183.93,USD,Royal Services Incorporated,692955158244,INV-2026-000929-P1,ACH,OPERATING-002,Part payment 1 for INV-2026-000929
BNK-00001067,2026-03-09,DEBIT,7632.16,USD,Royal Networks Incorporated,420358865351,INV-2026-001115,CHEQUE,OPERATING-001,Vendor payment INV-2026-001115
BNK-00001328,2026-03-09,DEBIT,6290.57,EUR,Harbor Supplies Limited,780648306067,INV-2026-001386,WIRE,OPERATING-002,Vendor payment INV-2026-001386
BNK-00001513,2026-03-09,DEBIT,2187.82,USD,Silverline Services Limited,786420412894,INV-2026-001577,CHEQUE,OPERATING-001,Vendor payment INV-2026-001577
BNK-00001705,2026-03-09,DEBIT,19700.32,EUR,Jade Pharma Incorporated,991524726409,INV-2026-001777,ACH,OPERATING-001,Vendor payment INV-2026-001777
BNK-00001745,2026-03-09,DEBIT,1697579.85,LKR,Nova Packaging Corporation,712652693184,INV-2026-001820,ACH,OPERATING-002,Vendor payment INV-2026-001820
BNK-00000044,2026-03-10,DEBIT,20154.03,USD,Zenith Packaging Limited,521010568149,INV-2026-000047,CHEQUE,OPERATING-002,Vendor payment INV-2026-000047
BNK-00000139,2026-03-10,DEBIT,12304.63,USD,Royal Networks Incorporated,420358865351,INV-2026-000147-P2,BANK_TRANSFER,OPERATING-002,Part payment 2 for INV-2026-000147
BNK-00000335,2026-03-10,DEBIT,1651116.82,LKR,Zenith Consulting Incorporated,300057279938,INV-2026-000353,ACH,OPERATING-001,Vendor payment INV-2026-000353
BNK-00000560,2026-03-10,DEBIT,11622.14,USD,Metro Holdings Incorporated,337635667755,INV-2026-000588,BANK_TRANSFER,OPERATING-001,Possible duplicate vendor payment INV-2026-000588
BNK-00000650,2026-03-10,DEBIT,9845.94,USD,Lanka Foods Limited,482503603584,INV-2026-000682,BANK_TRANSFER,OPERATING-002,Vendor payment INV-2026-000682
BNK-00000690,2026-03-10,DEBIT,11906.0,USD,Unity Packaging Corporation,275583175291,INV-2026-000733,CHEQUE,PAYABLES-001,Vendor payment INV-2026-000733
BNK-00000745,2026-03-10,DEBIT,500676.8,LKR,Pioneer Supplies Incorporated,478166864450,INV-2026-000790-P1,WIRE,OPERATING-002,Part payment 1 for INV-2026-000790
BNK-00000846,2026-03-10,DEBIT,18818.21,GBP,Crescent Supplies Limited,821600684492,INV-2026-000891,BANK_TRANSFER,PAYABLES-001,Vendor payment INV-2026-000891
BNK-00000861,2026-03-10,DEBIT,12077.43,GBP,Nova Packaging Corporation,712652693184,INV-2026-000906,ACH,OPERATING-001,Vendor payment INV-2026-000906
BNK-00001707,2026-03-10,DEBIT,783301.05,LKR,Global Solutions Limited,524365842188,INV-2026-001778-P2,WIRE,OPERATING-002,Part payment 2 for INV-2026-001778
BNK-00001832,2026-03-10,DEBIT,1762233.09,LKR,Silverline Systems Incorporated,812865433579,INV-2026-001903,WIRE,OPERATING-001,Vendor payment INV-2026-001903
BNK-00001915,2026-03-10,DEBIT,12755.56,EUR,Global Solutions Limited,524365842188,INV-2026-001994,CHEQUE,OPERATING-001,Vendor payment INV-2026-001994 incl bank fee
BNK-00000598,2026-03-11,DEBIT,628982.22,LKR,Summit Textiles Incorporated,595553303426,INV-2026-000625,ACH,OPERATING-002,Vendor payment INV-2026-000625
BNK-00000604,2026-03-11,DEBIT,16198.36,USD,Zenith Packaging Limited,521010568149,INV-2026-000632,ACH,PAYABLES-001,Vendor payment INV-2026-000632
BNK-00000605,2026-03-11,DEBIT,7817.31,USD,Delta Solutions Incorporated,482855037930,INV-2026-000634,BANK_TRANSFER,OPERATING-002,Vendor payment INV-2026-000634
BNK-00000684,2026-03-11,DEBIT,2639.86,USD,Metro Consulting Corporation,455945973170,INV-2026-000726,WIRE,OPERATING-001,Vendor payment INV-2026-000726
BNK-00000828,2026-03-11,DEBIT,12627.93,EUR,Seacrest Holdings Limited,693021588007,INV-2026-000874,BANK_TRANSFER,PAYABLES-001,Vendor payment INV-2026-000874
BNK-00001187,2026-03-11,DEBIT,844.54,USD,Royal Holdings Limited,763541807547,INV-2026-001236,ACH,OPERATING-001,Vendor payment INV-2026-001236
BNK-00001479,2026-03-11,DEBIT,3187.17,USD,Vertex Packaging Limited,878442396279,INV-2026-001541,ACH,OPERATING-002,Vendor payment INV-2026-001541
BNK-00001547,2026-03-11,DEBIT,1144735.69,LKR,Crescent Logistics Corporation,835428871006,INV-2026-001612,BANK_TRANSFER,PAYABLES-001,Vendor payment INV-2026-001612
BNK-00001647,2026-03-11,DEBIT,10929.45,USD,Fusion Consulting Incorporated,159574598144,INV-2026-001720,BANK_TRANSFER,OPERATING-002,Vendor payment INV-2026-001720
BNK-00001995,2026-03-11,DEBIT,535228.67,LKR,Employee Reimbursements,854609821468,MISC-001995,WIRE,OPERATING-002,Utility payment
BNK-00002025,2026-03-11,CREDIT,5485.06,EUR,Insurance Provider,499428522127,MISC-002025,DIRECT_DEBIT,PAYABLES-001,Utility payment
BNK-00000004,2026-03-12,DEBIT,7734.74,USD,Nova Engineering Corporation,781595872312,INV-2026-000004,WIRE,PAYABLES-001,Vendor payment INV-2026-000004
BNK-00000055,2026-03-12,DEBIT,21334.88,USD,Vertex Supplies Corporation,715100412638,INV-2026-000060,ACH,PAYABLES-001,Vendor payment INV-2026-000060
BNK-00000120,2026-03-12,DEBIT,163.19,USD,Pioneer Supplies Incorporated,478166864450,INV-2026-000130,CHEQUE,PAYABLES-001,Vendor payment INV-2026-000130
BNK-00000366,2026-03-12,DEBIT,14650.5,USD,Unity Trading Limited,386886767570,INV-2026-000385,ACH,OPERATING-002,Vendor payment INV-2026-000385 incl bank fee
BNK-00000572,2026-03-12,DEBIT,366507.48,LKR,Royal Holdings Limited,763541807547,INV-2026-000600,WIRE,OPERATING-002,Vendor payment INV-2026-000600
BNK-00000620,2026-03-12,DEBIT,1335880.51,LKR,Jade Industries Limited,540585735564,INV-2026-000647,BANK_TRANSFER,PAYABLES-001,Vendor payment INV-2026-000647
BNK-00000746,2026-03-12,DEBIT,455007.48,LKR,Pioneer Supplies Incorporated,478166864450,INV-2026-000790-P2,ACH,OPERATING-001,Part payment 2 for INV-2026-000790
BNK-00000964,2026-03-12,DEBIT,3752.66,GBP,UNITY FOODS LIMITED,192330135002,INV-2026-001015,WIRE,OPERATING-002,Vendor payment INV-2026-001015
BNK-00000973,2026-03-12,DEBIT,14259.93,USD,Royal Holdings Limited,763541807547,INV-2026-001024,WIRE,OPERATING-001,Vendor payment INV-2026-001024
BNK-00001070,2026-03-12,DEBIT,11799.33,USD,Vertex Packaging Incorporated,873883374114,INV-2026-001118,ACH,OPERATING-002,Vendor payment INV-2026-001118
BNK-00001315,2026-03-12,DEBIT,9361.84,EUR,Lanka Foods Limited,482503603584,INV-2026-001373,ACH,OPERATING-002,Vendor payment INV-2026-001373
BNK-00001539,2026-03-12,DEBIT,16962.51,EUR,Nova Systems Corporation,367862118541,INV-2026-001603,BANK_TRANSFER,PAYABLES-001,Vendor payment INV-2026-001603 incl bank fee
BNK-00001629,2026-03-12,DEBIT,13599.02,USD,Global Solns Limited,524365842188,INV-2026-001700,BANK_TRANSFER,OPERATING-001,Vendor payment INV-2026-001700
BNK-00001820,2026-03-12,DEBIT,4122.72,USD,Northstar Packaging Corporation,984294502389,INV-2026-001892-P1,ACH,PAYABLES-001,Part payment 1 for INV-2026-001892
BNK-00001925,2026-03-12,CREDIT,3828.95,USD,Insurance Provider,572800219285,MISC-001925,WIRE,OPERATING-001,Operating expense
BNK-00000015,2026-03-13,DEBIT,12554.19,USD,Titan Consulting Limited,210036267868,INV-2026-000014,BANK_TRANSFER,PAYABLES-001,Vendor payment INV-2026-000014
BNK-00000243,2026-03-13,DEBIT,15089.39,GBP,Silverline Services Limited,786420412894,INV-2026-000257,BANK_TRANSFER,OPERATING-001,Vendor payment INV-2026-000257
BNK-00000259,2026-03-13,DEBIT,17605.76,EUR,Redwood Logistics Incorporated,162027005011,INV-2026-000278,BANK_TRANSFER,PAYABLES-001,Vendor payment INV-2026-000278
BNK-00000362,2026-03-13,DEBIT,1438445.2,LKR,Seacrest Solutions Limited,245495438119,INV-2026-000382,ACH,OPERATING-002,Vendor payment INV-2026-000382
BNK-00000393,2026-03-13,DEBIT,957.19,USD,Harbor Services Incorporated,624015215345,INV-2026-000411,WIRE,OPERATING-001,Vendor payment INV-2026-000411
BNK-00000885,2026-03-13,DEBIT,245.94,USD,Royal Services Incorporated,692955158244,INV-2026-000929-P2,WIRE,OPERATING-002,Part payment 2 for INV-2026-000929
BNK-00000940,2026-03-13,DEBIT,10401.02,EUR,Silverline Logistics Limited,381959955088,INV-2026-000990,BANK_TRANSFER,OPERATING-001,Vendor payment INV-2026-000990
BNK-00001030,2026-03-13,DEBIT,10235.69,USD,Unity Trading Limited,386886767570,INV-2026-001080,ACH,PAYABLES-001,Vendor payment INV-2026-001080
BNK-00001098,2026-03-13,DEBIT,12253.19,EUR,Harbor Industries Limited,656253304185,INV-2026-001148,CHEQUE,OPERATING-001,Vendor payment INV-2026-001148
BNK-00001111,2026-03-13,DEBIT,20503.97,USD,Silverline Services Ltd,786420412894,INV-2026-001162,CHEQUE,OPERATING-002,Vendor payment INV-2026-001162
BNK-00001332,2026-03-13,DEBIT,1705612.65,LKR,Global Trading Limited,791827976491,INV-2026-001390,BANK_TRANSFER,OPERATING-001,Vendor payment INV-2026-001390
BNK-00001519,2026-03-13,DEBIT,18588.63,USD,Keystone Packaging Limited,137044812889,INV-2026-001583,BANK_TRANSFER,PAYABLES-001,Vendor payment INV-2026-001583
BNK-00001576,2026-03-13,DEBIT,1882.84,GBP,Orbit Pharma Corporation,243661253546,INV-2026-001644,CHEQUE,OPERATING-002,Vendor payment INV-2026-001644
BNK-00001720,2026-03-13,DEBIT,6141.86,USD,Nova Systems Corporation,367862118541,INV-2026-001794,CHEQUE,OPERATING-001,Vendor payment INV-2026-001794
BNK-00001957,2026-03-13,CREDIT,6594.73,USD,National Telecom,637735794324,MISC-001957,WIRE,PAYABLES-001,Payroll related
BNK-00002010,2026-03-13,DEBIT,6625.72,USD,Bank Service Charges,773882806638,MISC-002010,WIRE,PAYABLES-001,Bank charge
BNK-00000095,2026-03-14,DEBIT,3031.31,USD,Metro Engineering Limited,920438032193,INV-2026-000104,WIRE,OPERATING-002,Vendor payment INV-2026-000104
BNK-00000777,2026-03-14,DEBIT,6347.8,USD,Silverline Technologies Incorporated,636439249785,INV-2026-000822,WIRE,PAYABLES-001,Vendor payment INV-2026-000822
BNK-00000809,2026-03-14,DEBIT,4256.24,GBP,Harbor Services Incorporated,624015215345,INV-2026-000855,ACH,OPERATING-002,Vendor payment INV-2026-000855
BNK-00000925,2026-03-14,DEBIT,12756.06,GBP,Pioneer Supplies Incorporated,478166864450,INV-2026-000973,CHEQUE,OPERATING-001,Vendor payment INV-2026-000973
BNK-00000930,2026-03-14,DEBIT,60680.6,LKR,Unity Packaging Corporation,275583175291,INV-2026-000978,ACH,OPERATING-002,Vendor payment INV-2026-000978
BNK-00000932,2026-03-14,DEBIT,11772.31,GBP,Metro Consulting Corporation,455945973170,INV-2026-000980,CHEQUE,OPERATING-002,Vendor payment INV-2026-000980
BNK-00001164,2026-03-14,DEBIT,18115.47,USD,Vertex Packaging Incorporated,873883374114,INV-2026-001215,WIRE,PAYABLES-001,Vendor payment INV-2026-001215
BNK-00001477,2026-03-14,DEBIT,18587.24,USD,VERTEX PACKAGING INCORPORATED,873883374114,INV-2026-001539,BANK_TRANSFER,PAYABLES-001,Vendor payment INV-2026-001539
BNK-00001632,2026-03-14,DEBIT,1962707.2,LKR,Harbor Industries Limited,656253304185,INV-2026-001703,ACH,OPERATING-001,Vendor payment INV-2026-001703
BNK-00001821,2026-03-14,DEBIT,4883.67,USD,Northstar Packaging Corporation,984294502389,INV-2026-001892-P2,CHEQUE,OPERATING-002,Part payment 2 for INV-2026-001892
BNK-00001856,2026-03-14,DEBIT,7448.78,USD,DELTA SOLUTIONS INCORPORATED,482855037930,INV-2026-001927,CHEQUE,OPERATING-001,Vendor payment INV-2026-001927
BNK-00000494,2026-03-15,DEBIT,121.84,USD,Metro Consulting Limited,223880907939,INV-2026-000523,CHEQUE,OPERATING-001,Vendor payment INV-2026-000523
BNK-00000665,2026-03-15,DEBIT,14786.43,USD,Evergreen Packaging Limited,589426971653,INV-2026-000701,WIRE,OPERATING-001,Vendor payment INV-2026-000701
BNK-00000673,2026-03-15,DEBIT,5636.57,USD,Nova Packaging Corporation,712652693184,INV-2026-000709,WIRE,OPERATING-002,Vendor payment INV-2026-000709
BNK-00000818,2026-03-15,DEBIT,16414.92,USD,Delta Solutions Corporation,641938372964,INV-2026-000865,WIRE,PAYABLES-001,Vendor payment INV-2026-000865 incl bank fee
BNK-00000976,2026-03-15,DEBIT,15354.22,USD,DELTA SOLUTIONS INCORPORATED,482855037930,INV-2026-001027,WIRE,OPERATING-001,Vendor payment INV-2026-001027
BNK-00001177,2026-03-15,DEBIT,1500.76,GBP,Pioneer Supplies Incorporated,478166864450,INV-2026-001229,CHEQUE,PAYABLES-001,Vendor payment INV-2026-001229
BNK-00001193,2026-03-15,DEBIT,18666.74,USD,Insight Services Limited,112978452832,INV-2026-001244,ACH,PAYABLES-001,Vendor payment INV-2026-001244
BNK-00001458,2026-03-15,DEBIT,19765.25,USD,Nova Solutions Corporation,307437974878,INV-2026-001520,ACH,OPERATING-001,Vendor payment INV-2026-001520
BNK-00001923,2026-03-15,DEBIT,512255.61,LKR,Bank Service Charges,182457785455,MISC-001923,ACH,OPERATING-001,Customer receipt
BNK-00000317,2026-03-16,DEBIT,10402.21,EUR,Northstar Packaging Corporation,984294502389,INV-2026-000332,BANK_TRANSFER,OPERATING-002,Vendor payment INV-2026-000332 incl bank fee
BNK-00000331,2026-03-16,DEBIT,9549.58,USD,Pioneer Solutions Incorporated,977752159666,INV-2026-000348,WIRE,OPERATING-001,Vendor payment INV-2026-000348 incl bank fee
BNK-00000339,2026-03-16,DEBIT,3526.14,USD,Jade Industries Limited,540585735564,INV-2026-000357,ACH,OPERATING-001,Vendor payment INV-2026-000357
BNK-00000452,2026-03-16,DEBIT,15077.38,EUR,Pioneer Packaging Limited,786086128752,INV-2026-000476,ACH,PAYABLES-001,Vendor payment INV-2026-000476
BNK-00000938,2026-03-16,DEBIT,14213.52,USD,Crescent Logistics Corporation,835428871006,INV-2026-000988,ACH,OPERATING-001,Vendor payment INV-2026-000988
BNK-00001178,2026-03-16,DEBIT,1500.76,GBP,Pioneer Supplies Incorporated,478166864450,INV-2026-001229,ACH,OPERATING-001,Possible duplicate vendor payment INV-2026-001229
BNK-00001224,2026-03-16,DEBIT,6698.69,EUR,Orbit Pharma Corporation,243661253546,INV-2026-001277,BANK_TRANSFER,OPERATING-001,Vendor payment INV-2026-001277
BNK-00001426,2026-03-16,DEBIT,11394.19,GBP,Keystone Logistics Ltd,373263685325,INV-2026-001490,BANK_TRANSFER,PAYABLES-001,Vendor payment INV-2026-001490
BNK-00001586,2026-03-16,DEBIT,16545.07,GBP,Harbor Logistics Limited,339669665349,INV-2026-001655,BANK_TRANSFER,OPERATING-001,Vendor payment INV-2026-001655
BNK-00001829,2026-03-16,DEBIT,2113652.87,LKR,Vertex Packaging Incorporated,873883374114,INV-2026-001900,ACH,OPERATING-001,Vendor payment INV-2026-001900
BNK-00001955,2026-03-16,DEBIT,334.39,USD,Government Tax Authority,127905369947,MISC-001955,CARD,PAYABLES-001,Operating expense
BNK-00002014,2026-03-16,DEBIT,5992.93,USD,Employee Reimbursements,214193639541,MISC-002014,ACH,PAYABLES-001,Bank charge
BNK-00000283,2026-03-17,DEBIT,13201.48,EUR,Silverline Technologies Incorporated,636439249785,INV-2026-000299,ACH,PAYABLES-001,Vendor payment INV-2026-000299
BNK-00000341,2026-03-17,DEBIT,3426.76,USD,Nova Logistics Limited,988348638973,INV-2026-000359,BANK_TRANSFER,OPERATING-002,Vendor payment INV-2026-000359
BNK-00000399,2026-03-17,DEBIT,22003.78,USD,Evergreen Systems Incorporated,574699427658,INV-2026-000417,CHEQUE,OPERATING-001,Vendor payment INV-2026-000417
BNK-00000419,2026-03-17,DEBIT,6456.8,USD,Seacrest Consulting Incorporated,313671722771,INV-2026-000438-P1,ACH,PAYABLES-001,Part payment 1 for INV-2026-000438
BNK-00000719,2026-03-17,DEBIT,12407.42,USD,Fusion Consulting Incorporated,159574598144,INV-2026-000764,BANK_TRANSFER,PAYABLES-001,Vendor payment INV-2026-000764 incl bank fee
BNK-00000981,2026-03-17,DEBIT,4283.81,EUR,Summit Textiles Incorporated,595553303426,INV-2026-001032,ACH,OPERATING-001,Vendor payment INV-2026-001032
BNK-00000982,2026-03-17,DEBIT,4283.81,EUR,Summit Textiles Incorporated,595553303426,INV-2026-001032,BANK_TRANSFER,OPERATING-002,Possible duplicate vendor payment INV-2026-001032
BNK-00001079,2026-03-17,DEBIT,11220.48,USD,Unity Trading Limited,386886767570,INV-2026-001130,BANK_TRANSFER,OPERATING-001,Vendor payment INV-2026-001130
BNK-00001097,2026-03-17,DEBIT,11005.33,GBP,Insight Services Limited,112978452832,INV-2026-001147,BANK_TRANSFER,OPERATING-001,Vendor payment INV-2026-001147
BNK-00001215,2026-03-17,DEBIT,2633.36,GBP,Vertex Supplies Corporation,715100412638,INV-2026-001268,CHEQUE,OPERATING-002,Vendor payment INV-2026-001268
BNK-00001275,2026-03-17,DEBIT,19236.44,USD,Metro Foods Limited,271054481685,INV-2026-001329,ACH,OPERATING-002,Vendor payment INV-2026-001329
BNK-00001308,2026-03-17,DEBIT,1685.79,GBP,Nova Engineering Corporation,781595872312,INV-2026-001366,WIRE,OPERATING-001,Vendor payment INV-2026-001366 incl bank fee
BNK-00001309,2026-03-17,DEBIT,17410.61,USD,Zenith Holdings Incorporated,858634739565,INV-2026-001367,BANK_TRANSFER,OPERATING-002,Vendor payment INV-2026-001367
BNK-00001699,2026-03-17,DEBIT,18327.1,GBP,Quantum Technologies Incorporated,178494949883,INV-2026-001771,ACH,OPERATING-001,Vendor payment INV-2026-001771
BNK-00001826,2026-03-17,DEBIT,3364.58,EUR,Royal Networks Incorporated,420358865351,INV-2026-001897,WIRE,OPERATING-001,Vendor payment INV-2026-001897
BNK-00001944,2026-03-17,CREDIT,4865.9,USD,Interest Income,414779104191,MISC-001944,BANK_TRANSFER,OPERATING-002,Operating expense
BNK-00000664,2026-03-18,DEBIT,94764.39,LKR,Keystone Technologies Incorporated,537795287592,INV-2026-000699,BANK_TRANSFER,OPERATING-002,Vendor payment INV-2026-000699
BNK-00000696,2026-03-18,DEBIT,32218.76,LKR,Zenith Packaging Limited,521010568149,INV-2026-000741,WIRE,OPERATING-002,Vendor payment INV-2026-000741
BNK-00000900,2026-03-18,DEBIT,4461.25,EUR,Keystone Logistics Limited,373263685325,INV-2026-000944,ACH,OPERATING-001,Vendor payment INV-2026-000944
BNK-00001157,2026-03-18,DEBIT,1059.3,EUR,Apex Consulting Incorporated,509620244728,INV-2026-001207,WIRE,PAYABLES-001,Vendor payment INV-2026-001207
BNK-00001418,2026-03-18,DEBIT,6559.09,EUR,Nova Systems Corporation,367862118541,INV-2026-001484-P1,BANK_TRANSFER,PAYABLES-001,Part payment 1 for INV-2026-001484
BNK-00001761,2026-03-18,DEBIT,1670134.03,LKR,Unity Trading Limited,386886767570,INV-2026-001835,BANK_TRANSFER,PAYABLES-001,Vendor payment INV-2026-001835
BNK-00001937,2026-03-18,DEBIT,869.83,EUR,City Power Utility,830639038653,MISC-001937,ACH,OPERATING-001,Rent payment
BNK-00000019,2026-03-19,DEBIT,14030.98,USD,Fusion Consulting Incorporated,159574598144,INV-2026-000017,BANK_TRANSFER,OPERATING-001,Vendor payment INV-2026-000017
BNK-00000141,2026-03-19,DEBIT,15866.27,USD,Jade Pharma Incorporated,991524726409,INV-2026-000149,ACH,OPERATING-002,Vendor payment INV-2026-000149
BNK-00000216,2026-03-19,DEBIT,22119.11,USD,Nova Logistics Limited,988348638973,INV-2026-000232,BANK_TRANSFER,OPERATING-002,Vendor payment INV-2026-000232
BNK-00000288,2026-03-19,DEBIT,7355.85,USD,Zenith Consulting Limited,320972207209,INV-2026-000304,WIRE,OPERATING-001,Vendor payment INV-2026-000304
BNK-00000342,2026-03-19,DEBIT,10332.72,GBP,Pioneer Supplies Limited,848137395082,INV-2026-000360,BANK_TRANSFER,OPERATING-002,Vendor payment INV-2026-000360
BNK-00000383,2026-03-19,DEBIT,20790.78,USD,Unity Foods Limited,192330135002,INV-2026-000401,ACH,OPERATING-002,Vendor payment INV-2026-000401
BNK-00000679,2026-03-19,DEBIT,21608.8,GBP,Royal Supplies Incorporated,844119833085,INV-2026-000716,CHEQUE,OPERATING-001,Vendor payment INV-2026-000716
BNK-00000895,2026-03-19,DEBIT,549509.7,LKR,Metro Consulting Limited,223880907939,INV-2026-000940-P1,WIRE,OPERATING-002,Part payment 1 for INV-2026-000940
BNK-00001043,2026-03-19,DEBIT,13953.81,USD,Vertex Packaging Inc,873883374114,INV-2026-001092,ACH,OPERATING-001,Vendor payment INV-2026-001092
BNK-00001128,2026-03-19,DEBIT,769.57,USD,Jade Industries Limited,540585735564,INV-2026-001179,BANK_TRANSFER,PAYABLES-001,Vendor payment INV-2026-001179
BNK-00001473,2026-03-19,DEBIT,2110.74,USD,Harbor Supplies Limited,780648306067,INV-2026-001535,CHEQUE,OPERATING-002,Vendor payment INV-2026-001535
BNK-00001528,2026-03-19,DEBIT,107724.27,LKR,Unity Technologies Limited,795191128611,INV-2026-001591,ACH,OPERATING-001,Vendor payment INV-2026-001591 incl bank fee
BNK-00001589,2026-03-19,DEBIT,2198238.37,LKR,Nova Systems Corporation,367862118541,INV-2026-001658,ACH,PAYABLES-001,Vendor payment INV-2026-001658
BNK-00001851,2026-03-19,DEBIT,4530.95,GBP,Metro Foods Limited,271054481685,INV-2026-001922,WIRE,PAYABLES-001,Vendor payment INV-2026-001922
BNK-00000142,2026-03-20,DEBIT,15866.27,USD,Jade Pharma Incorporated,991524726409,INV-2026-000149,CHEQUE,OPERATING-002,Possible duplicate vendor payment INV-2026-000149
BNK-00000355,2026-03-20,DEBIT,15337.63,EUR,Zenith Consulting Incorporated,300057279938,INV-2026-000374,BANK_TRANSFER,OPERATING-002,Vendor payment INV-2026-000374
BNK-00000896,2026-03-20,DEBIT,570637.59,LKR,Metro Consulting Limited,223880907939,INV-2026-000940-P2,CHEQUE,OPERATING-001,Part payment 2 for INV-2026-000940
BNK-00001026,2026-03-20,DEBIT,13934.57,GBP,Metro Consulting Limited,223880907939,INV-2026-001076,CHEQUE,OPERATING-001,Vendor payment INV-2026-001076
BNK-00001261,2026-03-20,DEBIT,15208.58,USD,Harbor Supplies Limited,780648306067,INV-2026-001315,ACH,PAYABLES-001,Vendor payment INV-2026-001315
BNK-00001759,2026-03-20,DEBIT,5231.0,GBP,METRO CONSULTING LIMITED,223880907939,INV-2026-001833,CHEQUE,PAYABLES-001,Vendor payment INV-2026-001833
BNK-00001863,2026-03-20,DEBIT,1696910.52,LKR,Titan Consulting Limited,210036267868,INV-2026-001936,BANK_TRANSFER,OPERATING-001,Vendor payment INV-2026-001936
BNK-00001977,2026-03-20,DEBIT,334.23,EUR,City Power Utility,105855644008,MISC-001977,BANK_TRANSFER,OPERATING-002,Utility payment
BNK-00001985,2026-03-20,DEBIT,7569.38,EUR,Office Rent Holdings,765770675189,MISC-001985,WIRE,PAYABLES-001,Insurance payment
BNK-00002070,2026-03-20,DEBIT,5210.64,USD,Bank Service Charges,226241999605,MISC-002070,ACH,OPERATING-001,Insurance payment
BNK-00000072,2026-03-21,DEBIT,11777.3,USD,Pioneer Solutions Incorporated,977752159666,INV-2026-000076,WIRE,OPERATING-001,Vendor payment INV-2026-000076
BNK-00000297,2026-03-21,DEBIT,1602.66,EUR,Nova Systems Corporation,367862118541,INV-2026-000313,ACH,OPERATING-002,Vendor payment INV-2026-000313
BNK-00000336,2026-03-21,DEBIT,405634.02,LKR,Metro Consulting Corporation,455945973170,INV-2026-000354,BANK_TRANSFER,OPERATING-001,Vendor payment INV-2026-000354
BNK-00000346,2026-03-21,DEBIT,1215.13,USD,GLOBAL TEXTILES LIMITED,520913251936,INV-2026-000365,CHEQUE,PAYABLES-001,Vendor payment INV-2026-000365
BNK-00000420,2026-03-21,DEBIT,5271.91,USD,Seacrest Consulting Incorporated,313671722771,INV-2026-000438-P2,ACH,PAYABLES-001,Part payment 2 for INV-2026-000438
BNK-00000502,2026-03-21,DEBIT,283.1,GBP,Global Engineering Limited,159172251058,INV-2026-000530,WIRE,OPERATING-002,Vendor payment INV-2026-000530
BNK-00000941,2026-03-21,DEBIT,15207.75,EUR,Zenith Consulting Limited,320972207209,INV-2026-000991,CHEQUE,OPERATING-002,Vendor payment INV-2026-000991
BNK-00001262,2026-03-21,DEBIT,15208.58,USD,Harbor Supplies Limited,780648306067,INV-2026-001315,CHEQUE,PAYABLES-001,Possible duplicate vendor payment INV-2026-001315
BNK-00001342,2026-03-21,DEBIT,12488.29,USD,Seacrest Holdings Limited,693021588007,INV-2026-001399,ACH,OPERATING-002,Vendor payment INV-2026-001399
BNK-00001529,2026-03-21,DEBIT,1073.37,GBP,Royal Supplies Incorporated,844119833085,INV-2026-001592,BANK_TRANSFER,OPERATING-002,Vendor payment INV-2026-001592
BNK-00000181,2026-03-22,DEBIT,2667.93,GBP,Pioneer Supplies Limited,848137395082,INV-2026-000193,CHEQUE,OPERATING-001,Vendor payment INV-2026-000193
BNK-00000442,2026-03-22,DEBIT,5396.05,USD,Pioneer Industries Incorporated,588849788066,INV-2026-000467,ACH,OPERATING-001,Vendor payment INV-2026-000467
BNK-00000473,2026-03-22,DEBIT,14773.79,USD,Global Engineering Ltd,159172251058,INV-2026-000498,BANK_TRANSFER,OPERATING-001,Vendor payment INV-2026-000498
BNK-00000663,2026-03-22,DEBIT,18462.74,GBP,Redwood Textiles Limited,797825279821,INV-2026-000697,ACH,PAYABLES-001,Vendor payment INV-2026-000697
BNK-00000698,2026-03-22,DEBIT,8042.96,GBP,Redwood Textiles Limited,797825279821,INV-2026-000743,ACH,OPERATING-001,Vendor payment INV-2026-000743
BNK-00000711,2026-03-22,DEBIT,2271.14,USD,Vertex Consulting Inc,829094805956,INV-2026-000756,CHEQUE,PAYABLES-001,Vendor payment INV-2026-000756
BNK-00000952,2026-03-22,DEBIT,233.58,USD,Silverline Svcs Limited,786420412894,INV-2026-001003,BANK_TRANSFER,OPERATING-002,Vendor payment INV-2026-001003
BNK-00001036,2026-03-22,DEBIT,6615.61,GBP,Zenith Consulting Limited,320972207209,INV-2026-001086-P1,CHEQUE,OPERATING-002,Part payment 1 for INV-2026-001086
BNK-00001170,2026-03-22,DEBIT,11025.81,USD,Seacrest Solutions Limited,245495438119,INV-2026-001221,WIRE,OPERATING-001,Vendor payment INV-2026-001221
BNK-00001174,2026-03-22,DEBIT,2409.94,USD,METRO ENGINEERING LIMITED,920438032193,INV-2026-001225,BANK_TRANSFER,OPERATING-001,Vendor payment INV-2026-001225
BNK-00001419,2026-03-22,DEBIT,7796.6,EUR,Nova Systems Corporation,367862118541,INV-2026-001484-P2,CHEQUE,OPERATING-002,Part payment 2 for INV-2026-001484
BNK-00001514,2026-03-22,DEBIT,4446.72,USD,Evergreen Industries Corporation,191967772113,INV-2026-001578,WIRE,OPERATING-001,Vendor payment INV-2026-001578 incl bank fee
BNK-00001804,2026-03-22,DEBIT,17327.67,USD,Vertex Packaging Incorporated,873883374114,INV-2026-001874,WIRE,PAYABLES-001,Vendor payment INV-2026-001874
BNK-00001857,2026-03-22,DEBIT,20713.51,USD,Pioneer Packaging Limited,786086128752,INV-2026-001929,BANK_TRANSFER,OPERATING-001,Vendor payment INV-2026-001929
BNK-00001878,2026-03-22,DEBIT,2274.09,USD,Vertex Textiles Corp,415235296085,INV-2026-001949,ACH,OPERATING-002,Vendor payment INV-2026-001949
BNK-00002051,2026-03-22,DEBIT,7440.27,USD,National Telecom,758113173035,MISC-002051,WIRE,OPERATING-002,Insurance payment
BNK-00000075,2026-03-23,DEBIT,2379.35,EUR,Quantum Technologies Incorporated,178494949883,INV-2026-000079,ACH,PAYABLES-001,Vendor payment INV-2026-000079
BNK-00000222,2026-03-23,DEBIT,18862.7,USD,Seacrest Consulting Incorporated,313671722771,INV-2026-000237,CHEQUE,PAYABLES-001,Vendor payment INV-2026-000237
BNK-00000438,2026-03-23,DEBIT,11293.69,EUR,Insight Services Limited,112978452832,INV-2026-000460,BANK_TRANSFER,PAYABLES-001,Vendor payment INV-2026-000460
BNK-00000501,2026-03-23,DEBIT,3616.44,USD,Fusion Consulting Incorporated,159574598144,INV-2026-000529,WIRE,OPERATING-002,Vendor payment INV-2026-000529
BNK-00000553,2026-03-23,DEBIT,134485.54,LKR,Harbor Supplies Limited,780648306067,INV-2026-000584-P1,WIRE,OPERATING-001,Part payment 1 for INV-2026-000584
BNK-00000586,2026-03-23,DEBIT,7003.09,USD,Seacrest Holdings Limited,693021588007,INV-2026-000614,WIRE,PAYABLES-001,Vendor payment INV-2026-000614
BNK-00000587,2026-03-23,DEBIT,7003.09,USD,Seacrest Holdings Limited,693021588007,INV-2026-000614,BANK_TRANSFER,OPERATING-001,Possible duplicate vendor payment INV-2026-000614
BNK-00001037,2026-03-23,DEBIT,11663.24,GBP,Zenith Consulting Limited,320972207209,INV-2026-001086-P2,BANK_TRANSFER,OPERATING-002,Part payment 2 for INV-2026-001086
BNK-00001114,2026-03-23,DEBIT,11148.92,USD,Crescent Supplies Ltd,821600684492,INV-2026-001165,CHEQUE,OPERATING-001,Vendor payment INV-2026-001165
BNK-00001146,2026-03-23,DEBIT,4783.46,USD,Apex Consulting Incorporated,509620244728,INV-2026-001196,CHEQUE,OPERATING-001,Vendor payment INV-2026-001196
BNK-00001255,2026-03-23,DEBIT,2323.39,USD,Delta Foods Corporation,430464641651,INV-2026-001309,BANK_TRANSFER,OPERATING-002,Vendor payment INV-2026-001309
BNK-00001432,2026-03-23,DEBIT,5018.03,USD,Unity Systems Incorporated,996390815905,INV-2026-001496,CHEQUE,OPERATING-001,Vendor payment INV-2026-001496
BNK-00001454,2026-03-23,DEBIT,15756.75,USD,Global Solutions Limited,524365842188,INV-2026-001517,ACH,OPERATING-001,Vendor payment INV-2026-001517
BNK-00002076,2026-03-23,DEBIT,665500.33,LKR,Bank Service Charges,535922982529,MISC-002076,DIRECT_DEBIT,OPERATING-001,Utility payment
BNK-00000025,2026-03-24,DEBIT,15987.74,USD,Pioneer Supplies Limited,848137395082,INV-2026-000026,BANK_TRANSFER,OPERATING-001,Vendor payment INV-2026-000026
BNK-00000178,2026-03-24,DEBIT,18869.21,EUR,Crescent Logistics Corporation,835428871006,INV-2026-000190,BANK_TRANSFER,OPERATING-001,Vendor payment INV-2026-000190 incl bank fee
BNK-00000332,2026-03-24,DEBIT,10937.23,GBP,Royal Holdings Limited,763541807547,INV-2026-000349,CHEQUE,OPERATING-002,Vendor payment INV-2026-000349
BNK-00000455,2026-03-24,DEBIT,13816.16,USD,Vertex Packaging Incorporated,873883374114,INV-2026-000479,WIRE,OPERATING-001,Vendor payment INV-2026-000479
BNK-00000799,2026-03-24,DEBIT,1926.28,USD,EVERGREEN SYSTEMS INCORPORATED,574699427658,INV-2026-000844,CHEQUE,OPERATING-001,Vendor payment INV-2026-000844
BNK-00000865,2026-03-24,DEBIT,21079.92,USD,HARBOR INDUSTRIES LIMITED,656253304185,INV-2026-000910,WIRE,OPERATING-002,Vendor payment INV-2026-000910
BNK-00001151,2026-03-24,DEBIT,14234.68,USD,METRO HOLDINGS INCORPORATED,337635667755,INV-2026-001201,ACH,PAYABLES-001,Vendor payment INV-2026-001201
BNK-00001471,2026-03-24,DEBIT,1369134.37,LKR,Jade Pharma Incorporated,991524726409,INV-2026-001533,BANK_TRANSFER,PAYABLES-001,Vendor payment INV-2026-001533
BNK-00001474,2026-03-24,DEBIT,21104.65,USD,Lanka Systems Inc,474635226753,INV-2026-001536,WIRE,OPERATING-002,Vendor payment INV-2026-001536
BNK-00001492,2026-03-24,DEBIT,17760.23,EUR,Metro Consulting Limited,223880907939,INV-2026-001555,BANK_TRANSFER,OPERATING-002,Vendor payment INV-2026-001555
BNK-00001631,2026-03-24,DEBIT,13464.3,USD,Vertex Packaging Incorporated,873883374114,INV-2026-001702,ACH,OPERATING-002,Vendor payment INV-2026-001702
BNK-00001653,2026-03-24,DEBIT,18339.22,USD,Fusion Consulting Incorporated,159574598144,INV-2026-001726,BANK_TRANSFER,PAYABLES-001,Vendor payment INV-2026-001726
BNK-00001810,2026-03-24,DEBIT,8913.96,EUR,Nova Logistics Limited,988348638973,INV-2026-001880,WIRE,OPERATING-001,Vendor payment INV-2026-001880
BNK-00002062,2026-03-24,DEBIT,5042.22,USD,Card Settlement,665018833940,MISC-002062,WIRE,PAYABLES-001,Utility payment
BNK-00002095,2026-03-24,CREDIT,5172.79,USD,Office Rent Holdings,873918404757,MISC-002095,CARD,OPERATING-002,Bank charge
BNK-00000047,2026-03-25,DEBIT,10528.6,EUR,Fusion Consulting Incorporated,159574598144,INV-2026-000050,CHEQUE,OPERATING-001,Vendor payment INV-2026-000050
BNK-00000275,2026-03-25,DEBIT,1150400.39,LKR,Metro Foods Limited,271054481685,INV-2026-000294-P1,CHEQUE,OPERATING-002,Part payment 1 for INV-2026-000294
BNK-00000482,2026-03-25,DEBIT,5486.59,GBP,Unity Technologies Limited,795191128611,INV-2026-000507,ACH,PAYABLES-001,Vendor payment INV-2026-000507
BNK-00000507,2026-03-25,DEBIT,17289.51,USD,ZENITH CONSULTING INCORPORATED,300057279938,INV-2026-000536,WIRE,OPERATING-001,Vendor payment INV-2026-000536
BNK-00000857,2026-03-25,DEBIT,15683.69,USD,Harbor Logistics Limited,339669665349,INV-2026-000902,WIRE,PAYABLES-001,Vendor payment INV-2026-000902
BNK-00000889,2026-03-25,DEBIT,13083.33,USD,Titan Foods Incorporated,275661855915,INV-2026-000932,BANK_TRANSFER,PAYABLES-001,Vendor payment INV-2026-000932
BNK-00000899,2026-03-25,DEBIT,8249.61,EUR,Delta Pharma Ltd,449993794346,INV-2026-000943,CHEQUE,PAYABLES-001,Vendor payment INV-2026-000943
BNK-00001365,2026-03-25,DEBIT,8530.73,USD,Crescent Industries Limited,354876605861,INV-2026-001427,ACH,OPERATING-002,Vendor payment INV-2026-001427
BNK-00001559,2026-03-25,DEBIT,14092.01,USD,Keystone Logistics Ltd,373263685325,INV-2026-001624,ACH,OPERATING-001,Vendor payment INV-2026-001624
BNK-00001754,2026-03-25,DEBIT,4676.91,EUR,Nova Systems Corporation,367862118541,INV-2026-001828,ACH,OPERATING-002,Vendor payment INV-2026-001828
BNK-00001816,2026-03-25,DEBIT,16378.88,GBP,Zenith Holdings Incorporated,858634739565,INV-2026-001887,CHEQUE,OPERATING-001,Vendor payment INV-2026-001887 incl bank fee
BNK-00000218,2026-03-26,DEBIT,19489.55,GBP,Royal Networks Incorporated,420358865351,INV-2026-000234,ACH,PAYABLES-001,Vendor payment INV-2026-000234
BNK-00000287,2026-03-26,DEBIT,13521.51,EUR,VERTEX SUPPLIES CORPORATION,715100412638,INV-2026-000303,ACH,OPERATING-001,Vendor payment INV-2026-000303
BNK-00000554,2026-03-26,DEBIT,223941.84,LKR,Harbor Supplies Limited,780648306067,INV-2026-000584-P2,WIRE,PAYABLES-001,Part payment 2 for INV-2026-000584
BNK-00000759,2026-03-26,DEBIT,14967.12,USD,Zenith Consulting Incorporated,300057279938,INV-2026-000804,WIRE,OPERATING-001,Vendor payment INV-2026-000804 incl bank fee
BNK-00000833,2026-03-26,DEBIT,2440.24,USD,Vertex Packaging Limited,878442396279,INV-2026-000879,WIRE,PAYABLES-001,Vendor payment INV-2026-000879
BNK-00001134,2026-03-26,DEBIT,741.52,USD,Royal Supplies Incorporated,844119833085,INV-2026-001185,ACH,PAYABLES-001,Vendor payment INV-2026-001185
BNK-00001281,2026-03-26,DEBIT,310872.25,LKR,Redwood Textiles Limited,797825279821,INV-2026-001335,ACH,OPERATING-001,Vendor payment INV-2026-001335
BNK-00001346,2026-03-26,DEBIT,22404.63,GBP,Seacrest Holdings Limited,693021588007,INV-2026-001403,CHEQUE,PAYABLES-001,Vendor payment INV-2026-001403
BNK-00001357,2026-03-26,DEBIT,725729.55,LKR,Metro Foods Limited,271054481685,INV-2026-001416,ACH,OPERATING-001,Vendor payment INV-2026-001416 incl bank fee
BNK-00001481,2026-03-26,DEBIT,10742.41,GBP,Seacrest Consulting Incorporated,313671722771,INV-2026-001544,ACH,OPERATING-001,Vendor payment INV-2026-001544
BNK-00001511,2026-03-26,DEBIT,15596.49,EUR,Vertex Supplies Corporation,715100412638,INV-2026-001575,BANK_TRANSFER,OPERATING-002,Vendor payment INV-2026-001575
BNK-00001806,2026-03-26,DEBIT,1113.02,USD,VERTEX TEXTILES CORPORATION,415235296085,INV-2026-001876,BANK_TRANSFER,OPERATING-002,Vendor payment INV-2026-001876
BNK-00002097,2026-03-26,DEBIT,1012.49,EUR,Government Tax Authority,543506921912,MISC-002097,ACH,PAYABLES-001,Customer receipt
BNK-00000104,2026-03-27,DEBIT,3166.12,GBP,Silverline Logistics Limited,381959955088,INV-2026-000114,WIRE,PAYABLES-001,Vendor payment INV-2026-000114
BNK-00000457,2026-03-27,DEBIT,12697.73,GBP,Delta Foods Corporation,430464641651,INV-2026-000481,ACH,PAYABLES-001,Vendor payment INV-2026-000481
BNK-00000461,2026-03-27,DEBIT,8775.3,EUR,Evergreen Industries Corporation,191967772113,INV-2026-000486,CHEQUE,OPERATING-001,Vendor payment INV-2026-000486
BNK-00000739,2026-03-27,DEBIT,17652.33,EUR,EVERGREEN SYSTEMS INCORPORATED,574699427658,INV-2026-000785,BANK_TRANSFER,OPERATING-001,Vendor payment INV-2026-000785
BNK-00000827,2026-03-27,DEBIT,928.36,USD,Apex Consulting Incorporated,509620244728,INV-2026-000873,ACH,OPERATING-001,Vendor payment INV-2026-000873 incl bank fee
BNK-00000851,2026-03-27,DEBIT,2211.31,USD,Titan Consulting Limited,210036267868,INV-2026-000896-P1,WIRE,PAYABLES-001,Part payment 1 for INV-2026-000896
BNK-00001045,2026-03-27,DEBIT,6543.0,USD,Evergreen Packaging Limited,589426971653,INV-2026-001094,WIRE,PAYABLES-001,Vendor payment INV-2026-001094
BNK-00001285,2026-03-27,DEBIT,3130.49,USD,Orbit Trading Ltd,670621564585,INV-2026-001339,ACH,OPERATING-001,Vendor payment INV-2026-001339
BNK-00001321,2026-03-27,DEBIT,3266.41,USD,Unity Systems Incorporated,996390815905,INV-2026-001379,CHEQUE,OPERATING-001,Vendor payment INV-2026-001379
BNK-00001515,2026-03-27,DEBIT,1541.8,EUR,Harbor Supplies Limited,780648306067,INV-2026-001579,BANK_TRANSFER,PAYABLES-001,Vendor payment INV-2026-001579
BNK-00001526,2026-03-27,DEBIT,9454.75,GBP,Harbor Logistics Limited,339669665349,INV-2026-001589,WIRE,PAYABLES-001,Vendor payment INV-2026-001589
BNK-00001565,2026-03-27,DEBIT,15142.79,USD,Titan Consulting Limited,210036267868,INV-2026-001629,WIRE,OPERATING-001,Vendor payment INV-2026-001629
BNK-00001883,2026-03-27,DEBIT,6220.17,GBP,ROYAL SUPPLIES INCORPORATED,844119833085,INV-2026-001955,CHEQUE,OPERATING-001,Vendor payment INV-2026-001955
BNK-00001996,2026-03-27,DEBIT,92401.25,LKR,Government Tax Authority,953659341079,MISC-001996,BANK_TRANSFER,OPERATING-002,Operating expense
BNK-00000439,2026-03-28,DEBIT,1015.9,USD,Royal Holdings Limited,763541807547,INV-2026-000462,ACH,OPERATING-001,Vendor payment INV-2026-000462
BNK-00000540,2026-03-28,DEBIT,18493.36,USD,Vertex Textiles Corporation,415235296085,INV-2026-000571,CHEQUE,OPERATING-001,Vendor payment INV-2026-000571
BNK-00000581,2026-03-28,DEBIT,1468.22,EUR,Harbor Supplies Limited,780648306067,INV-2026-000609,ACH,PAYABLES-001,Vendor payment INV-2026-000609
BNK-00000681,2026-03-28,DEBIT,3061.33,GBP,Crescent Supplies Limited,821600684492,INV-2026-000720,BANK_TRANSFER,OPERATING-001,Vendor payment INV-2026-000720
BNK-00000702,2026-03-28,DEBIT,383500.92,LKR,Unity Foods Limited,192330135002,INV-2026-000747,BANK_TRANSFER,PAYABLES-001,Vendor payment INV-2026-000747
BNK-00000852,2026-03-28,DEBIT,3581.48,USD,Titan Consulting Limited,210036267868,INV-2026-000896-P2,CHEQUE,OPERATING-001,Part payment 2 for INV-2026-000896
BNK-00001031,2026-03-28,DEBIT,14483.52,USD,Keystone Technologies Incorporated,537795287592,INV-2026-001081,BANK_TRANSFER,OPERATING-001,Vendor payment INV-2026-001081
BNK-00001087,2026-03-28,DEBIT,19561.17,USD,Global Engineering Limited,159172251058,INV-2026-001138,BANK_TRANSFER,OPERATING-002,Vendor payment INV-2026-001138
BNK-00001096,2026-03-28,DEBIT,1555743.87,LKR,Pioneer Industries Incorporated,588849788066,INV-2026-001146,WIRE,OPERATING-001,Vendor payment INV-2026-001146
BNK-00001113,2026-03-28,DEBIT,16631.32,USD,Harbor Supplies Limited,780648306067,INV-2026-001164,BANK_TRANSFER,PAYABLES-001,Vendor payment INV-2026-001164
BNK-00001135,2026-03-28,DEBIT,19408.07,GBP,Metro Holdings Incorporated,337635667755,INV-2026-001186,ACH,OPERATING-001,Vendor payment INV-2026-001186
BNK-00001136,2026-03-28,DEBIT,1769.31,USD,Seacrest Consulting Incorporated,313671722771,INV-2026-001187,WIRE,OPERATING-002,Vendor payment INV-2026-001187
BNK-00001190,2026-03-28,DEBIT,3355.05,GBP,Redwood Textiles Limited,797825279821,INV-2026-001240,ACH,OPERATING-001,Vendor payment INV-2026-001240
BNK-00001424,2026-03-28,DEBIT,16676.13,USD,Vertex Consulting Incorporated,829094805956,INV-2026-001488,WIRE,OPERATING-001,Vendor payment INV-2026-001488 incl bank fee
BNK-00001843,2026-03-28,DEBIT,16044.12,EUR,ORBIT CONSULTING LIMITED,884069898811,INV-2026-001913,CHEQUE,PAYABLES-001,Vendor payment INV-2026-001913
BNK-00000276,2026-03-29,DEBIT,699769.11,LKR,Metro Foods Limited,271054481685,INV-2026-000294-P2,CHEQUE,OPERATING-001,Part payment 2 for INV-2026-000294
BNK-00000470,2026-03-29,DEBIT,10932.84,USD,Pioneer Industries Inc,588849788066,INV-2026-000493,ACH,PAYABLES-001,Vendor payment INV-2026-000493
BNK-00000737,2026-03-29,DEBIT,11935.75,USD,Delta Solutions Corporation,641938372964,INV-2026-000782,ACH,OPERATING-001,Vendor payment INV-2026-000782
BNK-00000794,2026-03-29,DEBIT,14530.99,EUR,Metro Engineering Limited,920438032193,INV-2026-000838,ACH,PAYABLES-001,Vendor payment INV-2026-000838
BNK-00000917,2026-03-29,DEBIT,893.66,USD,Crescent Supplies Limited,821600684492,INV-2026-000964,WIRE,OPERATING-002,Vendor payment INV-2026-000964
BNK-00001159,2026-03-29,DEBIT,4233.88,USD,Silverline Technologies Incorporated,636439249785,INV-2026-001211,ACH,OPERATING-002,Vendor payment INV-2026-001211
BNK-00001291,2026-03-29,DEBIT,17713.65,GBP,Fusion Consulting Incorporated,159574598144,INV-2026-001348,CHEQUE,OPERATING-001,Vendor payment INV-2026-001348 incl bank fee
BNK-00001329,2026-03-29,DEBIT,6144.64,GBP,Northstar Packaging Corporation,984294502389,INV-2026-001387,BANK_TRANSFER,OPERATING-002,Vendor payment INV-2026-001387
BNK-00001444,2026-03-29,DEBIT,3134.74,USD,Orbit Pharma Corporation,243661253546,INV-2026-001508,BANK_TRANSFER,OPERATING-001,Vendor payment INV-2026-001508
BNK-00001764,2026-03-29,DEBIT,16110.98,EUR,Royal Supplies Incorporated,844119833085,INV-2026-001838,WIRE,OPERATING-002,Vendor payment INV-2026-001838
BNK-00001850,2026-03-29,DEBIT,20950.13,USD,Pioneer Supplies Incorporated,478166864450,INV-2026-001921,CHEQUE,OPERATING-001,Vendor payment INV-2026-001921
BNK-00001891,2026-03-29,DEBIT,499.77,USD,Zenith Trading Incorporated,999134125065,INV-2026-001964,BANK_TRANSFER,PAYABLES-001,Vendor payment INV-2026-001964
BNK-00001973,2026-03-29,DEBIT,3852.57,EUR,Office Rent Holdings,533142179126,MISC-001973,CARD,OPERATING-002,Operating expense
BNK-00002060,2026-03-29,DEBIT,7232.37,EUR,Interest Income,265976803509,MISC-002060,CARD,OPERATING-002,Payroll related
BNK-00000107,2026-03-30,DEBIT,985385.07,LKR,Unity Foods Limited,192330135002,INV-2026-000117,WIRE,OPERATING-002,Vendor payment INV-2026-000117
BNK-00000197,2026-03-30,DEBIT,12430.26,USD,Zenith Consulting Incorporated,300057279938,INV-2026-000212,CHEQUE,PAYABLES-001,Vendor payment INV-2026-000212
BNK-00000320,2026-03-30,DEBIT,1416305.37,LKR,ROYAL NETWORKS INCORPORATED,420358865351,INV-2026-000335,ACH,PAYABLES-001,Vendor payment INV-2026-000335
BNK-00000417,2026-03-30,DEBIT,10861.6,EUR,Pioneer Industries Incorporated,588849788066,INV-2026-000435,BANK_TRANSFER,PAYABLES-001,Vendor payment INV-2026-000435
BNK-00000530,2026-03-30,DEBIT,18240.3,USD,ZENITH SUPPLIES LIMITED,280242485333,INV-2026-000558,ACH,OPERATING-002,Vendor payment INV-2026-000558
BNK-00001571,2026-03-30,DEBIT,18385.27,USD,Seacrest Holdings Ltd,693021588007,INV-2026-001639,CHEQUE,OPERATING-002,Vendor payment INV-2026-001639
BNK-00001595,2026-03-30,DEBIT,5141.61,GBP,Keystone Logistics Limited,373263685325,INV-2026-001664,BANK_TRANSFER,PAYABLES-001,Vendor payment INV-2026-001664
BNK-00001676,2026-03-30,DEBIT,14645.74,EUR,Summit Textiles Incorporated,595553303426,INV-2026-001747,ACH,OPERATING-002,Vendor payment INV-2026-001747
BNK-00001689,2026-03-30,DEBIT,13315.27,GBP,Vertex Supplies Corporation,715100412638,INV-2026-001760,BANK_TRANSFER,PAYABLES-001,Vendor payment INV-2026-001760
BNK-00001858,2026-03-30,DEBIT,5070.76,USD,Seacrest Holdings Limited,693021588007,INV-2026-001931,CHEQUE,OPERATING-001,Vendor payment INV-2026-001931
BNK-00002003,2026-03-30,DEBIT,253568.27,LKR,Card Settlement,141943887846,MISC-002003,ACH,OPERATING-002,Utility payment
BNK-00000014,2026-03-31,DEBIT,10129.07,USD,Orbit Supplies Limited,298066901090,INV-2026-000013,WIRE,OPERATING-002,Vendor payment INV-2026-000013 incl bank fee
BNK-00000121,2026-03-31,DEBIT,1685.28,USD,Orbit Supplies Limited,298066901090,INV-2026-000131,CHEQUE,OPERATING-001,Vendor payment INV-2026-000131
BNK-00000173,2026-03-31,DEBIT,2266.2,USD,Harbor Supplies Limited,780648306067,INV-2026-000183,ACH,OPERATING-001,Vendor payment INV-2026-000183
BNK-00000174,2026-03-31,DEBIT,231937.66,LKR,Evergreen Packaging Ltd,589426971653,INV-2026-000185,WIRE,OPERATING-001,Vendor payment INV-2026-000185
BNK-00000724,2026-03-31,DEBIT,2100.12,USD,REDWOOD TEXTILES LIMITED,797825279821,INV-2026-000769,BANK_TRANSFER,OPERATING-002,Vendor payment INV-2026-000769
BNK-00001008,2026-03-31,DEBIT,1917.1,USD,Seacrest Consulting Incorporated,313671722771,INV-2026-001058,ACH,OPERATING-002,Vendor payment INV-2026-001058
BNK-00001208,2026-03-31,DEBIT,8016.52,USD,Insight Services Ltd,112978452832,INV-2026-001260,BANK_TRANSFER,OPERATING-001,Vendor payment INV-2026-001260
BNK-00001331,2026-03-31,DEBIT,20140.81,GBP,Fusion Consulting Incorporated,159574598144,INV-2026-001389,ACH,OPERATING-001,Vendor payment INV-2026-001389
BNK-00001558,2026-03-31,DEBIT,15663.36,EUR,Crescent Logistics Corporation,835428871006,INV-2026-001623,CHEQUE,OPERATING-002,Vendor payment INV-2026-001623
BNK-00001561,2026-03-31,DEBIT,178704.93,LKR,Global Solutions Limited,524365842188,INV-2026-001626,CHEQUE,PAYABLES-001,Vendor payment INV-2026-001626
BNK-00001791,2026-03-31,DEBIT,1045.7,GBP,Crescent Industries Limited,354876605861,INV-2026-001861,WIRE,OPERATING-002,Vendor payment INV-2026-001861
BNK-00000212,2026-04-01,DEBIT,16581.87,GBP,Keystone Logistics Limited,373263685325,INV-2026-000228,WIRE,OPERATING-001,Vendor payment INV-2026-000228
BNK-00000410,2026-04-01,DEBIT,1563038.46,LKR,Harbor Logistics Limited,339669665349,INV-2026-000427,BANK_TRANSFER,OPERATING-002,Vendor payment INV-2026-000427
BNK-00000441,2026-04-01,DEBIT,8791.69,GBP,Crescent Logistics Corporation,835428871006,INV-2026-000465,CHEQUE,OPERATING-001,Vendor payment INV-2026-000465
BNK-00000713,2026-04-01,DEBIT,4012.66,USD,Harbor Supplies Limited,780648306067,INV-2026-000758,ACH,OPERATING-002,Vendor payment INV-2026-000758
BNK-00000769,2026-04-01,DEBIT,1762008.71,LKR,Zenith Supplies Limited,280242485333,INV-2026-000814,WIRE,OPERATING-001,Vendor payment INV-2026-000814
BNK-00000979,2026-04-01,DEBIT,2483.43,USD,Silverline Technologies Incorporated,636439249785,INV-2026-001030,ACH,PAYABLES-001,Vendor payment INV-2026-001030
BNK-00001122,2026-04-01,DEBIT,8668.3,USD,Titan Consulting Limited,210036267868,INV-2026-001173,ACH,OPERATING-002,Vendor payment INV-2026-001173
BNK-00001420,2026-04-01,DEBIT,20190.04,USD,Global Engineering Limited,159172251058,INV-2026-001485,CHEQUE,PAYABLES-001,Vendor payment INV-2026-001485
BNK-00001487,2026-04-01,DEBIT,1169.29,USD,Metro Engineering Limited,920438032193,INV-2026-001550-P1,BANK_TRANSFER,OPERATING-002,Part payment 1 for INV-2026-001550
BNK-00001729,2026-04-01,DEBIT,12258.19,USD,SILVERLINE TECHNOLOGIES INCORPORATED,636439249785,INV-2026-001805,BANK_TRANSFER,OPERATING-002,Vendor payment INV-2026-001805
BNK-00001736,2026-04-01,DEBIT,20131.83,USD,Pioneer Supplies Limited,848137395082,INV-2026-001812,CHEQUE,OPERATING-001,Vendor payment INV-2026-001812
BNK-00001766,2026-04-01,DEBIT,1628323.63,LKR,SILVERLINE TECHNOLOGIES INCORPORATED,636439249785,INV-2026-001840,CHEQUE,PAYABLES-001,Vendor payment INV-2026-001840
BNK-00000096,2026-04-02,DEBIT,17411.14,USD,Silverline Systems Incorporated,812865433579,INV-2026-000105,BANK_TRANSFER,OPERATING-001,Vendor payment INV-2026-000105 incl bank fee
BNK-00000157,2026-04-02,DEBIT,7135.55,EUR,Seacrest Solutions Limited,245495438119,INV-2026-000164,BANK_TRANSFER,OPERATING-002,Vendor payment INV-2026-000164
BNK-00000177,2026-04-02,DEBIT,5359.43,GBP,Silverline Logistics Limited,381959955088,INV-2026-000189,CHEQUE,OPERATING-002,Vendor payment INV-2026-000189
BNK-00000252,2026-04-02,DEBIT,6421.69,USD,Delta Solutions Incorporated,482855037930,INV-2026-000269,CHEQUE,OPERATING-001,Vendor payment INV-2026-000269
BNK-00000325,2026-04-02,DEBIT,19061.57,USD,Jade Industries Limited,540585735564,INV-2026-000341,ACH,OPERATING-002,Vendor payment INV-2026-000341
BNK-00000633,2026-04-02,DEBIT,10546.24,USD,QUANTUM TECHNOLOGIES INCORPORATED,178494949883,INV-2026-000662,ACH,OPERATING-002,Vendor payment INV-2026-000662
BNK-00000780,2026-04-02,DEBIT,9468.52,USD,Quantum Technologies Incorporated,178494949883,INV-2026-000825,WIRE,OPERATING-001,Vendor payment INV-2026-000825
BNK-00001093,2026-04-02,DEBIT,22341.47,USD,Nova Logistics Limited,988348638973,INV-2026-001143,BANK_TRANSFER,PAYABLES-001,Vendor payment INV-2026-001143
BNK-00001176,2026-04-02,DEBIT,4483.25,USD,Pioneer Packaging Limited,786086128752,INV-2026-001228,BANK_TRANSFER,PAYABLES-001,Vendor payment INV-2026-001228
BNK-00001277,2026-04-02,DEBIT,20294.7,USD,Keystone Packaging Limited,137044812889,INV-2026-001331,BANK_TRANSFER,PAYABLES-001,Vendor payment INV-2026-001331
BNK-00001503,2026-04-02,DEBIT,16190.43,GBP,Northstar Packaging Corporation,984294502389,INV-2026-001568,CHEQUE,OPERATING-002,Vendor payment INV-2026-001568
BNK-00001557,2026-04-02,DEBIT,15307.73,USD,Silverline Technologies Incorporated,636439249785,INV-2026-001622,ACH,PAYABLES-001,Vendor payment INV-2026-001622
BNK-00001762,2026-04-02,DEBIT,1925678.24,LKR,Evergreen Systems Incorporated,574699427658,INV-2026-001836,BANK_TRANSFER,OPERATING-001,Vendor payment INV-2026-001836
BNK-00001859,2026-04-02,DEBIT,4143.62,USD,Royal Services Incorporated,692955158244,INV-2026-001932,ACH,OPERATING-001,Vendor payment INV-2026-001932
BNK-00002064,2026-04-02,DEBIT,82645.97,LKR,Interest Income,437811426215,MISC-002064,ACH,OPERATING-001,Customer receipt
BNK-00000043,2026-04-03,DEBIT,12731.28,USD,Northstar Packaging Corporation,984294502389,INV-2026-000046,WIRE,OPERATING-002,Vendor payment INV-2026-000046
BNK-00000326,2026-04-03,DEBIT,1585.34,USD,Crescent Supplies Corporation,485089074443,INV-2026-000342,CHEQUE,OPERATING-002,Vendor payment INV-2026-000342
BNK-00000370,2026-04-03,DEBIT,5499.93,USD,Lanka Foods Limited,482503603584,INV-2026-000389,ACH,PAYABLES-001,Vendor payment INV-2026-000389
BNK-00000477,2026-04-03,DEBIT,15401.21,USD,Unity Technologies Limited,795191128611,INV-2026-000503,BANK_TRANSFER,PAYABLES-001,Vendor payment INV-2026-000503
BNK-00000524,2026-04-03,DEBIT,15964.12,USD,Jade Industries Ltd,540585735564,INV-2026-000553,WIRE,PAYABLES-001,Vendor payment INV-2026-000553
BNK-00000647,2026-04-03,DEBIT,20205.33,EUR,Vertex Packaging Incorporated,873883374114,INV-2026-000678,BANK_TRANSFER,OPERATING-001,Vendor payment INV-2026-000678
BNK-00000793,2026-04-03,DEBIT,8599.22,GBP,Global Trading Limited,791827976491,INV-2026-000837,WIRE,OPERATING-002,Vendor payment INV-2026-000837 incl bank fee
BNK-00000817,2026-04-03,DEBIT,15669.27,EUR,Titan Consulting Ltd,210036267868,INV-2026-000863,WIRE,PAYABLES-001,Vendor payment INV-2026-000863
BNK-00000960,2026-04-03,DEBIT,1612629.54,LKR,Evergreen Industries Corporation,191967772113,INV-2026-001011,ACH,PAYABLES-001,Vendor payment INV-2026-001011
BNK-00000983,2026-04-03,DEBIT,12080.16,GBP,Orbit Trading Limited,670621564585,INV-2026-001033,WIRE,OPERATING-002,Vendor payment INV-2026-001033
BNK-00001004,2026-04-03,DEBIT,19552.14,EUR,Keystone Logistics Limited,373263685325,INV-2026-001054,ACH,OPERATING-001,Vendor payment INV-2026-001054
BNK-00001268,2026-04-03,DEBIT,3778.95,USD,Vertex Consulting Incorporated,829094805956,INV-2026-001321,WIRE,OPERATING-001,Vendor payment INV-2026-001321
BNK-00001286,2026-04-03,DEBIT,10665.57,USD,Vertex Packaging Limited,878442396279,INV-2026-001342,WIRE,PAYABLES-001,Vendor payment INV-2026-001342
BNK-00001330,2026-04-03,DEBIT,19455.5,EUR,BrightPath Logistics Corporation,755696355114,INV-2026-001388,CHEQUE,PAYABLES-001,Vendor payment INV-2026-001388
BNK-00001488,2026-04-03,DEBIT,1286.08,USD,Metro Engineering Limited,920438032193,INV-2026-001550-P2,WIRE,PAYABLES-001,Part payment 2 for INV-2026-001550
BNK-00001625,2026-04-03,DEBIT,6614.74,USD,Harbor Services Inc,624015215345,INV-2026-001697,ACH,PAYABLES-001,Vendor payment INV-2026-001697
BNK-00001772,2026-04-03,DEBIT,254322.87,LKR,Lanka Systems Inc,474635226753,INV-2026-001846,WIRE,OPERATING-001,Vendor payment INV-2026-001846
BNK-00002035,2026-04-03,CREDIT,748118.4,LKR,Card Settlement,290277917478,MISC-002035,BANK_TRANSFER,OPERATING-002,Insurance payment
BNK-00000146,2026-04-04,DEBIT,6166.0,USD,Global Textiles Limited,520913251936,INV-2026-000153,WIRE,OPERATING-001,Vendor payment INV-2026-000153
BNK-00000220,2026-04-04,DEBIT,20712.91,EUR,Fusion Consulting Incorporated,159574598144,INV-2026-000236,WIRE,OPERATING-002,Vendor payment INV-2026-000236
BNK-00000221,2026-04-04,DEBIT,20712.91,EUR,Fusion Consulting Incorporated,159574598144,INV-2026-000236,WIRE,OPERATING-001,Possible duplicate vendor payment INV-2026-000236
BNK-00000324,2026-04-04,DEBIT,3457.6,USD,Silverline Systems Incorporated,812865433579,INV-2026-000339,CHEQUE,OPERATING-002,Vendor payment INV-2026-000339
BNK-00000532,2026-04-04,DEBIT,16244.16,USD,Vertex Packaging Limited,878442396279,INV-2026-000560,BANK_TRANSFER,OPERATING-002,Vendor payment INV-2026-000560
BNK-00000755,2026-04-04,DEBIT,2026061.9,LKR,Unity Technologies Limited,795191128611,INV-2026-000800,CHEQUE,OPERATING-001,Vendor payment INV-2026-000800 incl bank fee
BNK-00000933,2026-04-04,DEBIT,4095.72,USD,Vertex Consulting Inc,829094805956,INV-2026-000982,CHEQUE,OPERATING-001,Vendor payment INV-2026-000982
BNK-00000936,2026-04-04,DEBIT,7208.74,USD,Zenith Holdings Incorporated,858634739565,INV-2026-000985,ACH,OPERATING-001,Vendor payment INV-2026-000985
BNK-00001191,2026-04-04,DEBIT,1008.88,USD,Orbit Consulting Limited,884069898811,INV-2026-001241,CHEQUE,OPERATING-001,Vendor payment INV-2026-001241
BNK-00001209,2026-04-04,DEBIT,15399.47,GBP,Vertex Packaging Limited,878442396279,INV-2026-001262,CHEQUE,OPERATING-002,Vendor payment INV-2026-001262
BNK-00001390,2026-04-04,DEBIT,19912.12,GBP,Pioneer Supplies Incorporated,478166864450,INV-2026-001453,CHEQUE,PAYABLES-001,Vendor payment INV-2026-001453
BNK-00001642,2026-04-04,DEBIT,4498.16,USD,Delta Solutions Incorporated,482855037930,INV-2026-001715,BANK_TRANSFER,OPERATING-002,Vendor payment INV-2026-001715
BNK-00001662,2026-04-04,DEBIT,9637.24,USD,Unity Systems Incorporated,996390815905,INV-2026-001736,ACH,OPERATING-002,Vendor payment INV-2026-001736
BNK-00001984,2026-04-04,DEBIT,3767.2,USD,City Power Utility,538397459107,MISC-001984,WIRE,PAYABLES-001,Bank charge
BNK-00000105,2026-04-05,DEBIT,20143.88,GBP,Nova Systems Corporation,367862118541,INV-2026-000115,WIRE,OPERATING-002,Vendor payment INV-2026-000115
BNK-00000155,2026-04-05,DEBIT,772438.61,LKR,Jade Industries Limited,540585735564,INV-2026-000162,CHEQUE,OPERATING-001,Vendor payment INV-2026-000162
BNK-00000175,2026-04-05,DEBIT,372182.7,LKR,Nova Logistics Limited,988348638973,INV-2026-000186,CHEQUE,OPERATING-002,Vendor payment INV-2026-000186
BNK-00000709,2026-04-05,DEBIT,4291.64,USD,Titan Foods Incorporated,275661855915,INV-2026-000753,BANK_TRANSFER,OPERATING-001,Vendor payment INV-2026-000753
BNK-00000801,2026-04-05,DEBIT,2806.07,USD,Nova Systems Corporation,367862118541,INV-2026-000847,CHEQUE,OPERATING-001,Vendor payment INV-2026-000847
BNK-00001238,2026-04-05,DEBIT,13386.72,USD,Northstar Packaging Corporation,984294502389,INV-2026-001289,ACH,OPERATING-002,Vendor payment INV-2026-001289
BNK-00001327,2026-04-05,DEBIT,4340.78,USD,Westbridge Logistics Limited,926130135930,INV-2026-001385,WIRE,OPERATING-001,Vendor payment INV-2026-001385
BNK-00001341,2026-04-05,DEBIT,1369758.92,LKR,Nova Engineering Corporation,781595872312,INV-2026-001398,BANK_TRANSFER,OPERATING-002,Vendor payment INV-2026-001398
BNK-00000351,2026-04-06,DEBIT,7045.64,USD,Seacrest Solutions Limited,245495438119,INV-2026-000371,BANK_TRANSFER,OPERATING-002,Vendor payment INV-2026-000371
BNK-00000610,2026-04-06,DEBIT,15849.47,GBP,Royal Supplies Incorporated,844119833085,INV-2026-000638,ACH,PAYABLES-001,Vendor payment INV-2026-000638
BNK-00000886,2026-04-06,DEBIT,7903.7,USD,Crescent Supplies Corporation,485089074443,INV-2026-000930,BANK_TRANSFER,OPERATING-002,Vendor payment INV-2026-000930
BNK-00000906,2026-04-06,DEBIT,20455.66,USD,Nova Systems Corporation,367862118541,INV-2026-000949,CHEQUE,OPERATING-001,Vendor payment INV-2026-000949
BNK-00001366,2026-04-06,DEBIT,5867.25,EUR,Orbit Trading Limited,670621564585,INV-2026-001428,CHEQUE,PAYABLES-001,Vendor payment INV-2026-001428
BNK-00001406,2026-04-06,DEBIT,15969.72,USD,Unity Foods Corporation,521330443041,INV-2026-001472,BANK_TRANSFER,OPERATING-001,Vendor payment INV-2026-001472
BNK-00001568,2026-04-06,DEBIT,9949.22,USD,Quantum Technologies Incorporated,178494949883,INV-2026-001635,WIRE,OPERATING-001,Vendor payment INV-2026-001635
BNK-00001620,2026-04-06,DEBIT,7151.67,USD,Northstar Packaging Corporation,984294502389,INV-2026-001688,BANK_TRANSFER,OPERATING-001,Vendor payment INV-2026-001688
BNK-00001877,2026-04-06,DEBIT,12267.67,USD,Crescent Logistics Corporation,835428871006,INV-2026-001948,CHEQUE,OPERATING-002,Vendor payment INV-2026-001948
BNK-00001931,2026-04-06,DEBIT,2059.56,USD,Insurance Provider,666374676360,MISC-001931,CARD,PAYABLES-001,Utility payment
BNK-00000877,2026-04-07,DEBIT,143105.29,LKR,Silverline Services Limited,786420412894,INV-2026-000923,WIRE,OPERATING-002,Vendor payment INV-2026-000923
BNK-00001082,2026-04-07,DEBIT,11039.21,USD,Nova Packaging Corporation,712652693184,INV-2026-001133,BANK_TRANSFER,PAYABLES-001,Vendor payment INV-2026-001133
BNK-00001207,2026-04-07,DEBIT,16968.94,EUR,Royal Holdings Limited,763541807547,INV-2026-001259,BANK_TRANSFER,PAYABLES-001,Vendor payment INV-2026-001259
BNK-00001246,2026-04-07,DEBIT,22485.11,USD,Global Textiles Limited,520913251936,INV-2026-001299,BANK_TRANSFER,OPERATING-001,Vendor payment INV-2026-001299
BNK-00001267,2026-04-07,DEBIT,9477.19,USD,Evergreen Systems Incorporated,574699427658,INV-2026-001320,CHEQUE,OPERATING-001,Vendor payment INV-2026-001320
BNK-00001367,2026-04-07,DEBIT,2761.51,EUR,Evergreen Packaging Limited,589426971653,INV-2026-001429,WIRE,OPERATING-001,Vendor payment INV-2026-001429
BNK-00001542,2026-04-07,DEBIT,6276.95,USD,Evergreen Systems Incorporated,574699427658,INV-2026-001607-P1,ACH,PAYABLES-001,Part payment 1 for INV-2026-001607
BNK-00001869,2026-04-07,DEBIT,255.78,EUR,Titan Consulting Limited,210036267868,INV-2026-001941,CHEQUE,PAYABLES-001,Vendor payment INV-2026-001941
BNK-00000315,2026-04-08,DEBIT,3629.34,EUR,Crescent Logistics Corporation,835428871006,INV-2026-000331-P1,ACH,PAYABLES-001,Part payment 1 for INV-2026-000331
BNK-00000409,2026-04-08,DEBIT,159316.01,LKR,Seacrest Holdings Limited,693021588007,INV-2026-000426,ACH,OPERATING-001,Vendor payment INV-2026-000426
BNK-00000977,2026-04-08,DEBIT,14541.24,GBP,Zenith Holdings Incorporated,858634739565,INV-2026-001028,BANK_TRANSFER,PAYABLES-001,Vendor payment INV-2026-001028
BNK-00001825,2026-04-08,DEBIT,11032.28,USD,Evergreen Industries Corporation,191967772113,INV-2026-001896,WIRE,OPERATING-002,Vendor payment INV-2026-001896
BNK-00000262,2026-04-09,DEBIT,1062225.75,LKR,Crescent Supplies Corporation,485089074443,INV-2026-000281,CHEQUE,OPERATING-001,Vendor payment INV-2026-000281
BNK-00000415,2026-04-09,DEBIT,12668.01,USD,Westbridge Logistics Limited,926130135930,INV-2026-000432,BANK_TRANSFER,PAYABLES-001,Vendor payment INV-2026-000432
BNK-00000961,2026-04-09,DEBIT,16349.82,USD,Nova Packaging Corporation,712652693184,INV-2026-001012,BANK_TRANSFER,OPERATING-001,Vendor payment INV-2026-001012
BNK-00000963,2026-04-09,DEBIT,10111.96,USD,Royal Networks Incorporated,420358865351,INV-2026-001014,WIRE,PAYABLES-001,Vendor payment INV-2026-001014
BNK-00001459,2026-04-09,DEBIT,1385412.22,LKR,Keystone Packaging Limited,137044812889,INV-2026-001521,CHEQUE,PAYABLES-001,Vendor payment INV-2026-001521
BNK-00001553,2026-04-09,DEBIT,3916.39,GBP,Pioneer Solutions Incorporated,977752159666,INV-2026-001619,BANK_TRANSFER,OPERATING-002,Vendor payment INV-2026-001619
BNK-00001790,2026-04-09,DEBIT,18757.87,USD,BrightPath Logistics Corporation,755696355114,INV-2026-001860,BANK_TRANSFER,OPERATING-002,Vendor payment INV-2026-001860
BNK-00001805,2026-04-09,DEBIT,19385.75,GBP,Royal Services Incorporated,692955158244,INV-2026-001875,ACH,OPERATING-002,Vendor payment INV-2026-001875
BNK-00001841,2026-04-09,DEBIT,1478429.47,LKR,Unity Trading Limited,386886767570,INV-2026-001911,ACH,PAYABLES-001,Vendor payment INV-2026-001911
BNK-00002047,2026-04-09,DEBIT,480656.54,LKR,National Telecom,158627655329,MISC-002047,WIRE,OPERATING-002,Utility payment
BNK-00002077,2026-04-09,DEBIT,5345.83,USD,City Power Utility,963025714270,MISC-002077,BANK_TRANSFER,OPERATING-002,Customer receipt
BNK-00002085,2026-04-09,DEBIT,4444.79,USD,City Power Utility,703666775407,MISC-002085,ACH,OPERATING-002,Operating expense
BNK-00000040,2026-04-10,DEBIT,946732.6,LKR,BrightPath Logistics Corporation,755696355114,INV-2026-000043,ACH,PAYABLES-001,Vendor payment INV-2026-000043
BNK-00000137,2026-04-10,DEBIT,10340.7,GBP,Zenith Holdings Incorporated,858634739565,INV-2026-000146,ACH,OPERATING-001,Vendor payment INV-2026-000146
BNK-00000211,2026-04-10,DEBIT,15923.33,USD,Harbor Supplies Limited,780648306067,INV-2026-000227,BANK_TRANSFER,OPERATING-001,Vendor payment INV-2026-000227
BNK-00000318,2026-04-10,DEBIT,3606.69,USD,Metro Consulting Corporation,455945973170,INV-2026-000333,ACH,OPERATING-001,Vendor payment INV-2026-000333
BNK-00000802,2026-04-10,DEBIT,3005.67,GBP,Delta Solutions Incorporated,482855037930,INV-2026-000848,WIRE,PAYABLES-001,Vendor payment INV-2026-000848
BNK-00000928,2026-04-10,DEBIT,333.46,USD,Apex Consulting Incorporated,509620244728,INV-2026-000976,CHEQUE,PAYABLES-001,Vendor payment INV-2026-000976
BNK-00000957,2026-04-10,DEBIT,13583.57,EUR,Titan Foods Incorporated,275661855915,INV-2026-001008,BANK_TRANSFER,PAYABLES-001,Vendor payment INV-2026-001008
BNK-00001049,2026-04-10,DEBIT,1849.9,USD,Lanka Foods Limited,482503603584,INV-2026-001098,CHEQUE,OPERATING-001,Vendor payment INV-2026-001098
BNK-00001919,2026-04-10,DEBIT,9126.73,EUR,Global Engineering Limited,159172251058,INV-2026-001998,WIRE,OPERATING-001,Vendor payment INV-2026-001998
BNK-00001933,2026-04-10,DEBIT,5282.48,EUR,Card Settlement,746899696491,MISC-001933,DIRECT_DEBIT,OPERATING-001,Tax payment
BNK-00002044,2026-04-10,CREDIT,304800.6,LKR,Interest Income,748320291357,MISC-002044,ACH,OPERATING-002,Payroll related
BNK-00002065,2026-04-10,DEBIT,6212.33,USD,City Power Utility,731217067552,MISC-002065,DIRECT_DEBIT,PAYABLES-001,Customer receipt
BNK-00000257,2026-04-11,DEBIT,17337.65,GBP,Global Textiles Limited,520913251936,INV-2026-000276,BANK_TRANSFER,OPERATING-001,Vendor payment INV-2026-000276
BNK-00000316,2026-04-11,DEBIT,3261.03,EUR,Crescent Logistics Corporation,835428871006,INV-2026-000331-P2,BANK_TRANSFER,PAYABLES-001,Part payment 2 for INV-2026-000331
BNK-00000446,2026-04-11,DEBIT,22045.24,EUR,Crescent Supplies Ltd,821600684492,INV-2026-000471,WIRE,OPERATING-002,Vendor payment INV-2026-000471
BNK-00000448,2026-04-11,DEBIT,1139391.23,LKR,Pioneer Packaging Limited,786086128752,INV-2026-000473-P1,BANK_TRANSFER,PAYABLES-001,Part payment 1 for INV-2026-000473
BNK-00000592,2026-04-11,DEBIT,9182.5,USD,Summit Textiles Incorporated,595553303426,INV-2026-000620,CHEQUE,PAYABLES-001,Vendor payment INV-2026-000620
BNK-00000921,2026-04-11,DEBIT,21805.05,USD,Seacrest Solutions Limited,245495438119,INV-2026-000969,ACH,PAYABLES-001,Vendor payment INV-2026-000969
BNK-00001060,2026-04-11,DEBIT,17647.78,GBP,Insight Svcs Limited,112978452832,INV-2026-001108,WIRE,PAYABLES-001,Vendor payment INV-2026-001108
BNK-00001172,2026-04-11,DEBIT,1206.47,USD,Keystone Packaging Limited,137044812889,INV-2026-001223,BANK_TRANSFER,OPERATING-001,Vendor payment INV-2026-001223
BNK-00001347,2026-04-11,DEBIT,745.19,USD,Metro Consulting Limited,223880907939,INV-2026-001404,BANK_TRANSFER,OPERATING-001,Vendor payment INV-2026-001404
BNK-00001463,2026-04-11,DEBIT,18715.33,GBP,Zenith Trading Incorporated,999134125065,INV-2026-001526,ACH,OPERATING-001,Vendor payment INV-2026-001526 incl bank fee
BNK-00001543,2026-04-11,DEBIT,4703.26,USD,Evergreen Systems Incorporated,574699427658,INV-2026-001607-P2,CHEQUE,OPERATING-001,Part payment 2 for INV-2026-001607
BNK-00001831,2026-04-11,DEBIT,10970.01,USD,Insight Services Limited,112978452832,INV-2026-001902,WIRE,PAYABLES-001,Vendor payment INV-2026-001902
BNK-00001882,2026-04-11,DEBIT,8750.87,EUR,ZENITH HOLDINGS INCORPORATED,858634739565,INV-2026-001954,BANK_TRANSFER,PAYABLES-001,Vendor payment INV-2026-001954
BNK-00000198,2026-04-12,DEBIT,16961.01,USD,Pioneer Solutions Incorporated,977752159666,INV-2026-000213,ACH,OPERATING-001,Vendor payment INV-2026-000213
BNK-00000249,2026-04-12,DEBIT,8434.59,USD,Zenith Trading Incorporated,999134125065,INV-2026-000265,CHEQUE,OPERATING-001,Vendor payment INV-2026-000265
BNK-00000449,2026-04-12,DEBIT,632520.69,LKR,Pioneer Packaging Limited,786086128752,INV-2026-000473-P2,ACH,PAYABLES-001,Part payment 2 for INV-2026-000473
BNK-00000816,2026-04-12,DEBIT,15846.67,EUR,Global Engineering Limited,159172251058,INV-2026-000862,BANK_TRANSFER,OPERATING-002,Vendor payment INV-2026-000862
BNK-00000911,2026-04-12,DEBIT,12128.2,GBP,Unity Technologies Limited,795191128611,INV-2026-000955,CHEQUE,OPERATING-002,Vendor payment INV-2026-000955
BNK-00001409,2026-04-12,DEBIT,10591.44,USD,Quantum Technologies Incorporated,178494949883,INV-2026-001475,CHEQUE,OPERATING-002,Vendor payment INV-2026-001475
BNK-00001501,2026-04-12,DEBIT,8517.99,EUR,Insight Technologies Incorporated,340733806442,INV-2026-001566,CHEQUE,PAYABLES-001,Vendor payment INV-2026-001566
BNK-00000180,2026-04-13,DEBIT,13454.22,USD,HARBOR LOGISTICS LIMITED,339669665349,INV-2026-000192,CHEQUE,OPERATING-002,Vendor payment INV-2026-000192
BNK-00000194,2026-04-13,DEBIT,6428.57,USD,Unity Foods Corporation,521330443041,INV-2026-000209,WIRE,OPERATING-002,Vendor payment INV-2026-000209
BNK-00000261,2026-04-13,DEBIT,478879.18,LKR,Nova Systems Corporation,367862118541,INV-2026-000280,WIRE,OPERATING-002,Vendor payment INV-2026-000280
BNK-00000311,2026-04-13,DEBIT,6459.29,USD,Keystone Trading Corporation,151975288711,INV-2026-000327,BANK_TRANSFER,OPERATING-002,Vendor payment INV-2026-000327
BNK-00000499,2026-04-13,DEBIT,16080.54,GBP,Pioneer Supplies Limited,848137395082,INV-2026-000527,CHEQUE,OPERATING-001,Vendor payment INV-2026-000527
BNK-00000550,2026-04-13,DEBIT,7606.18,USD,WESTBRIDGE LOGISTICS LIMITED,926130135930,INV-2026-000581,ACH,PAYABLES-001,Vendor payment INV-2026-000581
BNK-00000693,2026-04-13,DEBIT,15151.55,EUR,Harbor Supplies Limited,780648306067,INV-2026-000738,CHEQUE,PAYABLES-001,Vendor payment INV-2026-000738
BNK-00000735,2026-04-13,DEBIT,14516.07,USD,Keystone Technologies Incorporated,537795287592,INV-2026-000780,CHEQUE,OPERATING-002,Vendor payment INV-2026-000780
BNK-00000779,2026-04-13,DEBIT,2180208.46,LKR,Fusion Consulting Incorporated,159574598144,INV-2026-000824,BANK_TRANSFER,PAYABLES-001,Vendor payment INV-2026-000824
BNK-00000840,2026-04-13,DEBIT,1174.16,USD,Titan Foods Incorporated,275661855915,INV-2026-000886,ACH,OPERATING-002,Vendor payment INV-2026-000886
BNK-00000914,2026-04-13,DEBIT,17076.53,USD,Jade Industries Limited,540585735564,INV-2026-000959,WIRE,OPERATING-002,Vendor payment INV-2026-000959
BNK-00001195,2026-04-13,DEBIT,12030.29,USD,Vertex Consulting Incorporated,829094805956,INV-2026-001246,CHEQUE,PAYABLES-001,Vendor payment INV-2026-001246
BNK-00001598,2026-04-13,DEBIT,11361.88,EUR,Vertex Textiles Corporation,415235296085,INV-2026-001667,BANK_TRANSFER,OPERATING-001,Vendor payment INV-2026-001667
BNK-00001701,2026-04-13,DEBIT,4728.49,USD,Summit Textiles Incorporated,595553303426,INV-2026-001773,CHEQUE,PAYABLES-001,Vendor payment INV-2026-001773
BNK-00000011,2026-04-14,DEBIT,7512.46,USD,Evergreen Packaging Limited,589426971653,INV-2026-000010,ACH,OPERATING-001,Vendor payment INV-2026-000010
BNK-00000073,2026-04-14,DEBIT,10859.48,USD,Unity Trading Limited,386886767570,INV-2026-000077,BANK_TRANSFER,OPERATING-001,Vendor payment INV-2026-000077
BNK-00000085,2026-04-14,DEBIT,1302843.35,LKR,Crescent Supplies Corp,485089074443,INV-2026-000090,BANK_TRANSFER,OPERATING-002,Vendor payment INV-2026-000090
BNK-00000136,2026-04-14,DEBIT,635.16,USD,Metro Foods Limited,271054481685,INV-2026-000145,WIRE,OPERATING-001,Vendor payment INV-2026-000145
BNK-00000359,2026-04-14,DEBIT,8475.98,USD,Unity Foods Ltd,192330135002,INV-2026-000378,CHEQUE,OPERATING-002,Vendor payment INV-2026-000378
BNK-00000528,2026-04-14,DEBIT,1311831.3,LKR,Royal Supplies Incorporated,844119833085,INV-2026-000556,WIRE,OPERATING-002,Vendor payment INV-2026-000556
BNK-00000630,2026-04-14,DEBIT,636531.27,LKR,Global Trading Limited,791827976491,INV-2026-000658,WIRE,OPERATING-002,Vendor payment INV-2026-000658
BNK-00000778,2026-04-14,DEBIT,17941.21,EUR,Silverline Technologies Incorporated,636439249785,INV-2026-000823,BANK_TRANSFER,OPERATING-002,Vendor payment INV-2026-000823
BNK-00001069,2026-04-14,DEBIT,3321.08,USD,Royal Supplies Incorporated,844119833085,INV-2026-001117,ACH,OPERATING-001,Vendor payment INV-2026-001117
BNK-00001258,2026-04-14,DEBIT,2231.89,USD,Insight Services Limited,112978452832,INV-2026-001312,ACH,OPERATING-001,Vendor payment INV-2026-001312
BNK-00001345,2026-04-14,DEBIT,5083.41,EUR,KEYSTONE TRADING CORPORATION,151975288711,INV-2026-001402,CHEQUE,OPERATING-001,Vendor payment INV-2026-001402
BNK-00001924,2026-04-14,DEBIT,7151.13,EUR,National Telecom,386658036409,MISC-001924,ACH,PAYABLES-001,Tax payment
BNK-00001928,2026-04-14,DEBIT,3880.19,USD,Office Rent Holdings,225371202748,MISC-001928,BANK_TRANSFER,PAYABLES-001,Insurance payment
BNK-00000140,2026-04-15,DEBIT,11770.24,EUR,Orbit Supplies Limited,298066901090,INV-2026-000148,WIRE,OPERATING-002,Vendor payment INV-2026-000148
BNK-00000358,2026-04-15,DEBIT,6556.47,USD,Zenith Consulting Incorporated,300057279938,INV-2026-000377,CHEQUE,OPERATING-002,Vendor payment INV-2026-000377
BNK-00000447,2026-04-15,DEBIT,21852.02,EUR,Nova Engineering Corporation,781595872312,INV-2026-000472,CHEQUE,PAYABLES-001,Vendor payment INV-2026-000472 incl bank fee
BNK-00000573,2026-04-15,DEBIT,17983.01,USD,Harbor Logistics Limited,339669665349,INV-2026-000601,CHEQUE,PAYABLES-001,Vendor payment INV-2026-000601
BNK-00000631,2026-04-15,DEBIT,11959.42,USD,Nova Logistics Limited,988348638973,INV-2026-000660,ACH,OPERATING-001,Vendor payment INV-2026-000660
BNK-00000639,2026-04-15,DEBIT,916.26,USD,Zenith Supplies Limited,280242485333,INV-2026-000668,BANK_TRANSFER,OPERATING-001,Vendor payment INV-2026-000668
BNK-00000691,2026-04-15,DEBIT,21848.11,GBP,Evergreen Industries Corporation,191967772113,INV-2026-000736,CHEQUE,PAYABLES-001,Vendor payment INV-2026-000736 incl bank fee
BNK-00001148,2026-04-15,DEBIT,2524.73,EUR,Pioneer Packaging Limited,786086128752,INV-2026-001198,ACH,PAYABLES-001,Vendor payment INV-2026-001198
BNK-00001236,2026-04-15,DEBIT,17343.23,GBP,Zenith Consulting Limited,320972207209,INV-2026-001287,CHEQUE,OPERATING-001,Vendor payment INV-2026-001287
BNK-00001248,2026-04-15,DEBIT,15606.08,USD,Global Trading Limited,791827976491,INV-2026-001302,WIRE,OPERATING-002,Vendor payment INV-2026-001302
BNK-00001356,2026-04-15,DEBIT,8360.74,GBP,Nova Packaging Corporation,712652693184,INV-2026-001415,ACH,OPERATING-001,Vendor payment INV-2026-001415
BNK-00001374,2026-04-15,DEBIT,14967.77,USD,Silverline Services Limited,786420412894,INV-2026-001435,WIRE,OPERATING-002,Vendor payment INV-2026-001435
BNK-00001599,2026-04-15,DEBIT,16973.72,USD,Lanka Foods Limited,482503603584,INV-2026-001668,BANK_TRANSFER,OPERATING-001,Vendor payment INV-2026-001668
BNK-00001633,2026-04-15,DEBIT,13210.14,USD,QUANTUM TECHNOLOGIES INCORPORATED,178494949883,INV-2026-001704,BANK_TRANSFER,OPERATING-002,Vendor payment INV-2026-001704
BNK-00001808,2026-04-15,DEBIT,123322.23,LKR,Royal Networks Incorporated,420358865351,INV-2026-001878,CHEQUE,PAYABLES-001,Vendor payment INV-2026-001878 incl bank fee
BNK-00001969,2026-04-15,DEBIT,3470.89,USD,City Power Utility,217818457496,MISC-001969,ACH,OPERATING-002,Insurance payment
BNK-00000026,2026-04-16,DEBIT,19123.51,GBP,HARBOR TECHNOLOGIES LIMITED,664313517211,INV-2026-000028,CHEQUE,OPERATING-002,Vendor payment INV-2026-000028
BNK-00000486,2026-04-16,DEBIT,2985.64,USD,BrightPath Logistics Corporation,755696355114,INV-2026-000511,CHEQUE,PAYABLES-001,Vendor payment INV-2026-000511
BNK-00000618,2026-04-16,DEBIT,13985.9,GBP,Delta Solutions Incorporated,482855037930,INV-2026-000645,ACH,PAYABLES-001,Vendor payment INV-2026-000645
BNK-00000678,2026-04-16,DEBIT,1713.45,GBP,Insight Technologies Incorporated,340733806442,INV-2026-000715,BANK_TRANSFER,PAYABLES-001,Vendor payment INV-2026-000715
BNK-00000986,2026-04-16,DEBIT,15749.66,GBP,Pioneer Packaging Limited,786086128752,INV-2026-001035,ACH,OPERATING-001,Vendor payment INV-2026-001035
BNK-00001058,2026-04-16,DEBIT,17357.85,USD,Titan Foods Incorporated,275661855915,INV-2026-001106,CHEQUE,OPERATING-002,Vendor payment INV-2026-001106
BNK-00001140,2026-04-16,DEBIT,12180.3,GBP,Zenith Consulting Limited,320972207209,INV-2026-001191,BANK_TRANSFER,PAYABLES-001,Vendor payment INV-2026-001191
BNK-00001241,2026-04-16,DEBIT,15312.14,GBP,Nova Logistics Limited,988348638973,INV-2026-001294,CHEQUE,OPERATING-001,Vendor payment INV-2026-001294
BNK-00001402,2026-04-16,DEBIT,3967.37,USD,Metro Engineering Ltd,920438032193,INV-2026-001468,BANK_TRANSFER,OPERATING-002,Vendor payment INV-2026-001468
BNK-00001535,2026-04-16,DEBIT,1689087.66,LKR,Seacrest Consulting Inc,313671722771,INV-2026-001599,WIRE,OPERATING-002,Vendor payment INV-2026-001599
BNK-00001638,2026-04-16,DEBIT,19547.37,USD,Nova Textiles Corporation,367267673414,INV-2026-001709,WIRE,PAYABLES-001,Vendor payment INV-2026-001709
BNK-00001771,2026-04-16,DEBIT,19162.36,EUR,Harbor Technologies Limited,664313517211,INV-2026-001845,CHEQUE,OPERATING-002,Vendor payment INV-2026-001845
BNK-00001905,2026-04-16,DEBIT,21910.67,GBP,Jade Pharma Incorporated,991524726409,INV-2026-001979,CHEQUE,OPERATING-002,Vendor payment INV-2026-001979
BNK-00000110,2026-04-17,DEBIT,6825.55,EUR,Insight Technologies Incorporated,340733806442,INV-2026-000120,ACH,OPERATING-001,Vendor payment INV-2026-000120
BNK-00000348,2026-04-17,DEBIT,1930712.28,LKR,Quantum Technologies Incorporated,178494949883,INV-2026-000368,ACH,OPERATING-001,Vendor payment INV-2026-000368
BNK-00000689,2026-04-17,DEBIT,1432.6,USD,Harbor Logistics Limited,339669665349,INV-2026-000732,BANK_TRANSFER,OPERATING-001,Vendor payment INV-2026-000732
BNK-00000694,2026-04-17,DEBIT,14239.71,USD,Jade Industries Limited,540585735564,INV-2026-000739,WIRE,OPERATING-001,Vendor payment INV-2026-000739
BNK-00001099,2026-04-17,DEBIT,18849.97,EUR,EVERGREEN SYSTEMS INCORPORATED,574699427658,INV-2026-001149,CHEQUE,OPERATING-002,Vendor payment INV-2026-001149
BNK-00001139,2026-04-17,DEBIT,21012.86,USD,Silverline Systems Incorporated,812865433579,INV-2026-001190,ACH,PAYABLES-001,Vendor payment INV-2026-001190
BNK-00001213,2026-04-17,DEBIT,21897.21,GBP,Royal Holdings Limited,763541807547,INV-2026-001266,ACH,OPERATING-001,Vendor payment INV-2026-001266
BNK-00001446,2026-04-17,DEBIT,14523.42,EUR,Evergreen Industries Corporation,191967772113,INV-2026-001510,WIRE,OPERATING-002,Vendor payment INV-2026-001510
BNK-00001603,2026-04-17,DEBIT,1668.04,USD,Zenith Consulting Limited,320972207209,INV-2026-001672-P1,CHEQUE,OPERATING-001,Part payment 1 for INV-2026-001672
BNK-00001614,2026-04-17,DEBIT,6950.23,USD,Metro Holdings Incorporated,337635667755,INV-2026-001680,ACH,OPERATING-001,Vendor payment INV-2026-001680
BNK-00001920,2026-04-17,DEBIT,5022.9,GBP,Global Trading Limited,791827976491,INV-2026-001999,BANK_TRANSFER,OPERATING-001,Vendor payment INV-2026-001999
BNK-00001989,2026-04-17,CREDIT,1742.36,EUR,Bank Service Charges,794691096131,MISC-001989,ACH,OPERATING-001,Operating expense
BNK-00000130,2026-04-18,DEBIT,13310.13,USD,Royal Holdings Limited,763541807547,INV-2026-000140,ACH,PAYABLES-001,Vendor payment INV-2026-000140
BNK-00000204,2026-04-18,DEBIT,15497.66,EUR,Crescent Logistics Corporation,835428871006,INV-2026-000220,ACH,PAYABLES-001,Vendor payment INV-2026-000220
BNK-00000674,2026-04-18,DEBIT,20088.89,GBP,Metro Holdings Incorporated,337635667755,INV-2026-000710,BANK_TRANSFER,OPERATING-001,Vendor payment INV-2026-000710
BNK-00000701,2026-04-18,DEBIT,6983.57,USD,Redwood Logistics Incorporated,162027005011,INV-2026-000746,WIRE,OPERATING-002,Vendor payment INV-2026-000746
BNK-00001028,2026-04-18,DEBIT,8345.51,USD,Zenith Consulting Incorporated,300057279938,INV-2026-001078,WIRE,PAYABLES-001,Vendor payment INV-2026-001078
BNK-00001219,2026-04-18,DEBIT,16361.42,USD,Keystone Packaging Limited,137044812889,INV-2026-001272,ACH,OPERATING-001,Vendor payment INV-2026-001272
BNK-00001263,2026-04-18,DEBIT,5348.48,USD,Crescent Supplies Corporation,485089074443,INV-2026-001316,WIRE,PAYABLES-001,Vendor payment INV-2026-001316
BNK-00001447,2026-04-18,DEBIT,14523.42,EUR,Evergreen Industries Corporation,191967772113,INV-2026-001510,WIRE,OPERATING-002,Possible duplicate vendor payment INV-2026-001510
BNK-00001604,2026-04-18,DEBIT,1315.86,USD,Zenith Consulting Limited,320972207209,INV-2026-001672-P2,BANK_TRANSFER,OPERATING-001,Part payment 2 for INV-2026-001672
BNK-00001949,2026-04-18,DEBIT,265.23,USD,Government Tax Authority,638650256712,MISC-001949,DIRECT_DEBIT,PAYABLES-001,Payroll related
BNK-00002068,2026-04-18,DEBIT,4075.61,EUR,Employee Reimbursements,389631968708,MISC-002068,ACH,OPERATING-002,Rent payment
BNK-00000295,2026-04-19,DEBIT,175.9,USD,Royal Supplies Incorporated,844119833085,INV-2026-000310,CHEQUE,OPERATING-002,Vendor payment INV-2026-000310
BNK-00000430,2026-04-19,DEBIT,12792.67,USD,Titan Foods Incorporated,275661855915,INV-2026-000448,ACH,OPERATING-002,Vendor payment INV-2026-000448
BNK-00000747,2026-04-19,DEBIT,13774.68,USD,Global Engineering Limited,159172251058,INV-2026-000791,ACH,OPERATING-002,Vendor payment INV-2026-000791
BNK-00000910,2026-04-19,DEBIT,4032.55,EUR,Silverline Systems Incorporated,812865433579,INV-2026-000954,ACH,OPERATING-002,Vendor payment INV-2026-000954
BNK-00001173,2026-04-19,DEBIT,11712.48,USD,Apex Consulting Incorporated,509620244728,INV-2026-001224,ACH,PAYABLES-001,Vendor payment INV-2026-001224
BNK-00001520,2026-04-19,DEBIT,3447.62,EUR,Unity Technologies Ltd,795191128611,INV-2026-001584,BANK_TRANSFER,OPERATING-002,Vendor payment INV-2026-001584
BNK-00001680,2026-04-19,DEBIT,16531.0,USD,Zenith Trading Incorporated,999134125065,INV-2026-001751,BANK_TRANSFER,PAYABLES-001,Vendor payment INV-2026-001751
BNK-00001696,2026-04-19,DEBIT,13262.33,USD,Keystone Logistics Limited,373263685325,INV-2026-001767,WIRE,OPERATING-001,Vendor payment INV-2026-001767
BNK-00001712,2026-04-19,DEBIT,1285946.01,LKR,Harbor Services Incorporated,624015215345,INV-2026-001784,ACH,OPERATING-002,Vendor payment INV-2026-001784
BNK-00001773,2026-04-19,DEBIT,838758.92,LKR,Global Solutions Limited,524365842188,INV-2026-001847,ACH,OPERATING-001,Vendor payment INV-2026-001847
BNK-00001862,2026-04-19,DEBIT,10197.5,USD,Evergreen Systems Incorporated,574699427658,INV-2026-001935,WIRE,OPERATING-002,Vendor payment INV-2026-001935
BNK-00001890,2026-04-19,DEBIT,19197.41,USD,PIONEER TRADING INCORPORATED,131761864164,INV-2026-001963,ACH,PAYABLES-001,Vendor payment INV-2026-001963
BNK-00001929,2026-04-19,CREDIT,920.33,EUR,Office Rent Holdings,688599406836,MISC-001929,DIRECT_DEBIT,PAYABLES-001,Payroll related
BNK-00000201,2026-04-20,DEBIT,11346.27,USD,Metro Holdings Incorporated,337635667755,INV-2026-000217,BANK_TRANSFER,PAYABLES-001,Vendor payment INV-2026-000217
BNK-00000232,2026-04-20,DEBIT,4705.83,EUR,NOVA SYSTEMS CORPORATION,367862118541,INV-2026-000248,CHEQUE,OPERATING-001,Vendor payment INV-2026-000248
BNK-00000404,2026-04-20,DEBIT,9424.06,EUR,Delta Pharma Limited,449993794346,INV-2026-000423-P1,WIRE,OPERATING-002,Part payment 1 for INV-2026-000423
BNK-00000549,2026-04-20,DEBIT,5619.46,EUR,Nova Textiles Corporation,367267673414,INV-2026-000580,BANK_TRANSFER,OPERATING-001,Vendor payment INV-2026-000580 incl bank fee
BNK-00001181,2026-04-20,DEBIT,4791.35,EUR,Crescent Logistics Corporation,835428871006,INV-2026-001232-P1,ACH,OPERATING-001,Part payment 1 for INV-2026-001232
BNK-00001264,2026-04-20,DEBIT,20947.98,GBP,Titan Consulting Limited,210036267868,INV-2026-001317,CHEQUE,OPERATING-002,Vendor payment INV-2026-001317
BNK-00001337,2026-04-20,DEBIT,7658.94,EUR,Unity Trading Limited,386886767570,INV-2026-001395,CHEQUE,OPERATING-001,Vendor payment INV-2026-001395
BNK-00001453,2026-04-20,DEBIT,8367.74,EUR,Pioneer Solutions Incorporated,977752159666,INV-2026-001516,BANK_TRANSFER,OPERATING-001,Vendor payment INV-2026-001516
BNK-00001512,2026-04-20,DEBIT,21768.82,USD,Zenith Holdings Incorporated,858634739565,INV-2026-001576,ACH,OPERATING-001,Vendor payment INV-2026-001576
BNK-00001537,2026-04-20,DEBIT,4067.76,USD,Orbit Consulting Limited,884069898811,INV-2026-001601,WIRE,PAYABLES-001,Vendor payment INV-2026-001601
BNK-00001659,2026-04-20,DEBIT,2423.09,USD,Orbit Consulting Limited,884069898811,INV-2026-001733,BANK_TRANSFER,OPERATING-002,Vendor payment INV-2026-001733
BNK-00001795,2026-04-20,DEBIT,20887.86,USD,Lanka Foods Limited,482503603584,INV-2026-001865,WIRE,PAYABLES-001,Vendor payment INV-2026-001865
BNK-00001968,2026-04-20,DEBIT,5526.83,EUR,Interest Income,764699348843,MISC-001968,CARD,OPERATING-001,Payroll related
BNK-00002018,2026-04-20,DEBIT,5488.76,USD,City Power Utility,775678529014,MISC-002018,ACH,PAYABLES-001,Utility payment
BNK-00002057,2026-04-20,DEBIT,2797.51,EUR,National Telecom,622130414634,MISC-002057,ACH,OPERATING-002,Tax payment
BNK-00000024,2026-04-21,DEBIT,2518.64,USD,Global Engineering Ltd,159172251058,INV-2026-000025,BANK_TRANSFER,PAYABLES-001,Vendor payment INV-2026-000025
BNK-00000264,2026-04-21,DEBIT,2016503.63,LKR,Delta Pharma Limited,449993794346,INV-2026-000283,BANK_TRANSFER,OPERATING-001,Vendor payment INV-2026-000283
BNK-00000376,2026-04-21,DEBIT,17923.7,USD,Redwood Textiles Limited,797825279821,INV-2026-000395,BANK_TRANSFER,PAYABLES-001,Vendor payment INV-2026-000395
BNK-00000422,2026-04-21,DEBIT,265.73,EUR,Delta Solutions Corporation,641938372964,INV-2026-000440,BANK_TRANSFER,PAYABLES-001,Vendor payment INV-2026-000440
BNK-00000703,2026-04-21,DEBIT,11651.33,EUR,Global Engineering Limited,159172251058,INV-2026-000748,CHEQUE,OPERATING-001,Vendor payment INV-2026-000748
BNK-00001073,2026-04-21,DEBIT,12262.59,USD,Zenith Holdings Incorporated,858634739565,INV-2026-001122,BANK_TRANSFER,OPERATING-002,Vendor payment INV-2026-001122
BNK-00001147,2026-04-21,DEBIT,509191.02,LKR,Royal Services Incorporated,692955158244,INV-2026-001197,WIRE,PAYABLES-001,Vendor payment INV-2026-001197
BNK-00001175,2026-04-21,DEBIT,15428.93,EUR,Delta Solutions Corporation,641938372964,INV-2026-001226,WIRE,PAYABLES-001,Vendor payment INV-2026-001226
BNK-00001343,2026-04-21,DEBIT,8859.21,GBP,Metro Consulting Corporation,455945973170,INV-2026-001400,CHEQUE,OPERATING-002,Vendor payment INV-2026-001400
BNK-00001517,2026-04-21,DEBIT,4447.08,USD,Crescent Logistics Corporation,835428871006,INV-2026-001581,ACH,PAYABLES-001,Vendor payment INV-2026-001581
BNK-00001714,2026-04-21,DEBIT,7702.55,USD,Delta Solutions Corporation,641938372964,INV-2026-001787,ACH,PAYABLES-001,Vendor payment INV-2026-001787
BNK-00001936,2026-04-21,DEBIT,2055.27,USD,Insurance Provider,182181523696,MISC-001936,BANK_TRANSFER,OPERATING-001,Customer receipt
BNK-00000206,2026-04-22,DEBIT,22022.35,GBP,Fusion Consulting Incorporated,159574598144,INV-2026-000222,BANK_TRANSFER,PAYABLES-001,Vendor payment INV-2026-000222
BNK-00000493,2026-04-22,DEBIT,10848.6,USD,Keystone Technologies Incorporated,537795287592,INV-2026-000522,CHEQUE,PAYABLES-001,Vendor payment INV-2026-000522
BNK-00000814,2026-04-22,DEBIT,17452.25,USD,Vertex Supplies Corporation,715100412638,INV-2026-000860,ACH,OPERATING-002,Vendor payment INV-2026-000860
BNK-00001013,2026-04-22,DEBIT,1853130.82,LKR,ZENITH SUPPLIES LIMITED,280242485333,INV-2026-001063,CHEQUE,OPERATING-001,Vendor payment INV-2026-001063
BNK-00001105,2026-04-22,DEBIT,15734.48,USD,Vertex Textiles Corporation,415235296085,INV-2026-001155,ACH,OPERATING-002,Vendor payment INV-2026-001155
BNK-00001182,2026-04-22,DEBIT,5331.2,EUR,Crescent Logistics Corporation,835428871006,INV-2026-001232-P2,CHEQUE,OPERATING-001,Part payment 2 for INV-2026-001232
BNK-00001232,2026-04-22,DEBIT,20322.73,EUR,Delta Solutions Incorporated,482855037930,INV-2026-001284,WIRE,PAYABLES-001,Vendor payment INV-2026-001284
BNK-00001355,2026-04-22,DEBIT,3312.48,USD,Westbridge Logistics Limited,926130135930,INV-2026-001414,ACH,PAYABLES-001,Vendor payment INV-2026-001414 incl bank fee
BNK-00001534,2026-04-22,DEBIT,15945.42,GBP,Nova Textiles Corporation,367267673414,INV-2026-001598,ACH,OPERATING-002,Vendor payment INV-2026-001598
BNK-00001645,2026-04-22,DEBIT,5725.44,USD,Redwood Textiles Limited,797825279821,INV-2026-001718,CHEQUE,OPERATING-002,Vendor payment INV-2026-001718
BNK-00001907,2026-04-22,DEBIT,10867.54,USD,Zenith Consulting Limited,320972207209,INV-2026-001982,ACH,PAYABLES-001,Vendor payment INV-2026-001982
BNK-00002033,2026-04-22,DEBIT,2166.57,USD,City Power Utility,978066799734,MISC-002033,DIRECT_DEBIT,OPERATING-002,Tax payment
BNK-00000045,2026-04-23,DEBIT,2995.48,EUR,Silverline Services Limited,786420412894,INV-2026-000048,CHEQUE,OPERATING-002,Vendor payment INV-2026-000048
BNK-00000202,2026-04-23,DEBIT,6365.89,USD,Silverline Services Limited,786420412894,INV-2026-000218,BANK_TRANSFER,OPERATING-002,Vendor payment INV-2026-000218 incl bank fee
BNK-00000377,2026-04-23,DEBIT,17923.7,USD,Redwood Textiles Limited,797825279821,INV-2026-000395,ACH,PAYABLES-001,Possible duplicate vendor payment INV-2026-000395
BNK-00000686,2026-04-23,DEBIT,22317.57,USD,Seacrest Solutions Limited,245495438119,INV-2026-000729,CHEQUE,OPERATING-001,Vendor payment INV-2026-000729
BNK-00000742,2026-04-23,DEBIT,5262.13,USD,Unity Foods Corporation,521330443041,INV-2026-000788,ACH,PAYABLES-001,Vendor payment INV-2026-000788
BNK-00000763,2026-04-23,DEBIT,1754.77,EUR,Nova Textiles Corporation,367267673414,INV-2026-000808,BANK_TRANSFER,OPERATING-002,Vendor payment INV-2026-000808
BNK-00000784,2026-04-23,DEBIT,1158.54,USD,Delta Foods Corporation,430464641651,INV-2026-000830-P1,ACH,OPERATING-001,Part payment 1 for INV-2026-000830
BNK-00000838,2026-04-23,DEBIT,17064.08,EUR,Westbridge Logistics Ltd,926130135930,INV-2026-000884,CHEQUE,PAYABLES-001,Vendor payment INV-2026-000884
BNK-00000868,2026-04-23,DEBIT,21173.15,USD,Nova Textiles Corp,367267673414,INV-2026-000913,BANK_TRANSFER,OPERATING-001,Vendor payment INV-2026-000913
BNK-00000984,2026-04-23,DEBIT,882923.53,LKR,Seacrest Solutions Limited,245495438119,INV-2026-001034-P1,ACH,OPERATING-001,Part payment 1 for INV-2026-001034
BNK-00001102,2026-04-23,DEBIT,6023.67,USD,Seacrest Solutions Limited,245495438119,INV-2026-001153-P1,CHEQUE,PAYABLES-001,Part payment 1 for INV-2026-001153
BNK-00001254,2026-04-23,DEBIT,966178.84,LKR,Nova Logistics Limited,988348638973,INV-2026-001307,CHEQUE,OPERATING-001,Vendor payment INV-2026-001307
BNK-00001641,2026-04-23,DEBIT,827086.74,LKR,PIONEER SUPPLIES LIMITED,848137395082,INV-2026-001714,ACH,PAYABLES-001,Vendor payment INV-2026-001714
BNK-00001768,2026-04-23,DEBIT,18011.41,USD,Keystone Trading Corp,151975288711,INV-2026-001842,BANK_TRANSFER,PAYABLES-001,Vendor payment INV-2026-001842
BNK-00000185,2026-04-24,DEBIT,3346.99,EUR,Pioneer Industries Incorporated,588849788066,INV-2026-000197,WIRE,OPERATING-002,Vendor payment INV-2026-000197
BNK-00000189,2026-04-24,DEBIT,22180.27,GBP,Seacrest Consulting Incorporated,313671722771,INV-2026-000202,ACH,OPERATING-002,Vendor payment INV-2026-000202
BNK-00000291,2026-04-24,DEBIT,13505.72,EUR,Crescent Supplies Corporation,485089074443,INV-2026-000306,BANK_TRANSFER,PAYABLES-001,Vendor payment INV-2026-000306
BNK-00000294,2026-04-24,DEBIT,1609547.74,LKR,Redwood Textiles Limited,797825279821,INV-2026-000309,BANK_TRANSFER,PAYABLES-001,Vendor payment INV-2026-000309
BNK-00000314,2026-04-24,DEBIT,803.28,EUR,Royal Svcs Incorporated,692955158244,INV-2026-000330,WIRE,OPERATING-002,Vendor payment INV-2026-000330
BNK-00000405,2026-04-24,DEBIT,5612.7,EUR,Delta Pharma Limited,449993794346,INV-2026-000423-P2,WIRE,OPERATING-001,Part payment 2 for INV-2026-000423
BNK-00000471,2026-04-24,DEBIT,11315.79,USD,Crescent Supplies Corporation,485089074443,INV-2026-000494,ACH,OPERATING-001,Vendor payment INV-2026-000494
BNK-00000685,2026-04-24,DEBIT,887.12,GBP,Unity Foods Limited,192330135002,INV-2026-000727,WIRE,PAYABLES-001,Vendor payment INV-2026-000727
BNK-00000705,2026-04-24,DEBIT,15904.84,EUR,Zenith Supplies Limited,280242485333,INV-2026-000750,BANK_TRANSFER,OPERATING-001,Vendor payment INV-2026-000750
BNK-00000955,2026-04-24,DEBIT,8558.47,GBP,Redwood Logistics Inc,162027005011,INV-2026-001006,CHEQUE,PAYABLES-001,Vendor payment INV-2026-001006
BNK-00000985,2026-04-24,DEBIT,1004284.04,LKR,Seacrest Solutions Limited,245495438119,INV-2026-001034-P2,ACH,OPERATING-001,Part payment 2 for INV-2026-001034
BNK-00001144,2026-04-24,DEBIT,2099.03,USD,Delta Solutions Incorporated,482855037930,INV-2026-001194,CHEQUE,OPERATING-001,Vendor payment INV-2026-001194
BNK-00001233,2026-04-24,DEBIT,20322.73,EUR,Delta Solutions Incorporated,482855037930,INV-2026-001284,ACH,OPERATING-001,Possible duplicate vendor payment INV-2026-001284
BNK-00001445,2026-04-24,DEBIT,8838.31,USD,Pioneer Solutions Incorporated,977752159666,INV-2026-001509,CHEQUE,PAYABLES-001,Vendor payment INV-2026-001509
BNK-00001476,2026-04-24,DEBIT,12308.77,GBP,Westbridge Logistics Limited,926130135930,INV-2026-001538,ACH,OPERATING-002,Vendor payment INV-2026-001538
BNK-00001478,2026-04-24,DEBIT,20813.27,USD,Keystone Logistics Limited,373263685325,INV-2026-001540,WIRE,OPERATING-002,Vendor payment INV-2026-001540
BNK-00001498,2026-04-24,DEBIT,16543.54,USD,Nova Engineering Corporation,781595872312,INV-2026-001562,CHEQUE,PAYABLES-001,Vendor payment INV-2026-001562
BNK-00001677,2026-04-24,DEBIT,354086.62,LKR,Royal Holdings Limited,763541807547,INV-2026-001748,BANK_TRANSFER,OPERATING-002,Vendor payment INV-2026-001748
BNK-00001728,2026-04-24,DEBIT,19356.29,USD,Zenith Holdings Incorporated,858634739565,INV-2026-001804,BANK_TRANSFER,OPERATING-001,Vendor payment INV-2026-001804
BNK-00001865,2026-04-24,DEBIT,19061.4,USD,Silverline Systems Incorporated,812865433579,INV-2026-001938,BANK_TRANSFER,OPERATING-001,Vendor payment INV-2026-001938
BNK-00001895,2026-04-24,DEBIT,18620.55,GBP,Delta Pharma Limited,449993794346,INV-2026-001969,BANK_TRANSFER,OPERATING-001,Vendor payment INV-2026-001969
BNK-00001900,2026-04-24,DEBIT,1097.78,EUR,Insight Services Limited,112978452832,INV-2026-001973,CHEQUE,OPERATING-001,Vendor payment INV-2026-001973
BNK-00000127,2026-04-25,DEBIT,17627.02,USD,Harbor Industries Limited,656253304185,INV-2026-000137,CHEQUE,OPERATING-002,Vendor payment INV-2026-000137 incl bank fee
BNK-00000153,2026-04-25,DEBIT,2937.2,USD,Metro Foods Limited,271054481685,INV-2026-000160,BANK_TRANSFER,OPERATING-002,Vendor payment INV-2026-000160
BNK-00000274,2026-04-25,DEBIT,12094.18,EUR,Zenith Consulting Incorporated,300057279938,INV-2026-000292,ACH,PAYABLES-001,Vendor payment INV-2026-000292
BNK-00000344,2026-04-25,DEBIT,10043.42,GBP,Keystone Packaging Limited,137044812889,INV-2026-000362,CHEQUE,PAYABLES-001,Vendor payment INV-2026-000362
BNK-00000523,2026-04-25,DEBIT,6102.18,GBP,Lanka Foods Limited,482503603584,INV-2026-000552,ACH,OPERATING-002,Vendor payment INV-2026-000552
BNK-00000785,2026-04-25,DEBIT,884.67,USD,Delta Foods Corporation,430464641651,INV-2026-000830-P2,CHEQUE,OPERATING-001,Part payment 2 for INV-2026-000830
BNK-00000854,2026-04-25,DEBIT,19302.9,USD,Delta Solutions Corporation,641938372964,INV-2026-000898,WIRE,PAYABLES-001,Vendor payment INV-2026-000898
BNK-00000903,2026-04-25,DEBIT,9926.0,EUR,Metro Consulting Corporation,455945973170,INV-2026-000947-P1,CHEQUE,PAYABLES-001,Part payment 1 for INV-2026-000947
BNK-00000927,2026-04-25,DEBIT,9307.89,USD,BrightPath Logistics Corporation,755696355114,INV-2026-000975,ACH,OPERATING-002,Vendor payment INV-2026-000975
BNK-00001249,2026-04-25,DEBIT,415909.1,LKR,Royal Holdings Limited,763541807547,INV-2026-001303,WIRE,PAYABLES-001,Vendor payment INV-2026-001303
BNK-00001403,2026-04-25,DEBIT,3569.32,USD,Zenith Supplies Limited,280242485333,INV-2026-001469,CHEQUE,OPERATING-001,Vendor payment INV-2026-001469
BNK-00001442,2026-04-25,DEBIT,737.54,USD,Pioneer Solutions Incorporated,977752159666,INV-2026-001506,CHEQUE,PAYABLES-001,Vendor payment INV-2026-001506
BNK-00001546,2026-04-25,DEBIT,21289.81,USD,Evergreen Packaging Limited,589426971653,INV-2026-001611,BANK_TRANSFER,PAYABLES-001,Vendor payment INV-2026-001611
BNK-00001908,2026-04-25,DEBIT,23415.87,USD,Nova Solutions Corporation,307437974878,INV-2026-001983,CHEQUE,OPERATING-001,Vendor payment INV-2026-001983
BNK-00001971,2026-04-25,CREDIT,703.29,EUR,Insurance Provider,326838804068,MISC-001971,DIRECT_DEBIT,PAYABLES-001,Operating expense
BNK-00002027,2026-04-25,DEBIT,591.93,USD,National Telecom,427067635006,MISC-002027,BANK_TRANSFER,OPERATING-002,Operating expense
BNK-00000479,2026-04-26,DEBIT,4033.26,EUR,Pioneer Supplies Incorporated,478166864450,INV-2026-000505-P1,ACH,OPERATING-002,Part payment 1 for INV-2026-000505
BNK-00000585,2026-04-26,DEBIT,16149.15,EUR,Crescent Industries Limited,354876605861,INV-2026-000613,BANK_TRANSFER,OPERATING-002,Vendor payment INV-2026-000613 incl bank fee
BNK-00000642,2026-04-26,DEBIT,19525.78,GBP,Seacrest Solutions Limited,245495438119,INV-2026-000671,CHEQUE,OPERATING-002,Vendor payment INV-2026-000671
BNK-00000808,2026-04-26,DEBIT,2811.5,USD,Orbit Consulting Limited,884069898811,INV-2026-000854,CHEQUE,OPERATING-002,Vendor payment INV-2026-000854
BNK-00000939,2026-04-26,DEBIT,18010.25,GBP,Royal Networks Incorporated,420358865351,INV-2026-000989,CHEQUE,PAYABLES-001,Vendor payment INV-2026-000989
BNK-00000945,2026-04-26,DEBIT,12640.08,USD,Unity Foods Corporation,521330443041,INV-2026-000996,BANK_TRANSFER,PAYABLES-001,Vendor payment INV-2026-000996
BNK-00001223,2026-04-26,DEBIT,1924.52,EUR,Nova Textiles Corporation,367267673414,INV-2026-001276,BANK_TRANSFER,OPERATING-002,Vendor payment INV-2026-001276
BNK-00001377,2026-04-26,DEBIT,14483.74,USD,Harbor Services Incorporated,624015215345,INV-2026-001438,ACH,OPERATING-002,Vendor payment INV-2026-001438
BNK-00001897,2026-04-26,DEBIT,14911.71,USD,Unity Trading Limited,386886767570,INV-2026-001971,BANK_TRANSFER,OPERATING-002,Vendor payment INV-2026-001971
BNK-00000150,2026-04-27,DEBIT,12408.0,USD,Metro Consulting Limited,223880907939,INV-2026-000157,ACH,OPERATING-001,Vendor payment INV-2026-000157
BNK-00000154,2026-04-27,DEBIT,2920.65,USD,Zenith Holdings Incorporated,858634739565,INV-2026-000161,WIRE,OPERATING-002,Vendor payment INV-2026-000161
BNK-00000231,2026-04-27,DEBIT,15329.34,GBP,Nova Systems Corporation,367862118541,INV-2026-000247,BANK_TRANSFER,OPERATING-001,Vendor payment INV-2026-000247
BNK-00000758,2026-04-27,DEBIT,20168.55,USD,Keystone Packaging Limited,137044812889,INV-2026-000803,ACH,OPERATING-001,Vendor payment INV-2026-000803
BNK-00000904,2026-04-27,DEBIT,6507.69,EUR,Metro Consulting Corporation,455945973170,INV-2026-000947-P2,CHEQUE,OPERATING-001,Part payment 2 for INV-2026-000947
BNK-00001103,2026-04-27,DEBIT,10796.81,USD,Seacrest Solutions Limited,245495438119,INV-2026-001153-P2,ACH,OPERATING-001,Part payment 2 for INV-2026-001153
BNK-00001115,2026-04-27,DEBIT,18040.6,EUR,Crescent Supplies Corporation,485089074443,INV-2026-001166,CHEQUE,PAYABLES-001,Vendor payment INV-2026-001166
BNK-00001129,2026-04-27,DEBIT,21106.92,USD,Pioneer Packaging Ltd,786086128752,INV-2026-001180,WIRE,OPERATING-002,Vendor payment INV-2026-001180
BNK-00001167,2026-04-27,DEBIT,9145.96,GBP,Jade Pharma Incorporated,991524726409,INV-2026-001218,WIRE,OPERATING-001,Vendor payment INV-2026-001218
BNK-00001443,2026-04-27,DEBIT,13204.36,USD,ORBIT CONSULTING LIMITED,884069898811,INV-2026-001507,ACH,OPERATING-002,Vendor payment INV-2026-001507
BNK-00001522,2026-04-27,DEBIT,3223.73,USD,Orbit Consulting Limited,884069898811,INV-2026-001586,WIRE,OPERATING-002,Vendor payment INV-2026-001586
BNK-00001600,2026-04-27,DEBIT,1438407.04,LKR,Unity Trading Limited,386886767570,INV-2026-001669,CHEQUE,OPERATING-002,Vendor payment INV-2026-001669
BNK-00001914,2026-04-27,DEBIT,1630.76,EUR,UNITY PACKAGING CORPORATION,275583175291,INV-2026-001992,CHEQUE,PAYABLES-001,Vendor payment INV-2026-001992
BNK-00002090,2026-04-27,DEBIT,3280.49,USD,Card Settlement,962319071364,MISC-002090,CARD,PAYABLES-001,Operating expense
BNK-00000003,2026-04-28,DEBIT,14305.27,USD,Pioneer Supplies Incorporated,478166864450,INV-2026-000003,CHEQUE,OPERATING-001,Vendor payment INV-2026-000003
BNK-00000343,2026-04-28,DEBIT,1399961.12,LKR,Summit Textiles Incorporated,595553303426,INV-2026-000361,WIRE,OPERATING-001,Vendor payment INV-2026-000361
BNK-00000353,2026-04-28,DEBIT,7110.42,GBP,Orbit Consulting Limited,884069898811,INV-2026-000373,ACH,PAYABLES-001,Vendor payment INV-2026-000373
BNK-00000354,2026-04-28,DEBIT,7110.42,GBP,Orbit Consulting Limited,884069898811,INV-2026-000373,WIRE,OPERATING-001,Possible duplicate vendor payment INV-2026-000373
BNK-00000644,2026-04-28,DEBIT,2455.47,GBP,Silverline Technologies Incorporated,636439249785,INV-2026-000674,BANK_TRANSFER,OPERATING-001,Vendor payment INV-2026-000674
BNK-00000908,2026-04-28,DEBIT,3704.77,USD,Metro Foods Limited,271054481685,INV-2026-000952,ACH,OPERATING-001,Vendor payment INV-2026-000952 incl bank fee
BNK-00001412,2026-04-28,DEBIT,4173.87,GBP,Pioneer Packaging Limited,786086128752,INV-2026-001478,CHEQUE,PAYABLES-001,Vendor payment INV-2026-001478
BNK-00001533,2026-04-28,DEBIT,2946.39,USD,Zenith Trading Incorporated,999134125065,INV-2026-001597,ACH,PAYABLES-001,Vendor payment INV-2026-001597 incl bank fee
BNK-00001562,2026-04-28,DEBIT,7070.68,USD,Silverline Services Limited,786420412894,INV-2026-001627,ACH,OPERATING-002,Vendor payment INV-2026-001627
BNK-00001688,2026-04-28,DEBIT,12380.98,EUR,Orbit Pharma Corporation,243661253546,INV-2026-001758,WIRE,OPERATING-001,Vendor payment INV-2026-001758
BNK-00001730,2026-04-28,DEBIT,2067.41,USD,Royal Services Incorporated,692955158244,INV-2026-001806,CHEQUE,PAYABLES-001,Vendor payment INV-2026-001806
BNK-00001947,2026-04-28,DEBIT,2907.53,USD,Card Settlement,426480147903,MISC-001947,WIRE,OPERATING-001,Customer receipt
BNK-00002000,2026-04-28,CREDIT,123444.77,LKR,Office Rent Holdings,345858216635,MISC-002000,WIRE,PAYABLES-001,Operating expense
BNK-00000770,2026-04-29,DEBIT,21497.1,USD,Silverline Technologies Incorporated,636439249785,INV-2026-000815,BANK_TRANSFER,PAYABLES-001,Vendor payment INV-2026-000815
BNK-00001317,2026-04-29,DEBIT,15788.46,EUR,Unity Packaging Corporation,275583175291,INV-2026-001375,BANK_TRANSFER,OPERATING-001,Vendor payment INV-2026-001375
BNK-00001334,2026-04-29,DEBIT,4053.17,GBP,Harbor Services Incorporated,624015215345,INV-2026-001392,BANK_TRANSFER,PAYABLES-001,Vendor payment INV-2026-001392
BNK-00001405,2026-04-29,DEBIT,11024.04,USD,Nova Logistics Limited,988348638973,INV-2026-001471,CHEQUE,OPERATING-001,Vendor payment INV-2026-001471
BNK-00001596,2026-04-29,DEBIT,22790.07,USD,Crescent Supplies Corporation,485089074443,INV-2026-001665,CHEQUE,PAYABLES-001,Vendor payment INV-2026-001665
BNK-00001648,2026-04-29,DEBIT,19691.92,EUR,Seacrest Consulting Incorporated,313671722771,INV-2026-001721,CHEQUE,PAYABLES-001,Vendor payment INV-2026-001721 incl bank fee
BNK-00001972,2026-04-29,DEBIT,466720.23,LKR,Insurance Provider,859136249772,MISC-001972,WIRE,OPERATING-001,Customer receipt
BNK-00001998,2026-04-29,DEBIT,618564.06,LKR,Employee Reimbursements,759640976416,MISC-001998,ACH,OPERATING-001,Tax payment
BNK-00000058,2026-04-30,DEBIT,850583.99,LKR,Seacrest Holdings Limited,693021588007,INV-2026-000063,WIRE,PAYABLES-001,Vendor payment INV-2026-000063
BNK-00000071,2026-04-30,DEBIT,1203.29,USD,Evergreen Industries Corporation,191967772113,INV-2026-000075,WIRE,OPERATING-002,Vendor payment INV-2026-000075
BNK-00000347,2026-04-30,DEBIT,785.8,GBP,Pioneer Industries Incorporated,588849788066,INV-2026-000366,CHEQUE,OPERATING-002,Vendor payment INV-2026-000366
BNK-00000418,2026-04-30,DEBIT,5132.1,USD,Silverline Logistics Limited,381959955088,INV-2026-000436,CHEQUE,OPERATING-001,Vendor payment INV-2026-000436
BNK-00000480,2026-04-30,DEBIT,2907.5,EUR,Pioneer Supplies Incorporated,478166864450,INV-2026-000505-P2,CHEQUE,OPERATING-001,Part payment 2 for INV-2026-000505
BNK-00000636,2026-04-30,DEBIT,17230.65,USD,Global Engineering Limited,159172251058,INV-2026-000665,CHEQUE,OPERATING-002,Vendor payment INV-2026-000665
BNK-00001188,2026-04-30,DEBIT,12778.84,USD,Orbit Trading Limited,670621564585,INV-2026-001238,ACH,PAYABLES-001,Vendor payment INV-2026-001238
BNK-00001221,2026-04-30,DEBIT,17265.7,GBP,Silverline Systems Incorporated,812865433579,INV-2026-001274,WIRE,OPERATING-002,Vendor payment INV-2026-001274
BNK-00001372,2026-04-30,DEBIT,8086.7,USD,Nova Engineering Corporation,781595872312,INV-2026-001433,CHEQUE,OPERATING-001,Vendor payment INV-2026-001433
BNK-00001457,2026-04-30,DEBIT,8757.81,EUR,Titan Foods Incorporated,275661855915,INV-2026-001519,ACH,OPERATING-002,Vendor payment INV-2026-001519
BNK-00001621,2026-04-30,DEBIT,689072.64,LKR,Zenith Consulting Incorporated,300057279938,INV-2026-001691,ACH,OPERATING-001,Vendor payment INV-2026-001691 incl bank fee
BNK-00001660,2026-04-30,DEBIT,1312.68,USD,Royal Networks Incorporated,420358865351,INV-2026-001734,CHEQUE,OPERATING-001,Vendor payment INV-2026-001734
BNK-00001787,2026-04-30,DEBIT,21425.34,USD,Insight Services Limited,112978452832,INV-2026-001858,CHEQUE,OPERATING-001,Vendor payment INV-2026-001858
BNK-00000036,2026-05-01,DEBIT,22445.52,EUR,Evergreen Industries Corporation,191967772113,INV-2026-000039,ACH,OPERATING-002,Vendor payment INV-2026-000039
BNK-00001361,2026-05-01,DEBIT,7431.57,USD,Delta Solutions Corporation,641938372964,INV-2026-001422,ACH,OPERATING-001,Vendor payment INV-2026-001422
BNK-00001441,2026-05-01,DEBIT,21095.66,USD,Orbit Supplies Limited,298066901090,INV-2026-001505,WIRE,PAYABLES-001,Vendor payment INV-2026-001505
BNK-00001649,2026-05-01,DEBIT,2369.06,USD,Harbor Logistics Ltd,339669665349,INV-2026-001722,BANK_TRANSFER,OPERATING-002,Vendor payment INV-2026-001722
BNK-00000052,2026-05-02,DEBIT,3466.02,USD,Insight Services Limited,112978452832,INV-2026-000057,CHEQUE,PAYABLES-001,Vendor payment INV-2026-000057
BNK-00000227,2026-05-02,DEBIT,9746.52,USD,Silverline Technologies Incorporated,636439249785,INV-2026-000243,ACH,OPERATING-001,Vendor payment INV-2026-000243
BNK-00001922,2026-05-02,DEBIT,630731.11,LKR,Interest Income,165481564551,MISC-001922,DIRECT_DEBIT,PAYABLES-001,Operating expense
BNK-00000048,2026-05-03,DEBIT,5239.54,USD,Nova Packaging Corporation,712652693184,INV-2026-000051,ACH,PAYABLES-001,Vendor payment INV-2026-000051
BNK-00000292,2026-05-03,DEBIT,18723.66,USD,Crescent Industries Limited,354876605861,INV-2026-000307,BANK_TRANSFER,OPERATING-002,Vendor payment INV-2026-000307
BNK-00000582,2026-05-03,DEBIT,18332.16,EUR,Northstar Packaging Corporation,984294502389,INV-2026-000610,BANK_TRANSFER,OPERATING-002,Vendor payment INV-2026-000610
BNK-00000775,2026-05-03,DEBIT,8617.54,GBP,Seacrest Consulting Incorporated,313671722771,INV-2026-000820,WIRE,PAYABLES-001,Vendor payment INV-2026-000820
BNK-00001395,2026-05-03,DEBIT,1649073.62,LKR,Global Textiles Ltd,520913251936,INV-2026-001458,ACH,OPERATING-001,Vendor payment INV-2026-001458
BNK-00001448,2026-05-03,DEBIT,4010.08,USD,Northstar Packaging Corporation,984294502389,INV-2026-001511,CHEQUE,OPERATING-002,Vendor payment INV-2026-001511
BNK-00001550,2026-05-03,DEBIT,6870.96,USD,Keystone Technologies Incorporated,537795287592,INV-2026-001615,WIRE,OPERATING-002,Vendor payment INV-2026-001615
BNK-00001774,2026-05-03,DEBIT,21197.51,USD,Zenith Consulting Incorporated,300057279938,INV-2026-001848,BANK_TRANSFER,OPERATING-002,Vendor payment INV-2026-001848
BNK-00001778,2026-05-03,DEBIT,20225.16,USD,Delta Solutions Corporation,641938372964,INV-2026-001852,CHEQUE,OPERATING-002,Vendor payment INV-2026-001852
BNK-00001779,2026-05-03,DEBIT,20225.16,USD,Delta Solutions Corporation,641938372964,INV-2026-001852,CHEQUE,PAYABLES-001,Possible duplicate vendor payment INV-2026-001852
BNK-00001846,2026-05-03,DEBIT,7744.64,USD,Keystone Trading Corporation,151975288711,INV-2026-001916,WIRE,PAYABLES-001,Vendor payment INV-2026-001916
BNK-00000875,2026-05-04,DEBIT,4356.62,USD,Zenith Supplies Limited,280242485333,INV-2026-000921,WIRE,PAYABLES-001,Vendor payment INV-2026-000921
BNK-00001046,2026-05-04,DEBIT,2762.88,USD,Fusion Consulting Incorporated,159574598144,INV-2026-001095,ACH,OPERATING-002,Vendor payment INV-2026-001095 incl bank fee
BNK-00001256,2026-05-04,DEBIT,9286.2,GBP,Zenith Trading Incorporated,999134125065,INV-2026-001310,WIRE,PAYABLES-001,Vendor payment INV-2026-001310
BNK-00001495,2026-05-04,DEBIT,960761.49,LKR,Fusion Consulting Incorporated,159574598144,INV-2026-001558,CHEQUE,OPERATING-002,Vendor payment INV-2026-001558
BNK-00001690,2026-05-04,DEBIT,18833.06,EUR,Pioneer Supplies Incorporated,478166864450,INV-2026-001762,BANK_TRANSFER,OPERATING-002,Vendor payment INV-2026-001762
BNK-00001844,2026-05-04,DEBIT,3272.83,USD,Orbit Supplies Limited,298066901090,INV-2026-001914,BANK_TRANSFER,OPERATING-002,Vendor payment INV-2026-001914
BNK-00002016,2026-05-04,DEBIT,5432.07,USD,Insurance Provider,121205937684,MISC-002016,ACH,PAYABLES-001,Tax payment
BNK-00000102,2026-05-05,DEBIT,8447.59,USD,Vertex Supplies Corporation,715100412638,INV-2026-000112,CHEQUE,OPERATING-002,Vendor payment INV-2026-000112
BNK-00000103,2026-05-05,DEBIT,8447.59,USD,Vertex Supplies Corporation,715100412638,INV-2026-000112,CHEQUE,OPERATING-001,Possible duplicate vendor payment INV-2026-000112
BNK-00000293,2026-05-05,DEBIT,12234.76,USD,Zenith Consulting Ltd,320972207209,INV-2026-000308,WIRE,OPERATING-001,Vendor payment INV-2026-000308
BNK-00000862,2026-05-05,DEBIT,1536639.48,LKR,Metro Foods Limited,271054481685,INV-2026-000907,WIRE,OPERATING-002,Vendor payment INV-2026-000907
BNK-00001025,2026-05-05,DEBIT,1538667.47,LKR,Orbit Trading Limited,670621564585,INV-2026-001075,BANK_TRANSFER,PAYABLES-001,Vendor payment INV-2026-001075
BNK-00001080,2026-05-05,DEBIT,19248.54,USD,Royal Networks Incorporated,420358865351,INV-2026-001131,CHEQUE,PAYABLES-001,Vendor payment INV-2026-001131 incl bank fee
BNK-00001428,2026-05-05,DEBIT,8061.81,EUR,Redwood Logistics Incorporated,162027005011,INV-2026-001492,WIRE,OPERATING-001,Vendor payment INV-2026-001492
BNK-00001491,2026-05-05,DEBIT,8986.62,USD,Nova Solutions Corporation,307437974878,INV-2026-001554,BANK_TRANSFER,OPERATING-002,Vendor payment INV-2026-001554
BNK-00001758,2026-05-05,DEBIT,14277.16,USD,Zenith Consulting Limited,320972207209,INV-2026-001832,WIRE,OPERATING-001,Vendor payment INV-2026-001832
BNK-00001927,2026-05-05,DEBIT,4400.34,EUR,National Telecom,916310101609,MISC-001927,ACH,OPERATING-002,Tax payment
BNK-00002021,2026-05-05,DEBIT,3547.73,USD,Insurance Provider,898403352326,MISC-002021,BANK_TRANSFER,OPERATING-001,Operating expense
BNK-00000135,2026-05-06,DEBIT,17583.64,USD,Harbor Logistics Limited,339669665349,INV-2026-000144,CHEQUE,OPERATING-002,Vendor payment INV-2026-000144
BNK-00000224,2026-05-06,DEBIT,2678.05,USD,Keystone Packaging Limited,137044812889,INV-2026-000239,ACH,PAYABLES-001,Vendor payment INV-2026-000239
BNK-00000375,2026-05-06,DEBIT,14409.07,EUR,Royal Networks Incorporated,420358865351,INV-2026-000394,ACH,OPERATING-002,Vendor payment INV-2026-000394
BNK-00000542,2026-05-06,DEBIT,572.23,USD,Titan Consulting Limited,210036267868,INV-2026-000573,WIRE,OPERATING-001,Vendor payment INV-2026-000573
BNK-00001007,2026-05-06,DEBIT,16076.06,USD,ROYAL SERVICES INCORPORATED,692955158244,INV-2026-001057,ACH,OPERATING-002,Vendor payment INV-2026-001057
BNK-00001047,2026-05-06,DEBIT,17943.12,GBP,Silverline Logistics Limited,381959955088,INV-2026-001096,WIRE,OPERATING-002,Vendor payment INV-2026-001096
BNK-00001138,2026-05-06,DEBIT,2121.35,USD,Redwood Textiles Ltd,797825279821,INV-2026-001189,CHEQUE,PAYABLES-001,Vendor payment INV-2026-001189
BNK-00001644,2026-05-06,DEBIT,13027.36,EUR,Pioneer Solutions Incorporated,977752159666,INV-2026-001717,BANK_TRANSFER,PAYABLES-001,Vendor payment INV-2026-001717
BNK-00001671,2026-05-06,DEBIT,1806.67,EUR,Delta Solutions Incorporated,482855037930,INV-2026-001742,WIRE,PAYABLES-001,Vendor payment INV-2026-001742
BNK-00001713,2026-05-06,DEBIT,2949.23,USD,Royal Networks Inc,420358865351,INV-2026-001785,ACH,PAYABLES-001,Vendor payment INV-2026-001785
BNK-00000151,2026-05-07,DEBIT,19018.3,USD,Metro Engineering Limited,920438032193,INV-2026-000158,ACH,OPERATING-001,Vendor payment INV-2026-000158
BNK-00000474,2026-05-07,DEBIT,3221.19,USD,Vertex Consulting Incorporated,829094805956,INV-2026-000499,WIRE,PAYABLES-001,Vendor payment INV-2026-000499
BNK-00000710,2026-05-07,DEBIT,2596.45,USD,Vertex Packaging Incorporated,873883374114,INV-2026-000754,BANK_TRANSFER,OPERATING-002,Vendor payment INV-2026-000754
BNK-00000830,2026-05-07,DEBIT,10209.09,GBP,Global Textiles Limited,520913251936,INV-2026-000876,ACH,OPERATING-001,Vendor payment INV-2026-000876
BNK-00001095,2026-05-07,DEBIT,7194.05,GBP,Lanka Foods Limited,482503603584,INV-2026-001145,CHEQUE,PAYABLES-001,Vendor payment INV-2026-001145
BNK-00001104,2026-05-07,DEBIT,9489.32,USD,Crescent Industries Limited,354876605861,INV-2026-001154,WIRE,PAYABLES-001,Vendor payment INV-2026-001154
BNK-00001335,2026-05-07,DEBIT,4548.99,USD,Apex Consulting Incorporated,509620244728,INV-2026-001393,BANK_TRANSFER,OPERATING-001,Vendor payment INV-2026-001393
BNK-00001847,2026-05-07,DEBIT,14797.82,EUR,Orbit Pharma Corp,243661253546,INV-2026-001917,WIRE,OPERATING-001,Vendor payment INV-2026-001917
BNK-00001849,2026-05-07,DEBIT,10079.28,GBP,ZENITH TRADING INCORPORATED,999134125065,INV-2026-001919,WIRE,OPERATING-002,Vendor payment INV-2026-001919
BNK-00001948,2026-05-07,DEBIT,679.28,USD,City Power Utility,229094271718,MISC-001948,WIRE,OPERATING-002,Utility payment
BNK-00002039,2026-05-07,DEBIT,3680.96,USD,Interest Income,804311438828,MISC-002039,BANK_TRANSFER,OPERATING-001,Utility payment
BNK-00000272,2026-05-08,DEBIT,13855.38,EUR,Nova Engineering Corporation,781595872312,INV-2026-000291,CHEQUE,OPERATING-001,Vendor payment INV-2026-000291
BNK-00000273,2026-05-08,DEBIT,13855.38,EUR,Nova Engineering Corporation,781595872312,INV-2026-000291,WIRE,OPERATING-001,Possible duplicate vendor payment INV-2026-000291
BNK-00000423,2026-05-08,DEBIT,12756.45,USD,Unity Technologies Limited,795191128611,INV-2026-000441,BANK_TRANSFER,OPERATING-001,Vendor payment INV-2026-000441
BNK-00000729,2026-05-08,DEBIT,17604.82,USD,Royal Networks Inc,420358865351,INV-2026-000774,WIRE,OPERATING-002,Vendor payment INV-2026-000774
BNK-00000878,2026-05-08,DEBIT,8995.55,GBP,Vertex Textiles Corporation,415235296085,INV-2026-000924,CHEQUE,PAYABLES-001,Vendor payment INV-2026-000924
BNK-00000898,2026-05-08,DEBIT,4070.63,GBP,Pioneer Supplies Incorporated,478166864450,INV-2026-000942,CHEQUE,OPERATING-002,Vendor payment INV-2026-000942 incl bank fee
BNK-00000949,2026-05-08,DEBIT,10228.74,USD,Nova Systems Corporation,367862118541,INV-2026-001000,CHEQUE,OPERATING-001,Vendor payment INV-2026-001000
BNK-00000997,2026-05-08,DEBIT,14153.97,GBP,Zenith Packaging Limited,521010568149,INV-2026-001046,CHEQUE,OPERATING-001,Vendor payment INV-2026-001046
BNK-00001012,2026-05-08,DEBIT,564674.68,LKR,Evergreen Industries Corp,191967772113,INV-2026-001062,ACH,PAYABLES-001,Vendor payment INV-2026-001062
BNK-00001015,2026-05-08,DEBIT,8248.8,USD,Crescent Supplies Limited,821600684492,INV-2026-001065,ACH,PAYABLES-001,Vendor payment INV-2026-001065 incl bank fee
BNK-00001234,2026-05-08,DEBIT,16171.98,USD,Keystone Trading Corporation,151975288711,INV-2026-001285,BANK_TRANSFER,PAYABLES-001,Vendor payment INV-2026-001285
BNK-00001455,2026-05-08,DEBIT,6502.93,EUR,Nova Textiles Corporation,367267673414,INV-2026-001518,ACH,OPERATING-002,Vendor payment INV-2026-001518
BNK-00001842,2026-05-08,DEBIT,14296.83,EUR,Lanka Foods Limited,482503603584,INV-2026-001912,WIRE,OPERATING-002,Vendor payment INV-2026-001912
BNK-00000049,2026-05-09,DEBIT,19300.71,USD,Seacrest Consulting Inc,313671722771,INV-2026-000052,BANK_TRANSFER,OPERATING-002,Vendor payment INV-2026-000052
BNK-00000226,2026-05-09,DEBIT,5903.4,USD,Unity Technologies Limited,795191128611,INV-2026-000242,BANK_TRANSFER,PAYABLES-001,Vendor payment INV-2026-000242
BNK-00000265,2026-05-09,DEBIT,8639.21,USD,Nova Engineering Corporation,781595872312,INV-2026-000284,BANK_TRANSFER,OPERATING-001,Vendor payment INV-2026-000284
BNK-00000481,2026-05-09,DEBIT,897787.42,LKR,Nova Packaging Corp,712652693184,INV-2026-000506,BANK_TRANSFER,PAYABLES-001,Vendor payment INV-2026-000506
BNK-00001359,2026-05-09,DEBIT,10088.94,USD,Pioneer Supplies Incorporated,478166864450,INV-2026-001418,BANK_TRANSFER,PAYABLES-001,Vendor payment INV-2026-001418
BNK-00001636,2026-05-09,DEBIT,5278.62,EUR,Insight Technologies Incorporated,340733806442,INV-2026-001707,CHEQUE,OPERATING-002,Vendor payment INV-2026-001707
BNK-00001655,2026-05-09,DEBIT,12461.37,GBP,Nova Packaging Corp,712652693184,INV-2026-001729,BANK_TRANSFER,OPERATING-001,Vendor payment INV-2026-001729
BNK-00001837,2026-05-09,DEBIT,415397.75,LKR,Quantum Technologies Incorporated,178494949883,INV-2026-001907,BANK_TRANSFER,PAYABLES-001,Vendor payment INV-2026-001907
BNK-00002024,2026-05-09,CREDIT,3631.66,EUR,City Power Utility,419088831778,MISC-002024,BANK_TRANSFER,OPERATING-001,Payroll related
BNK-00000041,2026-05-10,DEBIT,20418.35,USD,Pioneer Solutions Incorporated,977752159666,INV-2026-000045,ACH,OPERATING-002,Vendor payment INV-2026-000045
BNK-00000081,2026-05-10,DEBIT,18468.94,GBP,BrightPath Logistics Corporation,755696355114,INV-2026-000086,WIRE,OPERATING-001,Vendor payment INV-2026-000086
BNK-00000082,2026-05-10,DEBIT,1509.29,EUR,DELTA SOLUTIONS CORPORATION,641938372964,INV-2026-000087,CHEQUE,OPERATING-002,Vendor payment INV-2026-000087
BNK-00000361,2026-05-10,DEBIT,1712123.55,LKR,Zenith Consulting Incorporated,300057279938,INV-2026-000381,BANK_TRANSFER,OPERATING-001,Vendor payment INV-2026-000381
BNK-00000545,2026-05-10,DEBIT,12071.14,USD,Harbor Industries Limited,656253304185,INV-2026-000577,WIRE,PAYABLES-001,Vendor payment INV-2026-000577
BNK-00000916,2026-05-10,DEBIT,2621.69,USD,Keystone Technologies Inc,537795287592,INV-2026-000963,BANK_TRANSFER,OPERATING-002,Vendor payment INV-2026-000963
BNK-00000972,2026-05-10,DEBIT,13400.69,USD,Crescent Industries Limited,354876605861,INV-2026-001023,ACH,OPERATING-001,Vendor payment INV-2026-001023
BNK-00001035,2026-05-10,DEBIT,19283.65,USD,Pioneer Industries Incorporated,588849788066,INV-2026-001085,CHEQUE,OPERATING-001,Vendor payment INV-2026-001085
BNK-00001212,2026-05-10,DEBIT,21633.25,USD,Unity Packaging Corporation,275583175291,INV-2026-001265,ACH,OPERATING-002,Vendor payment INV-2026-001265
BNK-00001235,2026-05-10,DEBIT,6941.34,USD,Global Trading Limited,791827976491,INV-2026-001286,WIRE,PAYABLES-001,Vendor payment INV-2026-001286
BNK-00001413,2026-05-10,DEBIT,4744.13,USD,Zenith Consulting Incorporated,300057279938,INV-2026-001479-P1,CHEQUE,OPERATING-001,Part payment 1 for INV-2026-001479
BNK-00001421,2026-05-10,DEBIT,9432.41,USD,Metro Holdings Incorporated,337635667755,INV-2026-001486,BANK_TRANSFER,OPERATING-002,Vendor payment INV-2026-001486
BNK-00001429,2026-05-10,DEBIT,333369.54,LKR,Silverline Systems Incorporated,812865433579,INV-2026-001493,WIRE,PAYABLES-001,Vendor payment INV-2026-001493
BNK-00001433,2026-05-10,DEBIT,18661.7,GBP,Metro Consulting Limited,223880907939,INV-2026-001497,BANK_TRANSFER,OPERATING-002,Vendor payment INV-2026-001497
BNK-00001456,2026-05-10,DEBIT,6502.93,EUR,Nova Textiles Corporation,367267673414,INV-2026-001518,BANK_TRANSFER,PAYABLES-001,Possible duplicate vendor payment INV-2026-001518
BNK-00001469,2026-05-10,DEBIT,2629.42,EUR,INSIGHT TECHNOLOGIES INCORPORATED,340733806442,INV-2026-001531,CHEQUE,PAYABLES-001,Vendor payment INV-2026-001531
BNK-00001951,2026-05-10,DEBIT,2878.09,USD,Government Tax Authority,244682625647,MISC-001951,DIRECT_DEBIT,OPERATING-002,Rent payment
BNK-00000165,2026-05-11,DEBIT,1369435.62,LKR,Vertex Textiles Corporation,415235296085,INV-2026-000174,ACH,PAYABLES-001,Vendor payment INV-2026-000174
BNK-00000435,2026-05-11,DEBIT,9816.61,USD,Royal Networks Incorporated,420358865351,INV-2026-000456,CHEQUE,PAYABLES-001,Vendor payment INV-2026-000456
BNK-00000558,2026-05-11,DEBIT,14137.82,EUR,Global Trading Limited,791827976491,INV-2026-000587,ACH,OPERATING-002,Vendor payment INV-2026-000587
BNK-00000588,2026-05-11,DEBIT,1926915.32,LKR,Keystone Technologies Incorporated,537795287592,INV-2026-000617,CHEQUE,PAYABLES-001,Vendor payment INV-2026-000617
BNK-00000700,2026-05-11,DEBIT,2889.98,GBP,Titan Foods Incorporated,275661855915,INV-2026-000745,CHEQUE,OPERATING-001,Vendor payment INV-2026-000745
BNK-00000717,2026-05-11,DEBIT,13020.2,USD,Titan Consulting Limited,210036267868,INV-2026-000762,BANK_TRANSFER,OPERATING-001,Vendor payment INV-2026-000762
BNK-00000989,2026-05-11,DEBIT,1327019.36,LKR,Fusion Consulting Inc,159574598144,INV-2026-001038,BANK_TRANSFER,PAYABLES-001,Vendor payment INV-2026-001038
BNK-00001290,2026-05-11,DEBIT,17823.88,USD,Metro Consulting Limited,223880907939,INV-2026-001347,WIRE,OPERATING-002,Vendor payment INV-2026-001347
BNK-00001422,2026-05-11,DEBIT,9432.41,USD,Metro Holdings Incorporated,337635667755,INV-2026-001486,CHEQUE,OPERATING-002,Possible duplicate vendor payment INV-2026-001486
BNK-00001490,2026-05-11,DEBIT,89143.78,LKR,Delta Solutions Corporation,641938372964,INV-2026-001553,WIRE,OPERATING-002,Vendor payment INV-2026-001553
BNK-00001545,2026-05-11,DEBIT,586969.02,LKR,Delta Solutions Incorporated,482855037930,INV-2026-001609,BANK_TRANSFER,OPERATING-002,Vendor payment INV-2026-001609
BNK-00001819,2026-05-11,DEBIT,13160.95,GBP,Crescent Supplies Limited,821600684492,INV-2026-001890,CHEQUE,OPERATING-002,Vendor payment INV-2026-001890
BNK-00001834,2026-05-11,DEBIT,7461.51,GBP,Keystone Logistics Limited,373263685325,INV-2026-001905,BANK_TRANSFER,OPERATING-002,Vendor payment INV-2026-001905
BNK-00000042,2026-05-12,DEBIT,20418.35,USD,Pioneer Solutions Incorporated,977752159666,INV-2026-000045,BANK_TRANSFER,OPERATING-002,Possible duplicate vendor payment INV-2026-000045
BNK-00000099,2026-05-12,DEBIT,8051.54,USD,Zenith Packaging Limited,521010568149,INV-2026-000108,BANK_TRANSFER,PAYABLES-001,Vendor payment INV-2026-000108 incl bank fee
BNK-00000169,2026-05-12,DEBIT,13289.74,USD,Fusion Consulting Incorporated,159574598144,INV-2026-000179,BANK_TRANSFER,PAYABLES-001,Vendor payment INV-2026-000179
BNK-00000310,2026-05-12,DEBIT,12039.52,USD,HARBOR SERVICES INCORPORATED,624015215345,INV-2026-000326,BANK_TRANSFER,PAYABLES-001,Vendor payment INV-2026-000326
BNK-00000392,2026-05-12,DEBIT,1090206.96,LKR,Crescent Supplies Corporation,485089074443,INV-2026-000410,BANK_TRANSFER,PAYABLES-001,Vendor payment INV-2026-000410
BNK-00000512,2026-05-12,DEBIT,2798.48,GBP,Harbor Services Incorporated,624015215345,INV-2026-000541,ACH,PAYABLES-001,Vendor payment INV-2026-000541
BNK-00000564,2026-05-12,DEBIT,14486.53,USD,Northstar Packaging Corporation,984294502389,INV-2026-000592,WIRE,OPERATING-001,Vendor payment INV-2026-000592
BNK-00000937,2026-05-12,DEBIT,5304.7,USD,Zenith Consulting Ltd,320972207209,INV-2026-000986,CHEQUE,PAYABLES-001,Vendor payment INV-2026-000986
BNK-00001088,2026-05-12,DEBIT,1723092.82,LKR,Zenith Supplies Limited,280242485333,INV-2026-001139,WIRE,OPERATING-002,Vendor payment INV-2026-001139
BNK-00001107,2026-05-12,DEBIT,8057.69,EUR,Insight Services Limited,112978452832,INV-2026-001157,WIRE,PAYABLES-001,Vendor payment INV-2026-001157
BNK-00001295,2026-05-12,DEBIT,11112.67,USD,Zenith Trading Incorporated,999134125065,INV-2026-001352,CHEQUE,OPERATING-001,Vendor payment INV-2026-001352
BNK-00001414,2026-05-12,DEBIT,3400.12,USD,Zenith Consulting Incorporated,300057279938,INV-2026-001479-P2,WIRE,PAYABLES-001,Part payment 2 for INV-2026-001479
BNK-00001798,2026-05-12,DEBIT,10636.3,USD,Vertex Packaging Incorporated,873883374114,INV-2026-001869,CHEQUE,OPERATING-002,Vendor payment INV-2026-001869
BNK-00001963,2026-05-12,DEBIT,1139.84,USD,Office Rent Holdings,797815162094,MISC-001963,BANK_TRANSFER,PAYABLES-001,Bank charge
BNK-00002082,2026-05-12,DEBIT,2175.87,USD,Employee Reimbursements,502529669476,MISC-002082,DIRECT_DEBIT,PAYABLES-001,Payroll related
BNK-00002100,2026-05-12,DEBIT,180484.09,LKR,City Power Utility,206657963315,MISC-002100,CARD,PAYABLES-001,Insurance payment
BNK-00000020,2026-05-13,DEBIT,2025369.36,LKR,Unity Foods Corporation,521330443041,INV-2026-000018,WIRE,PAYABLES-001,Vendor payment INV-2026-000018
BNK-00000125,2026-05-13,DEBIT,4205.15,USD,Orbit Consulting Limited,884069898811,INV-2026-000135,ACH,PAYABLES-001,Vendor payment INV-2026-000135
BNK-00000298,2026-05-13,DEBIT,9120.83,USD,Metro Foods Ltd,271054481685,INV-2026-000314,BANK_TRANSFER,OPERATING-002,Vendor payment INV-2026-000314
BNK-00000458,2026-05-13,DEBIT,12760.22,USD,Unity Packaging Corporation,275583175291,INV-2026-000482,WIRE,OPERATING-002,Vendor payment INV-2026-000482
BNK-00000490,2026-05-13,DEBIT,1975.72,USD,Delta Foods Corporation,430464641651,INV-2026-000518,ACH,PAYABLES-001,Vendor payment INV-2026-000518
BNK-00000533,2026-05-13,DEBIT,11595.78,USD,Silverline Systems Incorporated,812865433579,INV-2026-000561,CHEQUE,OPERATING-002,Vendor payment INV-2026-000561
BNK-00000589,2026-05-13,DEBIT,1926915.32,LKR,Keystone Technologies Incorporated,537795287592,INV-2026-000617,BANK_TRANSFER,OPERATING-002,Possible duplicate vendor payment INV-2026-000617
BNK-00000601,2026-05-13,DEBIT,3806.94,USD,TITAN FOODS INCORPORATED,275661855915,INV-2026-000628,BANK_TRANSFER,OPERATING-002,Vendor payment INV-2026-000628
BNK-00000867,2026-05-13,DEBIT,16085.21,USD,Lanka Foods Limited,482503603584,INV-2026-000912,BANK_TRANSFER,PAYABLES-001,Vendor payment INV-2026-000912
BNK-00001156,2026-05-13,DEBIT,542.82,EUR,Royal Services Inc,692955158244,INV-2026-001206,ACH,OPERATING-002,Vendor payment INV-2026-001206
BNK-00001227,2026-05-13,DEBIT,4106.16,USD,Nova Logistics Limited,988348638973,INV-2026-001280,ACH,OPERATING-001,Vendor payment INV-2026-001280
BNK-00001242,2026-05-13,DEBIT,6092.21,USD,Global Engineering Ltd,159172251058,INV-2026-001295,WIRE,PAYABLES-001,Vendor payment INV-2026-001295
BNK-00001257,2026-05-13,DEBIT,8174.89,GBP,Insight Technologies Incorporated,340733806442,INV-2026-001311,ACH,PAYABLES-001,Vendor payment INV-2026-001311
BNK-00001273,2026-05-13,DEBIT,11767.15,USD,Seacrest Consulting Incorporated,313671722771,INV-2026-001327,WIRE,PAYABLES-001,Vendor payment INV-2026-001327
BNK-00001301,2026-05-13,DEBIT,4982.93,EUR,Vertex Packaging Incorporated,873883374114,INV-2026-001359,ACH,PAYABLES-001,Vendor payment INV-2026-001359
BNK-00001302,2026-05-13,DEBIT,4982.93,EUR,Vertex Packaging Incorporated,873883374114,INV-2026-001359,ACH,OPERATING-002,Possible duplicate vendor payment INV-2026-001359
BNK-00001734,2026-05-13,DEBIT,14208.08,USD,Delta Foods Corporation,430464641651,INV-2026-001810,WIRE,OPERATING-001,Vendor payment INV-2026-001810
BNK-00001743,2026-05-13,DEBIT,1433.18,USD,Vertex Supplies Corporation,715100412638,INV-2026-001818,BANK_TRANSFER,OPERATING-001,Vendor payment INV-2026-001818
BNK-00001744,2026-05-13,DEBIT,2983.09,USD,Zenith Packaging Limited,521010568149,INV-2026-001819,CHEQUE,PAYABLES-001,Vendor payment INV-2026-001819
BNK-00001876,2026-05-13,DEBIT,6894.81,EUR,Pioneer Packaging Limited,786086128752,INV-2026-001947,CHEQUE,OPERATING-002,Vendor payment INV-2026-001947
BNK-00001909,2026-05-13,DEBIT,6194.34,GBP,Royal Supplies Incorporated,844119833085,INV-2026-001984,ACH,OPERATING-001,Vendor payment INV-2026-001984
BNK-00000547,2026-05-14,DEBIT,5924.37,USD,Summit Textiles Incorporated,595553303426,INV-2026-000579-P1,BANK_TRANSFER,PAYABLES-001,Part payment 1 for INV-2026-000579
BNK-00000656,2026-05-14,DEBIT,2975.43,USD,Lanka Systems Incorporated,474635226753,INV-2026-000688,WIRE,PAYABLES-001,Vendor payment INV-2026-000688
BNK-00000757,2026-05-14,DEBIT,20708.63,GBP,Harbor Technologies Limited,664313517211,INV-2026-000802,BANK_TRANSFER,PAYABLES-001,Vendor payment INV-2026-000802
BNK-00001089,2026-05-14,DEBIT,1723092.82,LKR,Zenith Supplies Limited,280242485333,INV-2026-001139,CHEQUE,OPERATING-001,Possible duplicate vendor payment INV-2026-001139
BNK-00001131,2026-05-14,DEBIT,3269.86,EUR,Metro Consulting Corp,455945973170,INV-2026-001182,WIRE,PAYABLES-001,Vendor payment INV-2026-001182
BNK-00001198,2026-05-14,DEBIT,709.8,EUR,Pioneer Trading Incorporated,131761864164,INV-2026-001249,WIRE,OPERATING-001,Vendor payment INV-2026-001249
BNK-00001320,2026-05-14,DEBIT,18195.49,GBP,Northstar Packaging Corporation,984294502389,INV-2026-001378,CHEQUE,OPERATING-001,Vendor payment INV-2026-001378
BNK-00001350,2026-05-14,DEBIT,10817.47,USD,Orbit Trading Limited,670621564585,INV-2026-001409-P1,CHEQUE,OPERATING-001,Part payment 1 for INV-2026-001409
BNK-00001379,2026-05-14,DEBIT,342.02,USD,Orbit Trading Limited,670621564585,INV-2026-001441-P1,BANK_TRANSFER,OPERATING-001,Part payment 1 for INV-2026-001441
BNK-00001569,2026-05-14,DEBIT,11079.33,USD,ROYAL HOLDINGS LIMITED,763541807547,INV-2026-001636,CHEQUE,PAYABLES-001,Vendor payment INV-2026-001636
BNK-00001702,2026-05-14,DEBIT,18722.28,USD,Metro Consulting Corporation,455945973170,INV-2026-001774,ACH,OPERATING-002,Vendor payment INV-2026-001774
BNK-00001807,2026-05-14,DEBIT,9987.48,USD,Keystone Technologies Incorporated,537795287592,INV-2026-001877,BANK_TRANSFER,PAYABLES-001,Vendor payment INV-2026-001877
BNK-00001978,2026-05-14,CREDIT,4498.2,EUR,Insurance Provider,958257958586,MISC-001978,WIRE,PAYABLES-001,Payroll related
BNK-00000069,2026-05-15,DEBIT,13842.78,USD,Global Trading Limited,791827976491,INV-2026-000073,WIRE,OPERATING-002,Vendor payment INV-2026-000073
BNK-00000646,2026-05-15,DEBIT,15440.81,USD,Nova Logistics Limited,988348638973,INV-2026-000676,WIRE,OPERATING-001,Vendor payment INV-2026-000676
BNK-00000675,2026-05-15,DEBIT,1390320.16,LKR,NOVA TEXTILES CORPORATION,367267673414,INV-2026-000712,BANK_TRANSFER,OPERATING-001,Vendor payment INV-2026-000712
BNK-00000845,2026-05-15,DEBIT,6859.28,USD,Pioneer Trading Inc,131761864164,INV-2026-000890,ACH,OPERATING-002,Vendor payment INV-2026-000890
BNK-00000970,2026-05-15,DEBIT,13898.85,USD,Nova Packaging Corporation,712652693184,INV-2026-001021,WIRE,PAYABLES-001,Vendor payment INV-2026-001021
BNK-00001063,2026-05-15,DEBIT,5602.45,USD,Nova Textiles Corporation,367267673414,INV-2026-001111,ACH,OPERATING-002,Vendor payment INV-2026-001111 incl bank fee
BNK-00001274,2026-05-15,DEBIT,11767.15,USD,Seacrest Consulting Incorporated,313671722771,INV-2026-001327,BANK_TRANSFER,OPERATING-001,Possible duplicate vendor payment INV-2026-001327
BNK-00001358,2026-05-15,DEBIT,17065.69,GBP,Silverline Systems Incorporated,812865433579,INV-2026-001417,ACH,OPERATING-001,Vendor payment INV-2026-001417
BNK-00001370,2026-05-15,DEBIT,14621.09,GBP,Unity Packaging Corporation,275583175291,INV-2026-001431,ACH,OPERATING-001,Vendor payment INV-2026-001431
BNK-00001380,2026-05-15,DEBIT,533.66,USD,Orbit Trading Limited,670621564585,INV-2026-001441-P2,CHEQUE,PAYABLES-001,Part payment 2 for INV-2026-001441
BNK-00001383,2026-05-15,DEBIT,9876.25,GBP,Harbor Services Incorporated,624015215345,INV-2026-001444,ACH,OPERATING-002,Vendor payment INV-2026-001444
BNK-00001423,2026-05-15,DEBIT,17743.85,GBP,Global Textiles Limited,520913251936,INV-2026-001487,BANK_TRANSFER,OPERATING-002,Vendor payment INV-2026-001487
BNK-00001507,2026-05-15,DEBIT,22364.94,USD,Orbit Consulting Limited,884069898811,INV-2026-001571,ACH,OPERATING-002,Vendor payment INV-2026-001571
BNK-00001581,2026-05-15,DEBIT,14611.41,GBP,Nova Engineering Corporation,781595872312,INV-2026-001651,BANK_TRANSFER,OPERATING-002,Vendor payment INV-2026-001651
BNK-00001695,2026-05-15,DEBIT,822912.46,LKR,Unity Technologies Limited,795191128611,INV-2026-001766,CHEQUE,OPERATING-002,Vendor payment INV-2026-001766
BNK-00002001,2026-05-15,DEBIT,399248.6,LKR,Interest Income,569892696710,MISC-002001,BANK_TRANSFER,OPERATING-002,Tax payment
BNK-00002056,2026-05-15,DEBIT,3147.87,USD,City Power Utility,252778224394,MISC-002056,WIRE,OPERATING-002,Tax payment
BNK-00000080,2026-05-16,DEBIT,8394.87,USD,Pioneer Trading Incorporated,131761864164,INV-2026-000085,WIRE,OPERATING-002,Vendor payment INV-2026-000085 incl bank fee
BNK-00000200,2026-05-16,DEBIT,7034.8,EUR,Pioneer Solutions Incorporated,977752159666,INV-2026-000216,BANK_TRANSFER,OPERATING-001,Vendor payment INV-2026-000216
BNK-00000496,2026-05-16,DEBIT,19423.12,USD,Harbor Technologies Limited,664313517211,INV-2026-000525,BANK_TRANSFER,PAYABLES-001,Vendor payment INV-2026-000525
BNK-00000548,2026-05-16,DEBIT,8994.12,USD,Summit Textiles Incorporated,595553303426,INV-2026-000579-P2,BANK_TRANSFER,PAYABLES-001,Part payment 2 for INV-2026-000579
BNK-00000687,2026-05-16,DEBIT,3500.62,GBP,Silverline Svcs Limited,786420412894,INV-2026-000730,CHEQUE,PAYABLES-001,Vendor payment INV-2026-000730
BNK-00001351,2026-05-16,DEBIT,8601.35,USD,Orbit Trading Limited,670621564585,INV-2026-001409-P2,ACH,PAYABLES-001,Part payment 2 for INV-2026-001409
BNK-00001375,2026-05-16,DEBIT,5784.06,GBP,Northstar Packaging Corporation,984294502389,INV-2026-001436,CHEQUE,OPERATING-001,Vendor payment INV-2026-001436
BNK-00001462,2026-05-16,DEBIT,2211.94,EUR,Delta Solutions Corporation,641938372964,INV-2026-001524,BANK_TRANSFER,OPERATING-001,Vendor payment INV-2026-001524
BNK-00001467,2026-05-16,DEBIT,2659.22,USD,Vertex Textiles Corporation,415235296085,INV-2026-001529,ACH,PAYABLES-001,Vendor payment INV-2026-001529
BNK-00001508,2026-05-16,DEBIT,10474.18,GBP,Royal Networks Incorporated,420358865351,INV-2026-001572,ACH,OPERATING-001,Vendor payment INV-2026-001572
BNK-00001521,2026-05-16,DEBIT,12115.24,GBP,Global Trading Limited,791827976491,INV-2026-001585,ACH,OPERATING-001,Vendor payment INV-2026-001585
BNK-00001538,2026-05-16,DEBIT,6646.92,USD,Nova Systems Corp,367862118541,INV-2026-001602,WIRE,OPERATING-001,Vendor payment INV-2026-001602
BNK-00001584,2026-05-16,DEBIT,10127.03,USD,Pioneer Supplies Limited,848137395082,INV-2026-001654-P1,WIRE,OPERATING-001,Part payment 1 for INV-2026-001654
BNK-00000062,2026-05-17,DEBIT,15112.53,USD,Titan Consulting Limited,210036267868,INV-2026-000067,BANK_TRANSFER,OPERATING-001,Vendor payment INV-2026-000067
BNK-00000279,2026-05-17,DEBIT,997664.26,LKR,Pioneer Industries Incorporated,588849788066,INV-2026-000296,ACH,OPERATING-001,Vendor payment INV-2026-000296
BNK-00000657,2026-05-17,DEBIT,17606.98,USD,Global Trading Limited,791827976491,INV-2026-000691,ACH,OPERATING-002,Vendor payment INV-2026-000691
BNK-00000670,2026-05-17,DEBIT,18538.11,USD,Zenith Supplies Limited,280242485333,INV-2026-000705,WIRE,OPERATING-002,Vendor payment INV-2026-000705
BNK-00000676,2026-05-17,DEBIT,11555.56,EUR,Lanka Systems Incorporated,474635226753,INV-2026-000713,WIRE,PAYABLES-001,Vendor payment INV-2026-000713
BNK-00000728,2026-05-17,DEBIT,4290.67,USD,Keystone Packaging Limited,137044812889,INV-2026-000773,ACH,OPERATING-001,Vendor payment INV-2026-000773
BNK-00000912,2026-05-17,DEBIT,19421.15,USD,Seacrest Holdings Limited,693021588007,INV-2026-000956,ACH,OPERATING-002,Vendor payment INV-2026-000956
BNK-00000948,2026-05-17,DEBIT,19483.39,USD,Zenith Consulting Incorporated,300057279938,INV-2026-000999,CHEQUE,PAYABLES-001,Vendor payment INV-2026-000999
BNK-00001020,2026-05-17,DEBIT,205527.67,LKR,Summit Textiles Incorporated,595553303426,INV-2026-001069,BANK_TRANSFER,PAYABLES-001,Vendor payment INV-2026-001069 incl bank fee
BNK-00001180,2026-05-17,DEBIT,140.01,EUR,Pioneer Packaging Limited,786086128752,INV-2026-001231,BANK_TRANSFER,OPERATING-002,Vendor payment INV-2026-001231
BNK-00001184,2026-05-17,DEBIT,851295.77,LKR,Insight Technologies Incorporated,340733806442,INV-2026-001234,CHEQUE,OPERATING-002,Vendor payment INV-2026-001234
BNK-00001382,2026-05-17,DEBIT,12542.27,USD,Harbor Logistics Limited,339669665349,INV-2026-001443,CHEQUE,OPERATING-002,Vendor payment INV-2026-001443
BNK-00001509,2026-05-17,DEBIT,1287067.2,LKR,Jade Pharma Incorporated,991524726409,INV-2026-001573,CHEQUE,PAYABLES-001,Vendor payment INV-2026-001573
BNK-00001993,2026-05-17,DEBIT,323709.96,LKR,City Power Utility,168634418501,MISC-001993,ACH,OPERATING-002,Utility payment
BNK-00000009,2026-05-18,DEBIT,948095.54,LKR,ORBIT SUPPLIES LIMITED,298066901090,INV-2026-000008,BANK_TRANSFER,OPERATING-001,Vendor payment INV-2026-000008
BNK-00000196,2026-05-18,DEBIT,8744.63,USD,Jade Industries Ltd,540585735564,INV-2026-000211,WIRE,OPERATING-001,Vendor payment INV-2026-000211
BNK-00000289,2026-05-18,DEBIT,5965.46,USD,Harbor Industries Limited,656253304185,INV-2026-000305,WIRE,OPERATING-002,Vendor payment INV-2026-000305
BNK-00000290,2026-05-18,DEBIT,5965.46,USD,Harbor Industries Limited,656253304185,INV-2026-000305,BANK_TRANSFER,OPERATING-002,Possible duplicate vendor payment INV-2026-000305
BNK-00000788,2026-05-18,DEBIT,2586.45,USD,Evergreen Industries Corporation,191967772113,INV-2026-000833-P1,BANK_TRANSFER,OPERATING-001,Part payment 1 for INV-2026-000833
BNK-00001616,2026-05-18,DEBIT,4473.74,USD,Zenith Supplies Limited,280242485333,INV-2026-001683,CHEQUE,OPERATING-002,Vendor payment INV-2026-001683
BNK-00001751,2026-05-18,DEBIT,1000578.77,LKR,Harbor Technologies Ltd,664313517211,INV-2026-001825,WIRE,OPERATING-001,Vendor payment INV-2026-001825
BNK-00001848,2026-05-18,DEBIT,17136.17,USD,Silverline Services Limited,786420412894,INV-2026-001918,CHEQUE,OPERATING-002,Vendor payment INV-2026-001918
BNK-00001992,2026-05-18,DEBIT,2861.13,USD,Insurance Provider,179958046917,MISC-001992,WIRE,PAYABLES-001,Utility payment
BNK-00000628,2026-05-19,DEBIT,1475.08,USD,Pioneer Packaging Limited,786086128752,INV-2026-000656,BANK_TRANSFER,OPERATING-001,Vendor payment INV-2026-000656
BNK-00000740,2026-05-19,DEBIT,728437.97,LKR,Harbor Industries Limited,656253304185,INV-2026-000786,WIRE,OPERATING-001,Vendor payment INV-2026-000786
BNK-00000811,2026-05-19,DEBIT,957841.57,LKR,Keystone Trading Corporation,151975288711,INV-2026-000857,CHEQUE,PAYABLES-001,Vendor payment INV-2026-000857
BNK-00000909,2026-05-19,DEBIT,10987.44,EUR,Nova Engineering Corporation,781595872312,INV-2026-000953,CHEQUE,PAYABLES-001,Vendor payment INV-2026-000953
BNK-00001033,2026-05-19,DEBIT,3307.01,USD,Nova Systems Corporation,367862118541,INV-2026-001083,BANK_TRANSFER,OPERATING-001,Vendor payment INV-2026-001083
BNK-00001185,2026-05-19,DEBIT,851295.77,LKR,Insight Technologies Incorporated,340733806442,INV-2026-001234,WIRE,OPERATING-001,Possible duplicate vendor payment INV-2026-001234
BNK-00001585,2026-05-19,DEBIT,8895.98,USD,Pioneer Supplies Limited,848137395082,INV-2026-001654-P2,WIRE,OPERATING-001,Part payment 2 for INV-2026-001654
BNK-00001643,2026-05-19,DEBIT,9595.35,GBP,Zenith Holdings Incorporated,858634739565,INV-2026-001716,ACH,OPERATING-002,Vendor payment INV-2026-001716
BNK-00001656,2026-05-19,DEBIT,10376.29,USD,Jade Industries Limited,540585735564,INV-2026-001730,WIRE,OPERATING-001,Vendor payment INV-2026-001730
BNK-00001986,2026-05-19,DEBIT,6316.11,EUR,Bank Service Charges,439774897105,MISC-001986,ACH,OPERATING-002,Customer receipt
BNK-00000168,2026-05-20,DEBIT,4957.59,USD,Keystone Logistics Limited,373263685325,INV-2026-000178,CHEQUE,OPERATING-001,Vendor payment INV-2026-000178
BNK-00000172,2026-05-20,DEBIT,5739.92,GBP,Nova Engineering Corporation,781595872312,INV-2026-000181,BANK_TRANSFER,OPERATING-002,Vendor payment INV-2026-000181
BNK-00000296,2026-05-20,DEBIT,19494.15,USD,Unity Foods Corporation,521330443041,INV-2026-000312,CHEQUE,OPERATING-002,Vendor payment INV-2026-000312
BNK-00000503,2026-05-20,DEBIT,1732253.2,LKR,Evergreen Systems Incorporated,574699427658,INV-2026-000531,WIRE,PAYABLES-001,Vendor payment INV-2026-000531
BNK-00000522,2026-05-20,DEBIT,1637780.23,LKR,Westbridge Logistics Limited,926130135930,INV-2026-000550,WIRE,PAYABLES-001,Vendor payment INV-2026-000550
BNK-00000562,2026-05-20,DEBIT,13591.22,GBP,Global Engineering Limited,159172251058,INV-2026-000590,ACH,OPERATING-002,Vendor payment INV-2026-000590
BNK-00001038,2026-05-20,DEBIT,1004007.08,LKR,Seacrest Holdings Limited,693021588007,INV-2026-001087,CHEQUE,OPERATING-001,Vendor payment INV-2026-001087 incl bank fee
BNK-00001044,2026-05-20,DEBIT,17914.71,USD,Nova Solutions Corp,307437974878,INV-2026-001093,WIRE,PAYABLES-001,Vendor payment INV-2026-001093
BNK-00001169,2026-05-20,DEBIT,2363.94,GBP,Crescent Supplies Limited,821600684492,INV-2026-001220,BANK_TRANSFER,PAYABLES-001,Vendor payment INV-2026-001220
BNK-00001434,2026-05-20,DEBIT,1228872.55,LKR,Nova Systems Corporation,367862118541,INV-2026-001498,WIRE,OPERATING-002,Vendor payment INV-2026-001498
BNK-00001932,2026-05-20,DEBIT,201296.42,LKR,Employee Reimbursements,876452829342,MISC-001932,ACH,OPERATING-002,Utility payment
BNK-00002004,2026-05-20,DEBIT,3337.55,USD,Employee Reimbursements,693593815098,MISC-002004,CARD,OPERATING-001,Utility payment
BNK-00000472,2026-05-21,DEBIT,12707.14,EUR,Metro Foods Limited,271054481685,INV-2026-000496,ACH,OPERATING-001,Vendor payment INV-2026-000496
BNK-00000607,2026-05-21,DEBIT,8959.28,USD,Silverline Systems Incorporated,812865433579,INV-2026-000636,WIRE,OPERATING-001,Vendor payment INV-2026-000636
BNK-00000626,2026-05-21,DEBIT,20795.77,USD,Vertex Packaging Limited,878442396279,INV-2026-000654,BANK_TRANSFER,PAYABLES-001,Vendor payment INV-2026-000654
BNK-00000692,2026-05-21,DEBIT,1184680.63,LKR,Lanka Systems Incorporated,474635226753,INV-2026-000737,WIRE,OPERATING-001,Vendor payment INV-2026-000737
BNK-00000772,2026-05-21,DEBIT,10196.68,USD,Metro Engineering Limited,920438032193,INV-2026-000817,ACH,OPERATING-002,Vendor payment INV-2026-000817
BNK-00000789,2026-05-21,DEBIT,2795.62,USD,Evergreen Industries Corporation,191967772113,INV-2026-000833-P2,BANK_TRANSFER,OPERATING-002,Part payment 2 for INV-2026-000833
BNK-00000881,2026-05-21,DEBIT,1426811.53,LKR,Vertex Textiles Corporation,415235296085,INV-2026-000927,BANK_TRANSFER,OPERATING-001,Vendor payment INV-2026-000927
BNK-00000953,2026-05-21,DEBIT,7175.17,USD,NOVA SYSTEMS CORPORATION,367862118541,INV-2026-001004,BANK_TRANSFER,OPERATING-001,Vendor payment INV-2026-001004
BNK-00001101,2026-05-21,DEBIT,1938670.56,LKR,TITAN FOODS INCORPORATED,275661855915,INV-2026-001151,CHEQUE,PAYABLES-001,Vendor payment INV-2026-001151
BNK-00001126,2026-05-21,DEBIT,21291.83,USD,Vertex Consulting Incorporated,829094805956,INV-2026-001177,ACH,PAYABLES-001,Vendor payment INV-2026-001177
BNK-00001186,2026-05-21,DEBIT,16229.0,USD,Pioneer Packaging Limited,786086128752,INV-2026-001235,BANK_TRANSFER,PAYABLES-001,Vendor payment INV-2026-001235
BNK-00001721,2026-05-21,DEBIT,9429.94,USD,Metro Consulting Limited,223880907939,INV-2026-001796,ACH,OPERATING-001,Vendor payment INV-2026-001796
BNK-00001756,2026-05-21,DEBIT,1308.44,GBP,Redwood Logistics Incorporated,162027005011,INV-2026-001830,ACH,OPERATING-002,Vendor payment INV-2026-001830
BNK-00001788,2026-05-21,DEBIT,6907.07,GBP,Zenith Holdings Incorporated,858634739565,INV-2026-001859-P1,CHEQUE,OPERATING-002,Part payment 1 for INV-2026-001859
BNK-00001974,2026-05-21,DEBIT,7298.84,USD,Interest Income,133066876195,MISC-001974,WIRE,OPERATING-001,Bank charge
BNK-00000030,2026-05-22,DEBIT,7119.6,USD,Keystone Packaging Ltd,137044812889,INV-2026-000032,CHEQUE,OPERATING-001,Vendor payment INV-2026-000032
BNK-00000093,2026-05-22,DEBIT,13592.64,USD,Silverline Systems Incorporated,812865433579,INV-2026-000100,BANK_TRANSFER,OPERATING-001,Vendor payment INV-2026-000100
BNK-00000183,2026-05-22,DEBIT,12142.66,GBP,Northstar Packaging Corporation,984294502389,INV-2026-000195,BANK_TRANSFER,OPERATING-002,Vendor payment INV-2026-000195
BNK-00000186,2026-05-22,DEBIT,8976.2,EUR,Vertex Packaging Limited,878442396279,INV-2026-000198,ACH,OPERATING-002,Vendor payment INV-2026-000198
BNK-00000193,2026-05-22,DEBIT,16716.3,EUR,Crescent Supplies Corporation,485089074443,INV-2026-000208,BANK_TRANSFER,OPERATING-002,Vendor payment INV-2026-000208
BNK-00000483,2026-05-22,DEBIT,8499.83,USD,Global Solutions Limited,524365842188,INV-2026-000508,BANK_TRANSFER,PAYABLES-001,Vendor payment INV-2026-000508
BNK-00000578,2026-05-22,DEBIT,15503.33,USD,Delta Foods Corporation,430464641651,INV-2026-000606,CHEQUE,PAYABLES-001,Vendor payment INV-2026-000606
BNK-00000590,2026-05-22,DEBIT,565.94,EUR,Orbit Trading Limited,670621564585,INV-2026-000618,BANK_TRANSFER,OPERATING-002,Vendor payment INV-2026-000618
BNK-00001250,2026-05-22,DEBIT,16905.19,GBP,Nova Logistics Limited,988348638973,INV-2026-001304,BANK_TRANSFER,OPERATING-002,Vendor payment INV-2026-001304
BNK-00001635,2026-05-22,DEBIT,15374.19,USD,APEX CONSULTING INCORPORATED,509620244728,INV-2026-001706,ACH,PAYABLES-001,Vendor payment INV-2026-001706
BNK-00001640,2026-05-22,DEBIT,7810.61,EUR,Royal Holdings Limited,763541807547,INV-2026-001712,ACH,OPERATING-002,Vendor payment INV-2026-001712
BNK-00001657,2026-05-22,DEBIT,10201.42,USD,Metro Consulting Limited,223880907939,INV-2026-001731,CHEQUE,OPERATING-001,Vendor payment INV-2026-001731
BNK-00001675,2026-05-22,DEBIT,5021.46,EUR,Global Engineering Limited,159172251058,INV-2026-001746,ACH,OPERATING-002,Vendor payment INV-2026-001746
BNK-00001741,2026-05-22,DEBIT,15847.23,USD,PIONEER SUPPLIES LIMITED,848137395082,INV-2026-001816,WIRE,OPERATING-002,Vendor payment INV-2026-001816
BNK-00001781,2026-05-22,DEBIT,2244.99,EUR,Silverline Services Limited,786420412894,INV-2026-001854,BANK_TRANSFER,OPERATING-002,Vendor payment INV-2026-001854
BNK-00002012,2026-05-22,DEBIT,6287.76,USD,National Telecom,430600415183,MISC-002012,ACH,OPERATING-002,Customer receipt
BNK-00000028,2026-05-23,DEBIT,12633.38,EUR,Apex Consulting Incorporated,509620244728,INV-2026-000030,BANK_TRANSFER,OPERATING-002,Vendor payment INV-2026-000030
BNK-00000143,2026-05-23,DEBIT,1966948.62,LKR,Crescent Supplies Corporation,485089074443,INV-2026-000150,ACH,OPERATING-001,Vendor payment INV-2026-000150 incl bank fee
BNK-00000209,2026-05-23,DEBIT,21126.43,USD,Pioneer Industries Incorporated,588849788066,INV-2026-000226,ACH,OPERATING-001,Vendor payment INV-2026-000226
BNK-00000527,2026-05-23,DEBIT,1517767.74,LKR,Evergreen Packaging Limited,589426971653,INV-2026-000555,ACH,PAYABLES-001,Vendor payment INV-2026-000555
BNK-00000635,2026-05-23,DEBIT,19122.71,GBP,Seacrest Consulting Incorporated,313671722771,INV-2026-000664,CHEQUE,PAYABLES-001,Vendor payment INV-2026-000664
BNK-00000733,2026-05-23,DEBIT,8309.16,USD,Delta Solutions Corporation,641938372964,INV-2026-000778,CHEQUE,OPERATING-001,Vendor payment INV-2026-000778
BNK-00000738,2026-05-23,DEBIT,12752.63,USD,Insight Technologies Incorporated,340733806442,INV-2026-000783,CHEQUE,PAYABLES-001,Vendor payment INV-2026-000783
BNK-00000791,2026-05-23,DEBIT,7257.8,USD,Silverline Technologies Incorporated,636439249785,INV-2026-000835,ACH,PAYABLES-001,Vendor payment INV-2026-000835
BNK-00000798,2026-05-23,DEBIT,10815.13,GBP,Zenith Consulting Incorporated,300057279938,INV-2026-000843,ACH,OPERATING-002,Vendor payment INV-2026-000843
BNK-00000951,2026-05-23,DEBIT,10051.39,USD,BrightPath Logistics Corporation,755696355114,INV-2026-001002,ACH,PAYABLES-001,Vendor payment INV-2026-001002
BNK-00001074,2026-05-23,DEBIT,15847.87,GBP,Unity Foods Limited,192330135002,INV-2026-001123,ACH,OPERATING-002,Vendor payment INV-2026-001123
BNK-00001155,2026-05-23,DEBIT,8494.2,USD,Redwood Textiles Limited,797825279821,INV-2026-001205,WIRE,PAYABLES-001,Vendor payment INV-2026-001205
BNK-00001194,2026-05-23,DEBIT,3921.77,USD,Metro Consulting Limited,223880907939,INV-2026-001245,ACH,OPERATING-001,Vendor payment INV-2026-001245
BNK-00001415,2026-05-23,DEBIT,20562.16,USD,Unity Foods Ltd,192330135002,INV-2026-001480,CHEQUE,OPERATING-001,Vendor payment INV-2026-001480
BNK-00001449,2026-05-23,DEBIT,8442.48,USD,Titan Consulting Limited,210036267868,INV-2026-001512,BANK_TRANSFER,OPERATING-002,Vendor payment INV-2026-001512
BNK-00001484,2026-05-23,DEBIT,1771.9,USD,Silverline Logistics Limited,381959955088,INV-2026-001547,CHEQUE,OPERATING-001,Vendor payment INV-2026-001547
BNK-00001719,2026-05-23,DEBIT,2947.16,USD,SILVERLINE LOGISTICS LIMITED,381959955088,INV-2026-001793,BANK_TRANSFER,PAYABLES-001,Vendor payment INV-2026-001793
BNK-00001845,2026-05-23,DEBIT,6776.51,USD,Harbor Supplies Limited,780648306067,INV-2026-001915,BANK_TRANSFER,OPERATING-001,Vendor payment INV-2026-001915
BNK-00000056,2026-05-24,DEBIT,5561.0,USD,Vertex Consulting Incorporated,829094805956,INV-2026-000061,BANK_TRANSFER,OPERATING-001,Vendor payment INV-2026-000061
BNK-00000210,2026-05-24,DEBIT,21126.43,USD,Pioneer Industries Incorporated,588849788066,INV-2026-000226,WIRE,OPERATING-001,Possible duplicate vendor payment INV-2026-000226
BNK-00000751,2026-05-24,DEBIT,7318.07,EUR,Crescent Supplies Corporation,485089074443,INV-2026-000796-P1,BANK_TRANSFER,OPERATING-002,Part payment 1 for INV-2026-000796
BNK-00001416,2026-05-24,DEBIT,20366.36,USD,Orbit Consulting Limited,884069898811,INV-2026-001481,ACH,OPERATING-002,Vendor payment INV-2026-001481
BNK-00001440,2026-05-24,DEBIT,19698.15,USD,Evergreen Packaging Limited,589426971653,INV-2026-001504,WIRE,OPERATING-001,Vendor payment INV-2026-001504
BNK-00001605,2026-05-24,DEBIT,1821868.08,LKR,NOVA ENGINEERING CORPORATION,781595872312,INV-2026-001673,WIRE,OPERATING-001,Vendor payment INV-2026-001673
BNK-00001814,2026-05-24,DEBIT,13955.27,EUR,Nova Solutions Corporation,307437974878,INV-2026-001884,ACH,OPERATING-001,Vendor payment INV-2026-001884
BNK-00002023,2026-05-24,DEBIT,4448.51,EUR,Employee Reimbursements,515643566672,MISC-002023,WIRE,OPERATING-001,Customer receipt
BNK-00000006,2026-05-25,DEBIT,20370.64,USD,Crescent Supplies Corporation,485089074443,INV-2026-000006,BANK_TRANSFER,OPERATING-001,Vendor payment INV-2026-000006
BNK-00000066,2026-05-25,DEBIT,2243.03,USD,Zenith Consulting Incorporated,300057279938,INV-2026-000071-P1,ACH,OPERATING-002,Part payment 1 for INV-2026-000071
BNK-00000214,2026-05-25,DEBIT,2240583.52,LKR,Metro Engineering Limited,920438032193,INV-2026-000230,CHEQUE,PAYABLES-001,Vendor payment INV-2026-000230
BNK-00000306,2026-05-25,DEBIT,4413.56,USD,Seacrest Consulting Incorporated,313671722771,INV-2026-000323,WIRE,OPERATING-001,Vendor payment INV-2026-000323 incl bank fee
BNK-00000959,2026-05-25,DEBIT,14531.77,EUR,BrightPath Logistics Corporation,755696355114,INV-2026-001010,CHEQUE,OPERATING-002,Vendor payment INV-2026-001010
BNK-00001110,2026-05-25,DEBIT,21733.45,USD,Unity Systems Incorporated,996390815905,INV-2026-001161,CHEQUE,OPERATING-001,Vendor payment INV-2026-001161
BNK-00001197,2026-05-25,DEBIT,15715.1,GBP,Pioneer Supplies Limited,848137395082,INV-2026-001248,BANK_TRANSFER,OPERATING-002,Vendor payment INV-2026-001248
BNK-00001480,2026-05-25,DEBIT,17904.65,USD,Unity Foods Corporation,521330443041,INV-2026-001542,WIRE,OPERATING-002,Vendor payment INV-2026-001542
BNK-00001789,2026-05-25,DEBIT,5245.42,GBP,Zenith Holdings Incorporated,858634739565,INV-2026-001859-P2,CHEQUE,OPERATING-001,Part payment 2 for INV-2026-001859
BNK-00001864,2026-05-25,DEBIT,1876.99,EUR,Insight Technologies Incorporated,340733806442,INV-2026-001937,WIRE,PAYABLES-001,Vendor payment INV-2026-001937
BNK-00000007,2026-05-26,DEBIT,20370.64,USD,Crescent Supplies Corporation,485089074443,INV-2026-000006,ACH,OPERATING-001,Possible duplicate vendor payment INV-2026-000006
BNK-00000067,2026-05-26,DEBIT,3262.97,USD,Zenith Consulting Incorporated,300057279938,INV-2026-000071-P2,BANK_TRANSFER,PAYABLES-001,Part payment 2 for INV-2026-000071
BNK-00000195,2026-05-26,DEBIT,22229.71,USD,Westbridge Logistics Limited,926130135930,INV-2026-000210,ACH,PAYABLES-001,Vendor payment INV-2026-000210
BNK-00000258,2026-05-26,DEBIT,12527.16,USD,Orbit Trading Limited,670621564585,INV-2026-000277,WIRE,OPERATING-001,Vendor payment INV-2026-000277
BNK-00000752,2026-05-26,DEBIT,8005.26,EUR,Crescent Supplies Corporation,485089074443,INV-2026-000796-P2,WIRE,OPERATING-001,Part payment 2 for INV-2026-000796
BNK-00000873,2026-05-26,DEBIT,4378.69,USD,Keystone Technologies Incorporated,537795287592,INV-2026-000920-P1,BANK_TRANSFER,PAYABLES-001,Part payment 1 for INV-2026-000920
BNK-00001378,2026-05-26,DEBIT,18815.06,USD,Nova Solns Corporation,307437974878,INV-2026-001440,ACH,PAYABLES-001,Vendor payment INV-2026-001440
BNK-00001952,2026-05-26,CREDIT,6549.25,USD,Employee Reimbursements,778279047769,MISC-001952,CARD,OPERATING-002,Payroll related
BNK-00000002,2026-05-27,DEBIT,605692.21,LKR,Silverline Services Limited,786420412894,INV-2026-000002,ACH,OPERATING-001,Vendor payment INV-2026-000002
BNK-00000166,2026-05-27,DEBIT,15231.86,USD,Metro Foods Limited,271054481685,INV-2026-000175,BANK_TRANSFER,OPERATING-002,Vendor payment INV-2026-000175
BNK-00000538,2026-05-27,DEBIT,2592.8,USD,Silverline Technologies Incorporated,636439249785,INV-2026-000569,CHEQUE,OPERATING-002,Vendor payment INV-2026-000569
BNK-00000611,2026-05-27,DEBIT,16461.82,USD,Zenith Packaging Limited,521010568149,INV-2026-000639,ACH,OPERATING-001,Vendor payment INV-2026-000639
BNK-00000616,2026-05-27,DEBIT,13460.3,USD,Zenith Consulting Incorporated,300057279938,INV-2026-000643,WIRE,OPERATING-001,Vendor payment INV-2026-000643
BNK-00000718,2026-05-27,DEBIT,178725.89,LKR,Insight Services Limited,112978452832,INV-2026-000763,WIRE,OPERATING-001,Vendor payment INV-2026-000763
BNK-00000874,2026-05-27,DEBIT,4164.28,USD,Keystone Technologies Incorporated,537795287592,INV-2026-000920-P2,ACH,OPERATING-001,Part payment 2 for INV-2026-000920
BNK-00000950,2026-05-27,DEBIT,209559.69,LKR,Harbor Services Incorporated,624015215345,INV-2026-001001,ACH,PAYABLES-001,Vendor payment INV-2026-001001
BNK-00001118,2026-05-27,DEBIT,10285.55,GBP,Unity Trading Limited,386886767570,INV-2026-001169,CHEQUE,OPERATING-001,Vendor payment INV-2026-001169
BNK-00001272,2026-05-27,DEBIT,20613.19,USD,Royal Services Incorporated,692955158244,INV-2026-001326,WIRE,PAYABLES-001,Vendor payment INV-2026-001326
BNK-00001303,2026-05-27,DEBIT,21457.47,EUR,Delta Foods Corporation,430464641651,INV-2026-001360,BANK_TRANSFER,OPERATING-002,Vendor payment INV-2026-001360
BNK-00001430,2026-05-27,DEBIT,13577.0,USD,Evergreen Industries Corporation,191967772113,INV-2026-001494,CHEQUE,OPERATING-002,Vendor payment INV-2026-001494
BNK-00001493,2026-05-27,DEBIT,8180.96,USD,Metro Consulting Corporation,455945973170,INV-2026-001556,CHEQUE,OPERATING-001,Vendor payment INV-2026-001556
BNK-00001607,2026-05-27,DEBIT,12721.57,USD,Northstar Packaging Corporation,984294502389,INV-2026-001675,CHEQUE,PAYABLES-001,Vendor payment INV-2026-001675
BNK-00001753,2026-05-27,DEBIT,17843.28,USD,Zenith Supplies Limited,280242485333,INV-2026-001827,ACH,OPERATING-001,Vendor payment INV-2026-001827
BNK-00001901,2026-05-27,DEBIT,228603.15,LKR,INSIGHT SERVICES LIMITED,112978452832,INV-2026-001974,ACH,OPERATING-001,Vendor payment INV-2026-001974
BNK-00000160,2026-05-28,DEBIT,15128.71,USD,Zenith Trading Inc,999134125065,INV-2026-000168,CHEQUE,OPERATING-002,Vendor payment INV-2026-000168
BNK-00000300,2026-05-28,DEBIT,5388.36,USD,Pioneer Solutions Incorporated,977752159666,INV-2026-000316,ACH,OPERATING-002,Vendor payment INV-2026-000316
BNK-00000323,2026-05-28,DEBIT,12836.18,USD,Northstar Packaging Corporation,984294502389,INV-2026-000338,ACH,OPERATING-001,Vendor payment INV-2026-000338
BNK-00000402,2026-05-28,DEBIT,9823.95,USD,Insight Services Limited,112978452832,INV-2026-000421,WIRE,OPERATING-002,Vendor payment INV-2026-000421
BNK-00000556,2026-05-28,DEBIT,6672.67,USD,Zenith Consulting Incorporated,300057279938,INV-2026-000586-P1,CHEQUE,OPERATING-002,Part payment 1 for INV-2026-000586
BNK-00000667,2026-05-28,DEBIT,7828.67,GBP,Royal Networks Incorporated,420358865351,INV-2026-000703,ACH,PAYABLES-001,Vendor payment INV-2026-000703
BNK-00001005,2026-05-28,DEBIT,13996.31,USD,Pioneer Supplies Limited,848137395082,INV-2026-001055,BANK_TRANSFER,OPERATING-001,Vendor payment INV-2026-001055
BNK-00001042,2026-05-28,DEBIT,7330.33,EUR,QUANTUM TECHNOLOGIES INCORPORATED,178494949883,INV-2026-001091,ACH,OPERATING-001,Vendor payment INV-2026-001091
BNK-00001109,2026-05-28,DEBIT,10530.58,USD,Unity Systems Incorporated,996390815905,INV-2026-001160,WIRE,OPERATING-002,Vendor payment INV-2026-001160
BNK-00001392,2026-05-28,DEBIT,1315346.5,LKR,ZENITH PACKAGING LIMITED,521010568149,INV-2026-001455,WIRE,PAYABLES-001,Vendor payment INV-2026-001455
BNK-00001398,2026-05-28,DEBIT,987652.35,LKR,PIONEER SUPPLIES LIMITED,848137395082,INV-2026-001462,ACH,OPERATING-002,Vendor payment INV-2026-001462
BNK-00001494,2026-05-28,DEBIT,8180.96,USD,Metro Consulting Corporation,455945973170,INV-2026-001556,ACH,PAYABLES-001,Possible duplicate vendor payment INV-2026-001556
BNK-00002086,2026-05-28,DEBIT,134655.93,LKR,Bank Service Charges,743713881135,MISC-002086,ACH,PAYABLES-001,Insurance payment
BNK-00000167,2026-05-29,DEBIT,15871.4,USD,Keystone Technologies Incorporated,537795287592,INV-2026-000177,CHEQUE,PAYABLES-001,Vendor payment INV-2026-000177
BNK-00000497,2026-05-29,DEBIT,2560.62,USD,Metro Engineering Limited,920438032193,INV-2026-000526-P1,BANK_TRANSFER,OPERATING-001,Part payment 1 for INV-2026-000526
BNK-00000617,2026-05-29,DEBIT,13460.3,USD,Zenith Consulting Incorporated,300057279938,INV-2026-000643,ACH,PAYABLES-001,Possible duplicate vendor payment INV-2026-000643
BNK-00000810,2026-05-29,DEBIT,1992869.66,LKR,Royal Services Incorporated,692955158244,INV-2026-000856,BANK_TRANSFER,OPERATING-001,Vendor payment INV-2026-000856
BNK-00001210,2026-05-29,DEBIT,21208.24,USD,ZENITH PACKAGING LIMITED,521010568149,INV-2026-001263,ACH,OPERATING-001,Vendor payment INV-2026-001263
BNK-00001270,2026-05-29,DEBIT,3131.44,USD,Harbor Supplies Limited,780648306067,INV-2026-001323,WIRE,OPERATING-002,Vendor payment INV-2026-001323
BNK-00001536,2026-05-29,DEBIT,13702.25,GBP,Crescent Industries Limited,354876605861,INV-2026-001600,ACH,PAYABLES-001,Vendor payment INV-2026-001600
BNK-00001668,2026-05-29,DEBIT,8242.83,EUR,Zenith Trading Incorporated,999134125065,INV-2026-001740-P1,CHEQUE,OPERATING-001,Part payment 1 for INV-2026-001740
BNK-00001694,2026-05-29,DEBIT,4204.74,EUR,Global Trading Limited,791827976491,INV-2026-001765,BANK_TRANSFER,OPERATING-001,Vendor payment INV-2026-001765
BNK-00001718,2026-05-29,DEBIT,18297.92,GBP,Silverline Technologies Incorporated,636439249785,INV-2026-001792,ACH,PAYABLES-001,Vendor payment INV-2026-001792
BNK-00002048,2026-05-29,CREDIT,674.01,USD,Government Tax Authority,272177829414,MISC-002048,ACH,OPERATING-002,Rent payment
BNK-00000022,2026-05-30,DEBIT,17926.93,EUR,Pioneer Supplies Incorporated,478166864450,INV-2026-000022,WIRE,OPERATING-002,Vendor payment INV-2026-000022
BNK-00000208,2026-05-30,DEBIT,14635.03,USD,Pioneer Industries Incorporated,588849788066,INV-2026-000224,CHEQUE,OPERATING-002,Vendor payment INV-2026-000224
BNK-00000245,2026-05-30,DEBIT,19174.24,USD,Vertex Supplies Corporation,715100412638,INV-2026-000259,WIRE,PAYABLES-001,Vendor payment INV-2026-000259
BNK-00000426,2026-05-30,DEBIT,7863.3,USD,Apex Consulting Incorporated,509620244728,INV-2026-000444,ACH,PAYABLES-001,Vendor payment INV-2026-000444
BNK-00000539,2026-05-30,DEBIT,649.33,GBP,Evergreen Packaging Limited,589426971653,INV-2026-000570,ACH,PAYABLES-001,Vendor payment INV-2026-000570
BNK-00000668,2026-05-30,DEBIT,7828.67,GBP,Royal Networks Incorporated,420358865351,INV-2026-000703,CHEQUE,OPERATING-001,Possible duplicate vendor payment INV-2026-000703
BNK-00000723,2026-05-30,DEBIT,6230.78,EUR,Northstar Packaging Corporation,984294502389,INV-2026-000768,CHEQUE,OPERATING-001,Vendor payment INV-2026-000768
BNK-00000790,2026-05-30,DEBIT,15323.13,USD,VERTEX SUPPLIES CORPORATION,715100412638,INV-2026-000834,ACH,OPERATING-001,Vendor payment INV-2026-000834
BNK-00000792,2026-05-30,DEBIT,12444.93,USD,Harbor Logistics Limited,339669665349,INV-2026-000836,WIRE,PAYABLES-001,Vendor payment INV-2026-000836
BNK-00000842,2026-05-30,DEBIT,908810.77,LKR,Crescent Logistics Corporation,835428871006,INV-2026-000888,WIRE,PAYABLES-001,Vendor payment INV-2026-000888
BNK-00000922,2026-05-30,DEBIT,10659.2,USD,HARBOR SUPPLIES LIMITED,780648306067,INV-2026-000970,CHEQUE,OPERATING-002,Vendor payment INV-2026-000970
BNK-00000969,2026-05-30,DEBIT,1358.6,EUR,Insight Technologies Incorporated,340733806442,INV-2026-001020,WIRE,OPERATING-002,Vendor payment INV-2026-001020
BNK-00001053,2026-05-30,DEBIT,10145.72,USD,Keystone Technologies Incorporated,537795287592,INV-2026-001102,ACH,OPERATING-002,Vendor payment INV-2026-001102
BNK-00001059,2026-05-30,DEBIT,7755.3,USD,Unity Trading Limited,386886767570,INV-2026-001107,WIRE,OPERATING-002,Vendor payment INV-2026-001107
BNK-00001243,2026-05-30,DEBIT,858672.82,LKR,Keystone Trading Corporation,151975288711,INV-2026-001296,WIRE,PAYABLES-001,Vendor payment INV-2026-001296
BNK-00001271,2026-05-30,DEBIT,18178.19,GBP,Harbor Logistics Limited,339669665349,INV-2026-001325,WIRE,PAYABLES-001,Vendor payment INV-2026-001325
BNK-00001362,2026-05-30,DEBIT,145925.77,LKR,Fusion Consulting Incorporated,159574598144,INV-2026-001423,WIRE,PAYABLES-001,Vendor payment INV-2026-001423
BNK-00001475,2026-05-30,DEBIT,15621.52,USD,Silverline Services Limited,786420412894,INV-2026-001537,WIRE,OPERATING-002,Vendor payment INV-2026-001537
BNK-00001672,2026-05-30,DEBIT,19258.05,USD,Unity Packaging Corporation,275583175291,INV-2026-001743,BANK_TRANSFER,PAYABLES-001,Vendor payment INV-2026-001743
BNK-00001726,2026-05-30,DEBIT,16081.54,USD,Keystone Logistics Ltd,373263685325,INV-2026-001801,CHEQUE,PAYABLES-001,Vendor payment INV-2026-001801
BNK-00001793,2026-05-30,DEBIT,14519.37,USD,Pioneer Solutions Incorporated,977752159666,INV-2026-001863,WIRE,OPERATING-002,Vendor payment INV-2026-001863
BNK-00000054,2026-05-31,DEBIT,5195.89,USD,Orbit Pharma Corporation,243661253546,INV-2026-000059,CHEQUE,PAYABLES-001,Vendor payment INV-2026-000059
BNK-00000087,2026-05-31,DEBIT,7448.77,USD,Unity Systems Incorporated,996390815905,INV-2026-000093,CHEQUE,OPERATING-001,Vendor payment INV-2026-000093
BNK-00000131,2026-05-31,DEBIT,5578.16,USD,Crescent Industries Limited,354876605861,INV-2026-000141,ACH,PAYABLES-001,Vendor payment INV-2026-000141
BNK-00000149,2026-05-31,DEBIT,16525.7,USD,Northstar Packaging Corporation,984294502389,INV-2026-000156,WIRE,PAYABLES-001,Vendor payment INV-2026-000156
BNK-00000454,2026-05-31,DEBIT,1757818.82,LKR,Seacrest Consulting Incorporated,313671722771,INV-2026-000478,BANK_TRANSFER,OPERATING-001,Vendor payment INV-2026-000478 incl bank fee
BNK-00000498,2026-05-31,DEBIT,3322.23,USD,Metro Engineering Limited,920438032193,INV-2026-000526-P2,BANK_TRANSFER,OPERATING-001,Part payment 2 for INV-2026-000526
BNK-00000557,2026-05-31,DEBIT,8935.99,USD,Zenith Consulting Incorporated,300057279938,INV-2026-000586-P2,CHEQUE,OPERATING-001,Part payment 2 for INV-2026-000586
BNK-00000826,2026-05-31,DEBIT,4827.76,GBP,Titan Foods Incorporated,275661855915,INV-2026-000872,ACH,PAYABLES-001,Vendor payment INV-2026-000872
BNK-00000947,2026-05-31,DEBIT,14466.87,USD,Lanka Systems Incorporated,474635226753,INV-2026-000998,ACH,OPERATING-002,Vendor payment INV-2026-000998
BNK-00000958,2026-05-31,DEBIT,11772.87,GBP,Metro Engineering Limited,920438032193,INV-2026-001009,CHEQUE,OPERATING-001,Vendor payment INV-2026-001009
BNK-00001123,2026-05-31,DEBIT,12453.08,GBP,Seacrest Holdings Limited,693021588007,INV-2026-001174,ACH,OPERATING-002,Vendor payment INV-2026-001174
BNK-00001211,2026-05-31,DEBIT,14237.45,USD,Keystone Trading Corporation,151975288711,INV-2026-001264,BANK_TRANSFER,PAYABLES-001,Vendor payment INV-2026-001264 incl bank fee
BNK-00001311,2026-05-31,DEBIT,21769.55,GBP,Zenith Holdings Incorporated,858634739565,INV-2026-001369,ACH,OPERATING-001,Vendor payment INV-2026-001369
BNK-00001324,2026-05-31,DEBIT,16862.76,EUR,Metro Foods Limited,271054481685,INV-2026-001382,ACH,OPERATING-002,Vendor payment INV-2026-001382
BNK-00001691,2026-05-31,DEBIT,2138.89,USD,Nova Engineering Corporation,781595872312,INV-2026-001763-P1,CHEQUE,OPERATING-002,Part payment 1 for INV-2026-001763
BNK-00000148,2026-06-01,DEBIT,14792.25,EUR,Global Trading Limited,791827976491,INV-2026-000155,ACH,PAYABLES-001,Vendor payment INV-2026-000155
BNK-00000395,2026-06-01,DEBIT,17682.67,EUR,Zenith Supplies Limited,280242485333,INV-2026-000413,ACH,OPERATING-001,Vendor payment INV-2026-000413
BNK-00000666,2026-06-01,DEBIT,3451.65,USD,Vertex Packaging Limited,878442396279,INV-2026-000702,WIRE,PAYABLES-001,Vendor payment INV-2026-000702
BNK-00000797,2026-06-01,DEBIT,423347.17,LKR,Royal Holdings Limited,763541807547,INV-2026-000842,ACH,OPERATING-001,Vendor payment INV-2026-000842
BNK-00000823,2026-06-01,DEBIT,7530.02,USD,ZENITH CONSULTING LIMITED,320972207209,INV-2026-000869,WIRE,OPERATING-002,Vendor payment INV-2026-000869
BNK-00000843,2026-06-01,DEBIT,908810.77,LKR,Crescent Logistics Corporation,835428871006,INV-2026-000888,BANK_TRANSFER,PAYABLES-001,Possible duplicate vendor payment INV-2026-000888
BNK-00000968,2026-06-01,DEBIT,9350.14,EUR,Fusion Consulting Inc,159574598144,INV-2026-001019,WIRE,OPERATING-002,Vendor payment INV-2026-001019
BNK-00001189,2026-06-01,DEBIT,9620.9,USD,Unity Foods Corporation,521330443041,INV-2026-001239,ACH,OPERATING-002,Vendor payment INV-2026-001239 incl bank fee
BNK-00001482,2026-06-01,DEBIT,22945.25,USD,Zenith Supplies Limited,280242485333,INV-2026-001545,WIRE,OPERATING-001,Vendor payment INV-2026-001545
BNK-00001489,2026-06-01,DEBIT,18172.66,GBP,Nova Logistics Limited,988348638973,INV-2026-001552,WIRE,OPERATING-002,Vendor payment INV-2026-001552
BNK-00001916,2026-06-01,DEBIT,15238.24,USD,Unity Technologies Limited,795191128611,INV-2026-001995,BANK_TRANSFER,PAYABLES-001,Vendor payment INV-2026-001995
BNK-00001976,2026-06-01,DEBIT,694585.04,LKR,National Telecom,817236989730,MISC-001976,CARD,OPERATING-001,Tax payment
BNK-00000038,2026-06-02,DEBIT,8085.48,USD,Evergreen Industries Corporation,191967772113,INV-2026-000041,CHEQUE,OPERATING-001,Vendor payment INV-2026-000041
BNK-00000106,2026-06-02,DEBIT,15465.97,GBP,Delta Pharma Limited,449993794346,INV-2026-000116,WIRE,PAYABLES-001,Vendor payment INV-2026-000116
BNK-00000111,2026-06-02,DEBIT,15645.45,USD,Summit Textiles Incorporated,595553303426,INV-2026-000121,WIRE,PAYABLES-001,Vendor payment INV-2026-000121
BNK-00000158,2026-06-02,DEBIT,282.57,EUR,Orbit Trading Ltd,670621564585,INV-2026-000165,CHEQUE,OPERATING-002,Vendor payment INV-2026-000165
BNK-00000215,2026-06-02,DEBIT,21820.9,USD,Crescent Logistics Corporation,835428871006,INV-2026-000231,ACH,OPERATING-001,Vendor payment INV-2026-000231
BNK-00000819,2026-06-02,DEBIT,10159.85,USD,Keystone Logistics Limited,373263685325,INV-2026-000866,ACH,OPERATING-001,Vendor payment INV-2026-000866
BNK-00001206,2026-06-02,DEBIT,18891.03,USD,Zenith Consulting Incorporated,300057279938,INV-2026-001257,WIRE,OPERATING-002,Vendor payment INV-2026-001257
BNK-00001544,2026-06-02,DEBIT,3777.19,USD,Insight Services Limited,112978452832,INV-2026-001608,BANK_TRANSFER,OPERATING-002,Vendor payment INV-2026-001608
BNK-00001608,2026-06-02,DEBIT,3669.4,USD,Harbor Technologies Limited,664313517211,INV-2026-001676-P1,WIRE,PAYABLES-001,Part payment 1 for INV-2026-001676
BNK-00001669,2026-06-02,DEBIT,8504.25,EUR,Zenith Trading Incorporated,999134125065,INV-2026-001740-P2,ACH,OPERATING-001,Part payment 2 for INV-2026-001740
BNK-00001692,2026-06-02,DEBIT,1281.74,USD,Nova Engineering Corporation,781595872312,INV-2026-001763-P2,BANK_TRANSFER,PAYABLES-001,Part payment 2 for INV-2026-001763
BNK-00001722,2026-06-02,DEBIT,21550.79,GBP,Seacrest Solutions Limited,245495438119,INV-2026-001797,WIRE,OPERATING-002,Vendor payment INV-2026-001797
BNK-00002055,2026-06-02,DEBIT,488997.93,LKR,Card Settlement,852362459308,MISC-002055,WIRE,OPERATING-001,Payroll related
BNK-00000083,2026-06-03,DEBIT,169839.73,LKR,Global Solutions Limited,524365842188,INV-2026-000089-P1,CHEQUE,PAYABLES-001,Part payment 1 for INV-2026-000089
BNK-00000429,2026-06-03,DEBIT,5299.3,EUR,Delta Solutions Incorporated,482855037930,INV-2026-000447,WIRE,PAYABLES-001,Vendor payment INV-2026-000447
BNK-00000632,2026-06-03,DEBIT,12534.28,USD,Pioneer Supplies Incorporated,478166864450,INV-2026-000661,CHEQUE,OPERATING-001,Vendor payment INV-2026-000661
BNK-00000634,2026-06-03,DEBIT,11731.71,USD,Keystone Trading Corporation,151975288711,INV-2026-000663,WIRE,OPERATING-002,Vendor payment INV-2026-000663
BNK-00000822,2026-06-03,DEBIT,1232399.91,LKR,Pioneer Trading Incorporated,131761864164,INV-2026-000868,WIRE,PAYABLES-001,Vendor payment INV-2026-000868
BNK-00000848,2026-06-03,DEBIT,15187.01,USD,Silverline Services Limited,786420412894,INV-2026-000893,CHEQUE,PAYABLES-001,Vendor payment INV-2026-000893
BNK-00001592,2026-06-03,DEBIT,22587.93,USD,Unity Systems Incorporated,996390815905,INV-2026-001661,CHEQUE,PAYABLES-001,Vendor payment INV-2026-001661
BNK-00001700,2026-06-03,DEBIT,3229.25,USD,BrightPath Logistics Corporation,755696355114,INV-2026-001772,CHEQUE,OPERATING-002,Vendor payment INV-2026-001772
BNK-00002031,2026-06-03,DEBIT,3737.54,USD,Card Settlement,675003078899,MISC-002031,ACH,OPERATING-001,Operating expense
BNK-00000251,2026-06-04,DEBIT,15661.39,USD,Redwood Textiles Limited,797825279821,INV-2026-000268,CHEQUE,OPERATING-001,Vendor payment INV-2026-000268
BNK-00000443,2026-06-04,DEBIT,19306.06,GBP,Vertex Supplies Corp,715100412638,INV-2026-000468,WIRE,OPERATING-002,Vendor payment INV-2026-000468
BNK-00000726,2026-06-04,DEBIT,14610.65,USD,Redwood Textiles Limited,797825279821,INV-2026-000771,WIRE,PAYABLES-001,Vendor payment INV-2026-000771
BNK-00000795,2026-06-04,DEBIT,23229.03,USD,Nova Engineering Corporation,781595872312,INV-2026-000839,ACH,OPERATING-002,Vendor payment INV-2026-000839
BNK-00000807,2026-06-04,DEBIT,1351.81,GBP,Global Trading Limited,791827976491,INV-2026-000853,WIRE,PAYABLES-001,Vendor payment INV-2026-000853 incl bank fee
BNK-00000820,2026-06-04,DEBIT,10159.85,USD,Keystone Logistics Limited,373263685325,INV-2026-000866,CHEQUE,OPERATING-001,Possible duplicate vendor payment INV-2026-000866
BNK-00000893,2026-06-04,DEBIT,1486660.74,LKR,Pioneer Supplies Incorporated,478166864450,INV-2026-000937,CHEQUE,OPERATING-001,Vendor payment INV-2026-000937
BNK-00001288,2026-06-04,DEBIT,5667.06,USD,Seacrest Holdings Limited,693021588007,INV-2026-001344,CHEQUE,OPERATING-002,Vendor payment INV-2026-001344
BNK-00001394,2026-06-04,DEBIT,18369.31,GBP,Metro Consulting Limited,223880907939,INV-2026-001457,ACH,OPERATING-002,Vendor payment INV-2026-001457 incl bank fee
BNK-00001427,2026-06-04,DEBIT,22701.18,USD,Keystone Trading Corp,151975288711,INV-2026-001491,CHEQUE,OPERATING-002,Vendor payment INV-2026-001491
BNK-00001615,2026-06-04,DEBIT,3201.08,GBP,Harbor Supplies Limited,780648306067,INV-2026-001681,WIRE,OPERATING-001,Vendor payment INV-2026-001681
BNK-00001733,2026-06-04,DEBIT,997.64,USD,Orbit Trading Limited,670621564585,INV-2026-001808,BANK_TRANSFER,PAYABLES-001,Vendor payment INV-2026-001808
BNK-00001777,2026-06-04,DEBIT,1647728.53,LKR,Harbor Technologies Limited,664313517211,INV-2026-001851,ACH,PAYABLES-001,Vendor payment INV-2026-001851
BNK-00002061,2026-06-04,DEBIT,1181.09,USD,Insurance Provider,242057918175,MISC-002061,BANK_TRANSFER,OPERATING-001,Utility payment
BNK-00000088,2026-06-05,DEBIT,9620.47,EUR,Keystone Packaging Limited,137044812889,INV-2026-000095,ACH,OPERATING-001,Vendor payment INV-2026-000095
BNK-00000113,2026-06-05,DEBIT,16402.05,USD,Vertex Packaging Incorporated,873883374114,INV-2026-000123,WIRE,OPERATING-001,Vendor payment INV-2026-000123
BNK-00000233,2026-06-05,DEBIT,18854.03,USD,Delta Solutions Incorporated,482855037930,INV-2026-000249,CHEQUE,OPERATING-002,Vendor payment INV-2026-000249
BNK-00000246,2026-06-05,DEBIT,14779.28,USD,Redwood Logistics Incorporated,162027005011,INV-2026-000260,BANK_TRANSFER,OPERATING-002,Vendor payment INV-2026-000260
BNK-00000920,2026-06-05,DEBIT,12477.04,EUR,Orbit Supplies Limited,298066901090,INV-2026-000968,CHEQUE,OPERATING-002,Vendor payment INV-2026-000968
BNK-00000990,2026-06-05,DEBIT,797941.36,LKR,Lanka Systems Incorporated,474635226753,INV-2026-001039,CHEQUE,OPERATING-002,Vendor payment INV-2026-001039
BNK-00001530,2026-06-05,DEBIT,1820669.02,LKR,METRO HOLDINGS INCORPORATED,337635667755,INV-2026-001593,BANK_TRANSFER,OPERATING-002,Vendor payment INV-2026-001593
BNK-00001661,2026-06-05,DEBIT,17622.05,USD,Vertex Packaging Limited,878442396279,INV-2026-001735,WIRE,OPERATING-002,Vendor payment INV-2026-001735
BNK-00001967,2026-06-05,CREDIT,3805.48,USD,Insurance Provider,969246111471,MISC-001967,WIRE,OPERATING-002,Rent payment
BNK-00000070,2026-06-06,DEBIT,7975.48,GBP,Delta Solutions Corporation,641938372964,INV-2026-000074,ACH,OPERATING-002,Vendor payment INV-2026-000074
BNK-00000084,2026-06-06,DEBIT,104701.27,LKR,Global Solutions Limited,524365842188,INV-2026-000089-P2,ACH,PAYABLES-001,Part payment 2 for INV-2026-000089
BNK-00000312,2026-06-06,DEBIT,19482.72,USD,Harbor Supplies Ltd,780648306067,INV-2026-000328,BANK_TRANSFER,OPERATING-002,Vendor payment INV-2026-000328
BNK-00000714,2026-06-06,DEBIT,8860.56,USD,SILVERLINE SERVICES LIMITED,786420412894,INV-2026-000759,CHEQUE,PAYABLES-001,Vendor payment INV-2026-000759
BNK-00000812,2026-06-06,DEBIT,1859.28,USD,Evergreen Industries Corporation,191967772113,INV-2026-000858-P1,WIRE,OPERATING-001,Part payment 1 for INV-2026-000858
BNK-00000859,2026-06-06,DEBIT,6027.05,EUR,Global Textiles Limited,520913251936,INV-2026-000904,WIRE,OPERATING-001,Vendor payment INV-2026-000904
BNK-00000919,2026-06-06,DEBIT,1487.01,GBP,Keystone Technologies Incorporated,537795287592,INV-2026-000967,WIRE,OPERATING-002,Vendor payment INV-2026-000967
BNK-00001029,2026-06-06,DEBIT,2075.41,USD,Delta Solutions Corporation,641938372964,INV-2026-001079,CHEQUE,OPERATING-001,Vendor payment INV-2026-001079
BNK-00001072,2026-06-06,DEBIT,4950.19,USD,Titan Consulting Limited,210036267868,INV-2026-001121,BANK_TRANSFER,OPERATING-002,Vendor payment INV-2026-001121
BNK-00001570,2026-06-06,DEBIT,7475.24,GBP,Jade Pharma Incorporated,991524726409,INV-2026-001638,BANK_TRANSFER,PAYABLES-001,Vendor payment INV-2026-001638
BNK-00001609,2026-06-06,DEBIT,3867.9,USD,Harbor Technologies Limited,664313517211,INV-2026-001676-P2,BANK_TRANSFER,OPERATING-002,Part payment 2 for INV-2026-001676
BNK-00001710,2026-06-06,DEBIT,16993.08,EUR,Unity Foods Corporation,521330443041,INV-2026-001781,CHEQUE,OPERATING-001,Vendor payment INV-2026-001781
BNK-00000459,2026-06-07,DEBIT,13692.37,USD,Westbridge Logistics Limited,926130135930,INV-2026-000483,ACH,OPERATING-002,Vendor payment INV-2026-000483
BNK-00000563,2026-06-07,DEBIT,938011.45,LKR,Global Trading Limited,791827976491,INV-2026-000591,ACH,OPERATING-002,Vendor payment INV-2026-000591
BNK-00000716,2026-06-07,DEBIT,6903.98,GBP,Royal Networks Incorporated,420358865351,INV-2026-000761,BANK_TRANSFER,PAYABLES-001,Vendor payment INV-2026-000761
BNK-00000813,2026-06-07,DEBIT,2839.33,USD,Evergreen Industries Corporation,191967772113,INV-2026-000858-P2,BANK_TRANSFER,PAYABLES-001,Part payment 2 for INV-2026-000858
BNK-00001532,2026-06-07,DEBIT,12851.57,EUR,Pioneer Solutions Incorporated,977752159666,INV-2026-001595,CHEQUE,OPERATING-002,Vendor payment INV-2026-001595
BNK-00001663,2026-06-07,DEBIT,8111.02,USD,Nova Textiles Corporation,367267673414,INV-2026-001737-P1,ACH,PAYABLES-001,Part payment 1 for INV-2026-001737
BNK-00001674,2026-06-07,DEBIT,12269.54,EUR,Pioneer Supplies Limited,848137395082,INV-2026-001745,ACH,PAYABLES-001,Vendor payment INV-2026-001745
BNK-00001886,2026-06-07,DEBIT,286.91,USD,Crescent Supplies Limited,821600684492,INV-2026-001959,BANK_TRANSFER,OPERATING-001,Vendor payment INV-2026-001959
BNK-00002078,2026-06-07,DEBIT,149084.68,LKR,City Power Utility,951173013859,MISC-002078,ACH,OPERATING-002,Insurance payment
BNK-00000051,2026-06-08,DEBIT,1746.64,EUR,Fusion Consulting Incorporated,159574598144,INV-2026-000055,WIRE,OPERATING-001,Vendor payment INV-2026-000055
BNK-00000352,2026-06-08,DEBIT,13000.85,GBP,Jade Pharma Incorporated,991524726409,INV-2026-000372,ACH,OPERATING-001,Vendor payment INV-2026-000372
BNK-00000413,2026-06-08,DEBIT,14800.39,EUR,Metro Engineering Limited,920438032193,INV-2026-000430,WIRE,OPERATING-002,Vendor payment INV-2026-000430
BNK-00000996,2026-06-08,DEBIT,11971.57,GBP,Nova Systems Corporation,367862118541,INV-2026-001045,ACH,PAYABLES-001,Vendor payment INV-2026-001045
BNK-00001086,2026-06-08,DEBIT,15403.79,EUR,Nova Systems Corp,367862118541,INV-2026-001137,BANK_TRANSFER,OPERATING-001,Vendor payment INV-2026-001137
BNK-00001325,2026-06-08,DEBIT,18649.46,GBP,Westbridge Logistics Limited,926130135930,INV-2026-001383,BANK_TRANSFER,PAYABLES-001,Vendor payment INV-2026-001383
BNK-00001505,2026-06-08,DEBIT,11322.49,USD,Harbor Logistics Limited,339669665349,INV-2026-001570,ACH,OPERATING-001,Vendor payment INV-2026-001570
BNK-00001541,2026-06-08,DEBIT,475850.09,LKR,ROYAL HOLDINGS LIMITED,763541807547,INV-2026-001606,WIRE,PAYABLES-001,Vendor payment INV-2026-001606
BNK-00001634,2026-06-08,DEBIT,3559.39,EUR,Royal Holdings Limited,763541807547,INV-2026-001705,BANK_TRANSFER,OPERATING-002,Vendor payment INV-2026-001705
BNK-00001664,2026-06-08,DEBIT,7277.82,USD,Nova Textiles Corporation,367267673414,INV-2026-001737-P2,CHEQUE,OPERATING-001,Part payment 2 for INV-2026-001737
BNK-00001872,2026-06-08,DEBIT,2587.85,GBP,Metro Engineering Ltd,920438032193,INV-2026-001943,CHEQUE,OPERATING-002,Vendor payment INV-2026-001943
BNK-00001966,2026-06-08,DEBIT,783091.93,LKR,Interest Income,884542273044,MISC-001966,BANK_TRANSFER,OPERATING-001,Insurance payment
BNK-00002008,2026-06-08,CREDIT,760107.2,LKR,Card Settlement,179613006091,MISC-002008,BANK_TRANSFER,OPERATING-001,Customer receipt
BNK-00000159,2026-06-09,DEBIT,16541.66,USD,Silverline Systems Incorporated,812865433579,INV-2026-000167,BANK_TRANSFER,PAYABLES-001,Vendor payment INV-2026-000167
BNK-00000412,2026-06-09,DEBIT,14904.16,USD,Metro Foods Ltd,271054481685,INV-2026-000429,ACH,OPERATING-002,Vendor payment INV-2026-000429
BNK-00000513,2026-06-09,DEBIT,4136.55,EUR,Royal Supplies Incorporated,844119833085,INV-2026-000542,CHEQUE,OPERATING-002,Vendor payment INV-2026-000542
BNK-00000725,2026-06-09,DEBIT,7149.47,GBP,Metro Consulting Corporation,455945973170,INV-2026-000770,ACH,OPERATING-002,Vendor payment INV-2026-000770
BNK-00000847,2026-06-09,DEBIT,21975.06,USD,Metro Engineering Limited,920438032193,INV-2026-000892,WIRE,OPERATING-001,Vendor payment INV-2026-000892
BNK-00001057,2026-06-09,DEBIT,5257.48,USD,Global Engineering Limited,159172251058,INV-2026-001105,WIRE,PAYABLES-001,Vendor payment INV-2026-001105
BNK-00001435,2026-06-09,DEBIT,1176280.43,LKR,NOVA LOGISTICS LIMITED,988348638973,INV-2026-001499,ACH,OPERATING-001,Vendor payment INV-2026-001499
BNK-00001506,2026-06-09,DEBIT,11322.49,USD,Harbor Logistics Limited,339669665349,INV-2026-001570,ACH,PAYABLES-001,Possible duplicate vendor payment INV-2026-001570
BNK-00001698,2026-06-09,DEBIT,2050.36,USD,FUSION CONSULTING INCORPORATED,159574598144,INV-2026-001769,WIRE,OPERATING-001,Vendor payment INV-2026-001769
BNK-00001835,2026-06-09,DEBIT,8996.28,USD,Seacrest Consulting Incorporated,313671722771,INV-2026-001906,ACH,OPERATING-001,Vendor payment INV-2026-001906
BNK-00001926,2026-06-09,CREDIT,842.81,USD,Interest Income,526491807249,MISC-001926,BANK_TRANSFER,OPERATING-002,Tax payment
BNK-00000039,2026-06-10,DEBIT,21747.01,GBP,Pioneer Supplies Limited,848137395082,INV-2026-000042,ACH,PAYABLES-001,Vendor payment INV-2026-000042
BNK-00000145,2026-06-10,DEBIT,10405.12,GBP,Silverline Systems Incorporated,812865433579,INV-2026-000152,WIRE,OPERATING-002,Vendor payment INV-2026-000152
BNK-00000371,2026-06-10,DEBIT,3196.11,USD,Royal Services Incorporated,692955158244,INV-2026-000390-P1,BANK_TRANSFER,OPERATING-001,Part payment 1 for INV-2026-000390
BNK-00000400,2026-06-10,DEBIT,243.35,USD,Royal Services Incorporated,692955158244,INV-2026-000418,WIRE,PAYABLES-001,Vendor payment INV-2026-000418
BNK-00000731,2026-06-10,DEBIT,7703.58,GBP,ROYAL SERVICES INCORPORATED,692955158244,INV-2026-000776,ACH,OPERATING-001,Vendor payment INV-2026-000776
BNK-00000872,2026-06-10,DEBIT,17947.03,EUR,Zenith Packaging Limited,521010568149,INV-2026-000919,ACH,PAYABLES-001,Vendor payment INV-2026-000919
BNK-00001064,2026-06-10,DEBIT,3798.36,USD,Evergreen Industries Corporation,191967772113,INV-2026-001112,ACH,PAYABLES-001,Vendor payment INV-2026-001112
BNK-00001348,2026-06-10,DEBIT,7200.45,USD,Crescent Supplies Corporation,485089074443,INV-2026-001408-P1,BANK_TRANSFER,OPERATING-002,Part payment 1 for INV-2026-001408
BNK-00001483,2026-06-10,DEBIT,13829.0,USD,Redwood Textiles Limited,797825279821,INV-2026-001546,BANK_TRANSFER,OPERATING-002,Vendor payment INV-2026-001546
BNK-00001583,2026-06-10,DEBIT,19982.06,EUR,Zenith Consulting Incorporated,300057279938,INV-2026-001653,CHEQUE,OPERATING-002,Vendor payment INV-2026-001653
BNK-00001749,2026-06-10,DEBIT,3608.89,USD,Vertex Packaging Incorporated,873883374114,INV-2026-001823,WIRE,OPERATING-002,Vendor payment INV-2026-001823
BNK-00001836,2026-06-10,DEBIT,8996.28,USD,Seacrest Consulting Incorporated,313671722771,INV-2026-001906,CHEQUE,PAYABLES-001,Possible duplicate vendor payment INV-2026-001906
BNK-00000669,2026-06-11,DEBIT,3117.01,USD,Pioneer Supplies Limited,848137395082,INV-2026-000704,ACH,OPERATING-002,Vendor payment INV-2026-000704
BNK-00000796,2026-06-11,DEBIT,1641.47,EUR,INSIGHT SERVICES LIMITED,112978452832,INV-2026-000840,CHEQUE,OPERATING-001,Vendor payment INV-2026-000840
BNK-00000803,2026-06-11,DEBIT,561.22,USD,Global Solutions Limited,524365842188,INV-2026-000850,CHEQUE,PAYABLES-001,Vendor payment INV-2026-000850
BNK-00000892,2026-06-11,DEBIT,15126.05,USD,Crescent Industries Limited,354876605861,INV-2026-000936,CHEQUE,OPERATING-001,Vendor payment INV-2026-000936
BNK-00001143,2026-06-11,DEBIT,10293.49,EUR,Delta Solutions Incorporated,482855037930,INV-2026-001193,WIRE,OPERATING-002,Vendor payment INV-2026-001193
BNK-00001253,2026-06-11,DEBIT,12651.12,USD,Metro Consulting Limited,223880907939,INV-2026-001306,CHEQUE,OPERATING-001,Vendor payment INV-2026-001306
BNK-00000046,2026-06-12,DEBIT,35478.34,LKR,Evergreen Systems Incorporated,574699427658,INV-2026-000049,BANK_TRANSFER,OPERATING-002,Vendor payment INV-2026-000049
BNK-00000425,2026-06-12,DEBIT,17770.1,EUR,BrightPath Logistics Corporation,755696355114,INV-2026-000443,WIRE,OPERATING-001,Vendor payment INV-2026-000443
BNK-00000804,2026-06-12,DEBIT,561.22,USD,Global Solutions Limited,524365842188,INV-2026-000850,BANK_TRANSFER,OPERATING-002,Possible duplicate vendor payment INV-2026-000850
BNK-00001024,2026-06-12,DEBIT,9376.09,USD,Royal Networks Inc,420358865351,INV-2026-001074,BANK_TRANSFER,OPERATING-002,Vendor payment INV-2026-001074
BNK-00001117,2026-06-12,DEBIT,18721.05,USD,Titan Foods Inc,275661855915,INV-2026-001168,CHEQUE,OPERATING-002,Vendor payment INV-2026-001168
BNK-00001363,2026-06-12,DEBIT,1037076.36,LKR,Harbor Logistics Ltd,339669665349,INV-2026-001424,WIRE,PAYABLES-001,Vendor payment INV-2026-001424
BNK-00001396,2026-06-12,DEBIT,277946.31,LKR,Nova Textiles Corporation,367267673414,INV-2026-001459,CHEQUE,OPERATING-001,Vendor payment INV-2026-001459
BNK-00001452,2026-06-12,DEBIT,10430.21,USD,Metro Consulting Corporation,455945973170,INV-2026-001515,ACH,PAYABLES-001,Vendor payment INV-2026-001515
BNK-00001716,2026-06-12,DEBIT,19842.94,USD,Summit Textiles Incorporated,595553303426,INV-2026-001789,WIRE,PAYABLES-001,Vendor payment INV-2026-001789
BNK-00001737,2026-06-12,DEBIT,14422.51,USD,Metro Holdings Incorporated,337635667755,INV-2026-001813,BANK_TRANSFER,OPERATING-001,Vendor payment INV-2026-001813
BNK-00001738,2026-06-12,DEBIT,14422.51,USD,Metro Holdings Incorporated,337635667755,INV-2026-001813,CHEQUE,PAYABLES-001,Possible duplicate vendor payment INV-2026-001813
BNK-00001782,2026-06-12,DEBIT,17894.24,GBP,Unity Foods Limited,192330135002,INV-2026-001855,BANK_TRANSFER,PAYABLES-001,Vendor payment INV-2026-001855
BNK-00001783,2026-06-12,DEBIT,17894.24,GBP,Unity Foods Limited,192330135002,INV-2026-001855,BANK_TRANSFER,OPERATING-001,Possible duplicate vendor payment INV-2026-001855
BNK-00001885,2026-06-12,DEBIT,5295.4,USD,Global Engineering Limited,159172251058,INV-2026-001958,BANK_TRANSFER,OPERATING-002,Vendor payment INV-2026-001958
BNK-00001962,2026-06-12,DEBIT,3348.93,EUR,Employee Reimbursements,660337767453,MISC-001962,ACH,PAYABLES-001,Operating expense
BNK-00000334,2026-06-13,DEBIT,22793.68,USD,GLOBAL TEXTILES LIMITED,520913251936,INV-2026-000352,WIRE,PAYABLES-001,Vendor payment INV-2026-000352
BNK-00000391,2026-06-13,DEBIT,14200.06,EUR,Quantum Technologies Incorporated,178494949883,INV-2026-000409,BANK_TRANSFER,PAYABLES-001,Vendor payment INV-2026-000409
BNK-00000484,2026-06-13,DEBIT,2087.62,USD,Westbridge Logistics Limited,926130135930,INV-2026-000509,WIRE,PAYABLES-001,Vendor payment INV-2026-000509
BNK-00000525,2026-06-13,DEBIT,15170.49,USD,Harbor Technologies Limited,664313517211,INV-2026-000554,BANK_TRANSFER,PAYABLES-001,Vendor payment INV-2026-000554
BNK-00000526,2026-06-13,DEBIT,15170.49,USD,Harbor Technologies Limited,664313517211,INV-2026-000554,WIRE,OPERATING-001,Possible duplicate vendor payment INV-2026-000554
BNK-00000537,2026-06-13,DEBIT,13305.69,USD,FUSION CONSULTING INCORPORATED,159574598144,INV-2026-000568,BANK_TRANSFER,OPERATING-002,Vendor payment INV-2026-000568
BNK-00000715,2026-06-13,DEBIT,2552.44,USD,Unity Systems Incorporated,996390815905,INV-2026-000760,WIRE,PAYABLES-001,Vendor payment INV-2026-000760
BNK-00000844,2026-06-13,DEBIT,18745.39,USD,Seacrest Solutions Limited,245495438119,INV-2026-000889,BANK_TRANSFER,OPERATING-001,Vendor payment INV-2026-000889 incl bank fee
BNK-00001183,2026-06-13,DEBIT,8157.56,GBP,Silverline Logistics Limited,381959955088,INV-2026-001233,CHEQUE,PAYABLES-001,Vendor payment INV-2026-001233
BNK-00001294,2026-06-13,DEBIT,10765.2,USD,Quantum Technologies Incorporated,178494949883,INV-2026-001351,CHEQUE,OPERATING-001,Vendor payment INV-2026-001351
BNK-00001353,2026-06-13,DEBIT,10946.25,USD,Nova Solutions Corporation,307437974878,INV-2026-001412,CHEQUE,OPERATING-002,Vendor payment INV-2026-001412
BNK-00001360,2026-06-13,DEBIT,4751.23,USD,Royal Networks Incorporated,420358865351,INV-2026-001419,ACH,OPERATING-001,Vendor payment INV-2026-001419
BNK-00001399,2026-06-13,DEBIT,4875.02,USD,Titan Foods Incorporated,275661855915,INV-2026-001463,WIRE,OPERATING-001,Vendor payment INV-2026-001463
BNK-00001436,2026-06-13,DEBIT,17983.81,EUR,Silverline Systems Incorporated,812865433579,INV-2026-001500,BANK_TRANSFER,OPERATING-001,Vendor payment INV-2026-001500
BNK-00001612,2026-06-13,DEBIT,1451.97,EUR,Crescent Logistics Corporation,835428871006,INV-2026-001678,ACH,OPERATING-001,Vendor payment INV-2026-001678
BNK-00001881,2026-06-13,DEBIT,1773442.78,LKR,Royal Networks Incorporated,420358865351,INV-2026-001953,BANK_TRANSFER,OPERATING-002,Vendor payment INV-2026-001953
BNK-00000303,2026-06-14,DEBIT,14669.0,USD,Metro Holdings Incorporated,337635667755,INV-2026-000318,WIRE,PAYABLES-001,Vendor payment INV-2026-000318
BNK-00000372,2026-06-14,DEBIT,5545.14,USD,Royal Services Incorporated,692955158244,INV-2026-000390-P2,CHEQUE,OPERATING-002,Part payment 2 for INV-2026-000390
BNK-00000574,2026-06-14,DEBIT,1009818.42,LKR,Zenith Consulting Limited,320972207209,INV-2026-000602,BANK_TRANSFER,PAYABLES-001,Vendor payment INV-2026-000602
BNK-00000677,2026-06-14,DEBIT,2512.1,USD,GLOBAL TEXTILES LIMITED,520913251936,INV-2026-000714,WIRE,PAYABLES-001,Vendor payment INV-2026-000714
BNK-00000708,2026-06-14,DEBIT,14355.19,USD,Pioneer Packaging Limited,786086128752,INV-2026-000752,WIRE,OPERATING-001,Vendor payment INV-2026-000752
BNK-00000768,2026-06-14,DEBIT,15845.98,USD,Crescent Supplies Ltd,821600684492,INV-2026-000813,ACH,PAYABLES-001,Vendor payment INV-2026-000813
BNK-00000967,2026-06-14,DEBIT,4321.04,USD,Orbit Supplies Limited,298066901090,INV-2026-001018,ACH,PAYABLES-001,Vendor payment INV-2026-001018 incl bank fee
BNK-00001000,2026-06-14,DEBIT,1247086.63,LKR,Harbor Svcs Incorporated,624015215345,INV-2026-001050,ACH,OPERATING-002,Vendor payment INV-2026-001050
BNK-00001218,2026-06-14,DEBIT,22745.57,USD,Nova Packaging Corporation,712652693184,INV-2026-001271,BANK_TRANSFER,OPERATING-002,Vendor payment INV-2026-001271
BNK-00001226,2026-06-14,DEBIT,10973.32,USD,Summit Textiles Incorporated,595553303426,INV-2026-001279,WIRE,PAYABLES-001,Vendor payment INV-2026-001279
BNK-00001349,2026-06-14,DEBIT,10837.53,USD,Crescent Supplies Corporation,485089074443,INV-2026-001408-P2,ACH,OPERATING-001,Part payment 2 for INV-2026-001408
BNK-00001784,2026-06-14,DEBIT,258.86,USD,Unity Technologies Limited,795191128611,INV-2026-001856,WIRE,OPERATING-002,Vendor payment INV-2026-001856
BNK-00001792,2026-06-14,DEBIT,4229.64,GBP,Titan Consulting Limited,210036267868,INV-2026-001862,ACH,OPERATING-002,Vendor payment INV-2026-001862
BNK-00001902,2026-06-14,DEBIT,1614.55,USD,Orbit Supplies Limited,298066901090,INV-2026-001976,ACH,OPERATING-001,Vendor payment INV-2026-001976
BNK-00001979,2026-06-14,DEBIT,6196.05,USD,City Power Utility,265747072665,MISC-001979,ACH,OPERATING-002,Operating expense
BNK-00000411,2026-06-15,DEBIT,14663.15,GBP,Pioneer Supplies Incorporated,478166864450,INV-2026-000428,CHEQUE,OPERATING-002,Vendor payment INV-2026-000428
BNK-00000427,2026-06-15,DEBIT,18346.89,GBP,Orbit Consulting Limited,884069898811,INV-2026-000445,ACH,OPERATING-001,Vendor payment INV-2026-000445 incl bank fee
BNK-00000478,2026-06-15,DEBIT,7578.12,USD,Pioneer Solutions Incorporated,977752159666,INV-2026-000504,WIRE,PAYABLES-001,Vendor payment INV-2026-000504
BNK-00000671,2026-06-15,DEBIT,17260.52,USD,Evergreen Industries Corporation,191967772113,INV-2026-000706,ACH,OPERATING-001,Vendor payment INV-2026-000706
BNK-00000913,2026-06-15,DEBIT,17132.33,USD,Harbor Technologies Limited,664313517211,INV-2026-000958,CHEQUE,PAYABLES-001,Vendor payment INV-2026-000958
BNK-00001166,2026-06-15,DEBIT,10599.55,USD,Unity Systems Incorporated,996390815905,INV-2026-001217,BANK_TRANSFER,OPERATING-001,Vendor payment INV-2026-001217
BNK-00001352,2026-06-15,DEBIT,3342.04,USD,Crescent Supplies Corporation,485089074443,INV-2026-001410,ACH,OPERATING-002,Vendor payment INV-2026-001410
BNK-00001552,2026-06-15,DEBIT,7935.38,USD,Harbor Logistics Limited,339669665349,INV-2026-001618,WIRE,PAYABLES-001,Vendor payment INV-2026-001618
BNK-00000132,2026-06-16,DEBIT,3402.22,USD,Insight Technologies Incorporated,340733806442,INV-2026-000142,WIRE,OPERATING-001,Vendor payment INV-2026-000142
BNK-00000349,2026-06-16,DEBIT,20424.43,USD,HARBOR INDUSTRIES LIMITED,656253304185,INV-2026-000369,WIRE,OPERATING-001,Vendor payment INV-2026-000369
BNK-00000390,2026-06-16,DEBIT,386839.91,LKR,Pioneer Industries Incorporated,588849788066,INV-2026-000408,WIRE,PAYABLES-001,Vendor payment INV-2026-000408
BNK-00000464,2026-06-16,DEBIT,3489.32,EUR,Jade Pharma Incorporated,991524726409,INV-2026-000489,ACH,OPERATING-001,Vendor payment INV-2026-000489
BNK-00000491,2026-06-16,DEBIT,1180066.02,LKR,Evergreen Packaging Limited,589426971653,INV-2026-000520,BANK_TRANSFER,PAYABLES-001,Vendor payment INV-2026-000520
BNK-00000593,2026-06-16,DEBIT,2351.16,USD,Unity Systems Inc,996390815905,INV-2026-000621,BANK_TRANSFER,OPERATING-002,Vendor payment INV-2026-000621
BNK-00001120,2026-06-16,DEBIT,16297.93,USD,Orbit Trading Limited,670621564585,INV-2026-001171,ACH,PAYABLES-001,Vendor payment INV-2026-001171
BNK-00001231,2026-06-16,DEBIT,7791.44,GBP,Redwood Textiles Limited,797825279821,INV-2026-001283,BANK_TRANSFER,OPERATING-001,Vendor payment INV-2026-001283
BNK-00001767,2026-06-16,DEBIT,5460.82,GBP,Vertex Packaging Inc,873883374114,INV-2026-001841,WIRE,OPERATING-001,Vendor payment INV-2026-001841
BNK-00001785,2026-06-16,DEBIT,258.86,USD,Unity Technologies Limited,795191128611,INV-2026-001856,CHEQUE,PAYABLES-001,Possible duplicate vendor payment INV-2026-001856
BNK-00001794,2026-06-16,DEBIT,15697.33,USD,Royal Holdings Limited,763541807547,INV-2026-001864,WIRE,OPERATING-001,Vendor payment INV-2026-001864
BNK-00001817,2026-06-16,DEBIT,3526.94,USD,Vertex Supplies Corporation,715100412638,INV-2026-001888,BANK_TRANSFER,OPERATING-001,Vendor payment INV-2026-001888
BNK-00001910,2026-06-16,DEBIT,9967.77,USD,Royal Services Incorporated,692955158244,INV-2026-001986,BANK_TRANSFER,PAYABLES-001,Vendor payment INV-2026-001986
BNK-00002011,2026-06-16,DEBIT,476.33,USD,Employee Reimbursements,637861255878,MISC-002011,BANK_TRANSFER,OPERATING-001,Utility payment
BNK-00002072,2026-06-16,DEBIT,235700.47,LKR,Bank Service Charges,841884335435,MISC-002072,ACH,PAYABLES-001,Operating expense
BNK-00000187,2026-06-17,DEBIT,10080.86,USD,UNITY SYSTEMS INCORPORATED,996390815905,INV-2026-000200,BANK_TRANSFER,OPERATING-002,Vendor payment INV-2026-000200
BNK-00000575,2026-06-17,DEBIT,10365.15,USD,Royal Holdings Limited,763541807547,INV-2026-000603,WIRE,OPERATING-001,Vendor payment INV-2026-000603
BNK-00000736,2026-06-17,DEBIT,8392.37,USD,Silverline Services Limited,786420412894,INV-2026-000781,ACH,OPERATING-001,Vendor payment INV-2026-000781
BNK-00000839,2026-06-17,DEBIT,8105.15,USD,Crescent Industries Limited,354876605861,INV-2026-000885,WIRE,PAYABLES-001,Vendor payment INV-2026-000885
BNK-00000923,2026-06-17,DEBIT,4331.9,GBP,Silverline Technologies Incorporated,636439249785,INV-2026-000972,CHEQUE,OPERATING-002,Vendor payment INV-2026-000972
BNK-00001500,2026-06-17,DEBIT,17660.16,USD,Vertex Packaging Limited,878442396279,INV-2026-001565,WIRE,OPERATING-001,Vendor payment INV-2026-001565
BNK-00001800,2026-06-17,DEBIT,2460.1,GBP,Zenith Trading Inc,999134125065,INV-2026-001871,ACH,PAYABLES-001,Vendor payment INV-2026-001871
BNK-00001894,2026-06-17,DEBIT,19409.5,USD,Harbor Supplies Limited,780648306067,INV-2026-001968,WIRE,OPERATING-002,Vendor payment INV-2026-001968
BNK-00000076,2026-06-18,DEBIT,11656.76,USD,Jade Pharma Incorporated,991524726409,INV-2026-000080,ACH,PAYABLES-001,Vendor payment INV-2026-000080
BNK-00000101,2026-06-18,DEBIT,5549.66,USD,Nova Engineering Corporation,781595872312,INV-2026-000111,ACH,OPERATING-001,Vendor payment INV-2026-000111
BNK-00000119,2026-06-18,DEBIT,1505.47,USD,Pioneer Supplies Incorporated,478166864450,INV-2026-000129,ACH,OPERATING-001,Vendor payment INV-2026-000129
BNK-00000386,2026-06-18,DEBIT,19556.9,USD,Delta Pharma Limited,449993794346,INV-2026-000404,CHEQUE,PAYABLES-001,Vendor payment INV-2026-000404 incl bank fee
BNK-00000552,2026-06-18,DEBIT,15054.83,USD,Harbor Logistics Limited,339669665349,INV-2026-000583,BANK_TRANSFER,OPERATING-002,Vendor payment INV-2026-000583
BNK-00000915,2026-06-18,DEBIT,6602.46,USD,Unity Tech Limited,795191128611,INV-2026-000961,CHEQUE,PAYABLES-001,Vendor payment INV-2026-000961
BNK-00001014,2026-06-18,DEBIT,12414.06,GBP,Delta Solutions Corporation,641938372964,INV-2026-001064,CHEQUE,PAYABLES-001,Vendor payment INV-2026-001064
BNK-00001299,2026-06-18,DEBIT,632.69,GBP,Evergreen Packaging Limited,589426971653,INV-2026-001357,WIRE,OPERATING-001,Vendor payment INV-2026-001357
BNK-00001408,2026-06-18,DEBIT,4124.71,USD,Delta Pharma Limited,449993794346,INV-2026-001474,BANK_TRANSFER,PAYABLES-001,Vendor payment INV-2026-001474
BNK-00001997,2026-06-18,DEBIT,7676.18,USD,Bank Service Charges,381478366626,MISC-001997,ACH,OPERATING-001,Utility payment
BNK-00000192,2026-06-19,DEBIT,14039.68,USD,Delta Solutions Corporation,641938372964,INV-2026-000206,ACH,OPERATING-001,Vendor payment INV-2026-000206
BNK-00000247,2026-06-19,DEBIT,7829.21,USD,Nova Systems Corporation,367862118541,INV-2026-000263,ACH,PAYABLES-001,Vendor payment INV-2026-000263
BNK-00000350,2026-06-19,DEBIT,5548.52,USD,Metro Consulting Corporation,455945973170,INV-2026-000370,BANK_TRANSFER,OPERATING-001,Vendor payment INV-2026-000370
BNK-00000444,2026-06-19,DEBIT,4308.79,USD,TITAN CONSULTING LIMITED,210036267868,INV-2026-000469,ACH,OPERATING-001,Vendor payment INV-2026-000469
BNK-00000536,2026-06-19,DEBIT,15503.64,USD,Nova Engineering Corporation,781595872312,INV-2026-000567,CHEQUE,OPERATING-002,Vendor payment INV-2026-000567
BNK-00000621,2026-06-19,DEBIT,2127.67,USD,Titan Foods Incorporated,275661855915,INV-2026-000648,WIRE,OPERATING-001,Vendor payment INV-2026-000648
BNK-00000924,2026-06-19,DEBIT,4331.9,GBP,Silverline Technologies Incorporated,636439249785,INV-2026-000972,BANK_TRANSFER,OPERATING-002,Possible duplicate vendor payment INV-2026-000972
BNK-00001021,2026-06-19,DEBIT,16213.46,EUR,Royal Networks Inc,420358865351,INV-2026-001071,ACH,OPERATING-002,Vendor payment INV-2026-001071
BNK-00001050,2026-06-19,DEBIT,2927.43,USD,Vertex Consulting Incorporated,829094805956,INV-2026-001099,ACH,OPERATING-002,Vendor payment INV-2026-001099
BNK-00001076,2026-06-19,DEBIT,17166.4,EUR,Lanka Systems Incorporated,474635226753,INV-2026-001127,WIRE,OPERATING-002,Vendor payment INV-2026-001127
BNK-00001084,2026-06-19,DEBIT,8965.15,USD,Royal Networks Incorporated,420358865351,INV-2026-001135,BANK_TRANSFER,PAYABLES-001,Vendor payment INV-2026-001135
BNK-00001686,2026-06-19,DEBIT,18529.95,USD,Harbor Technologies Limited,664313517211,INV-2026-001756,WIRE,OPERATING-001,Vendor payment INV-2026-001756
BNK-00001813,2026-06-19,DEBIT,17907.27,GBP,Unity Packaging Corporation,275583175291,INV-2026-001882,BANK_TRANSFER,PAYABLES-001,Vendor payment INV-2026-001882
BNK-00001930,2026-06-19,DEBIT,1295.45,USD,Card Settlement,155947886256,MISC-001930,WIRE,OPERATING-002,Payroll related
BNK-00001981,2026-06-19,DEBIT,123641.72,LKR,Government Tax Authority,404757364097,MISC-001981,CARD,PAYABLES-001,Payroll related
BNK-00001990,2026-06-19,CREDIT,3792.64,EUR,City Power Utility,781681825763,MISC-001990,ACH,OPERATING-001,Insurance payment
BNK-00000282,2026-06-20,DEBIT,16531.42,USD,NOVA SYSTEMS CORPORATION,367862118541,INV-2026-000298,CHEQUE,OPERATING-002,Vendor payment INV-2026-000298
BNK-00000301,2026-06-20,DEBIT,9520.54,USD,Zenith Consulting Incorporated,300057279938,INV-2026-000317-P1,CHEQUE,OPERATING-002,Part payment 1 for INV-2026-000317
BNK-00000340,2026-06-20,DEBIT,6337.82,USD,Seacrest Holdings Limited,693021588007,INV-2026-000358,ACH,OPERATING-001,Vendor payment INV-2026-000358
BNK-00000428,2026-06-20,DEBIT,16867.02,USD,Zenith Consulting Inc,300057279938,INV-2026-000446,BANK_TRANSFER,PAYABLES-001,Vendor payment INV-2026-000446
BNK-00000487,2026-06-20,DEBIT,634070.42,LKR,HARBOR INDUSTRIES LIMITED,656253304185,INV-2026-000512,WIRE,OPERATING-001,Vendor payment INV-2026-000512
BNK-00000597,2026-06-20,DEBIT,9401.49,USD,Unity Technologies Limited,795191128611,INV-2026-000624,CHEQUE,PAYABLES-001,Vendor payment INV-2026-000624
BNK-00000599,2026-06-20,DEBIT,896203.35,LKR,Unity Packaging Corporation,275583175291,INV-2026-000626,ACH,PAYABLES-001,Vendor payment INV-2026-000626
BNK-00000622,2026-06-20,DEBIT,10073.7,USD,Northstar Packaging Corporation,984294502389,INV-2026-000649,ACH,OPERATING-002,Vendor payment INV-2026-000649 incl bank fee
BNK-00000734,2026-06-20,DEBIT,1535.92,GBP,Summit Textiles Incorporated,595553303426,INV-2026-000779,WIRE,OPERATING-001,Vendor payment INV-2026-000779
BNK-00000835,2026-06-20,DEBIT,398606.65,LKR,Pioneer Supplies Limited,848137395082,INV-2026-000882,WIRE,OPERATING-001,Vendor payment INV-2026-000882
BNK-00000929,2026-06-20,DEBIT,2078.06,USD,Zenith Packaging Limited,521010568149,INV-2026-000977,WIRE,PAYABLES-001,Vendor payment INV-2026-000977
BNK-00001244,2026-06-20,DEBIT,13248.8,USD,Unity Foods Limited,192330135002,INV-2026-001297,WIRE,PAYABLES-001,Vendor payment INV-2026-001297
BNK-00001266,2026-06-20,DEBIT,2136043.8,LKR,Delta Pharma Limited,449993794346,INV-2026-001319,ACH,PAYABLES-001,Vendor payment INV-2026-001319
BNK-00001673,2026-06-20,DEBIT,2059736.17,LKR,Jade Pharma Incorporated,991524726409,INV-2026-001744,ACH,OPERATING-001,Vendor payment INV-2026-001744
BNK-00001693,2026-06-20,DEBIT,1893687.94,LKR,Pioneer Solutions Incorporated,977752159666,INV-2026-001764,WIRE,PAYABLES-001,Vendor payment INV-2026-001764
BNK-00001799,2026-06-20,DEBIT,22691.21,USD,Metro Engineering Limited,920438032193,INV-2026-001870,BANK_TRANSFER,OPERATING-001,Vendor payment INV-2026-001870
BNK-00001988,2026-06-20,DEBIT,407807.83,LKR,Interest Income,406876616786,MISC-001988,DIRECT_DEBIT,OPERATING-002,Utility payment
BNK-00000027,2026-06-21,DEBIT,3785.15,USD,SILVERLINE SERVICES LIMITED,786420412894,INV-2026-000029,ACH,OPERATING-002,Vendor payment INV-2026-000029
BNK-00000094,2026-06-21,DEBIT,11590.01,USD,Keystone Logistics Limited,373263685325,INV-2026-000102,WIRE,PAYABLES-001,Vendor payment INV-2026-000102
BNK-00000205,2026-06-21,DEBIT,15862.51,USD,Metro Engineering Limited,920438032193,INV-2026-000221,WIRE,PAYABLES-001,Vendor payment INV-2026-000221
BNK-00000248,2026-06-21,DEBIT,2782.88,GBP,Global Trading Limited,791827976491,INV-2026-000264,ACH,OPERATING-001,Vendor payment INV-2026-000264
BNK-00000338,2026-06-21,DEBIT,627546.28,LKR,Nova Systems Corporation,367862118541,INV-2026-000356,BANK_TRANSFER,OPERATING-001,Vendor payment INV-2026-000356
BNK-00000534,2026-06-21,DEBIT,17142.59,GBP,Orbit Pharma Corporation,243661253546,INV-2026-000563,ACH,OPERATING-001,Vendor payment INV-2026-000563 incl bank fee
BNK-00000743,2026-06-21,DEBIT,5084.39,GBP,Global Trading Limited,791827976491,INV-2026-000789-P1,WIRE,OPERATING-001,Part payment 1 for INV-2026-000789
BNK-00000825,2026-06-21,DEBIT,15950.61,GBP,Nova Packaging Corporation,712652693184,INV-2026-000871,WIRE,OPERATING-001,Vendor payment INV-2026-000871
BNK-00001071,2026-06-21,DEBIT,11318.41,USD,Delta Foods Corporation,430464641651,INV-2026-001119,BANK_TRANSFER,OPERATING-001,Vendor payment INV-2026-001119
BNK-00001119,2026-06-21,DEBIT,377710.52,LKR,Lanka Foods Limited,482503603584,INV-2026-001170,CHEQUE,OPERATING-001,Vendor payment INV-2026-001170
BNK-00001239,2026-06-21,DEBIT,15271.71,USD,BrightPath Logistics Corporation,755696355114,INV-2026-001290,CHEQUE,OPERATING-002,Vendor payment INV-2026-001290
BNK-00001460,2026-06-21,DEBIT,13408.43,EUR,Evergreen Packaging Limited,589426971653,INV-2026-001522,BANK_TRANSFER,PAYABLES-001,Vendor payment INV-2026-001522
BNK-00001497,2026-06-21,DEBIT,3041.15,USD,Evergreen Systems Incorporated,574699427658,INV-2026-001561,CHEQUE,OPERATING-001,Vendor payment INV-2026-001561
BNK-00001617,2026-06-21,DEBIT,1026.16,USD,Nova Packaging Corporation,712652693184,INV-2026-001685,BANK_TRANSFER,OPERATING-001,Vendor payment INV-2026-001685
BNK-00001950,2026-06-21,DEBIT,676532.91,LKR,Card Settlement,846660744330,MISC-001950,ACH,OPERATING-002,Bank charge
BNK-00000463,2026-06-22,DEBIT,4873.33,USD,Redwood Logistics Incorporated,162027005011,INV-2026-000488,ACH,PAYABLES-001,Vendor payment INV-2026-000488
BNK-00000619,2026-06-22,DEBIT,3597.21,GBP,Silverline Technologies Incorporated,636439249785,INV-2026-000646,BANK_TRANSFER,OPERATING-001,Vendor payment INV-2026-000646
BNK-00000640,2026-06-22,DEBIT,19160.97,GBP,Unity Systems Incorporated,996390815905,INV-2026-000669,CHEQUE,OPERATING-002,Vendor payment INV-2026-000669
BNK-00000760,2026-06-22,DEBIT,750339.01,LKR,Fusion Consulting Incorporated,159574598144,INV-2026-000805,ACH,OPERATING-002,Vendor payment INV-2026-000805
BNK-00000902,2026-06-22,DEBIT,12072.87,USD,Silverline Svcs Limited,786420412894,INV-2026-000946,BANK_TRANSFER,OPERATING-001,Vendor payment INV-2026-000946
BNK-00001466,2026-06-22,DEBIT,830963.07,LKR,Crescent Supplies Corporation,485089074443,INV-2026-001528,BANK_TRANSFER,OPERATING-001,Vendor payment INV-2026-001528
BNK-00001811,2026-06-22,DEBIT,10150.37,USD,Pioneer Supplies Incorporated,478166864450,INV-2026-001881-P1,BANK_TRANSFER,PAYABLES-001,Part payment 1 for INV-2026-001881
BNK-00001873,2026-06-22,DEBIT,8561.77,EUR,Harbor Services Incorporated,624015215345,INV-2026-001944,BANK_TRANSFER,OPERATING-001,Vendor payment INV-2026-001944 incl bank fee
BNK-00002017,2026-06-22,CREDIT,4847.55,EUR,Insurance Provider,186209748404,MISC-002017,ACH,OPERATING-001,Tax payment
BNK-00002071,2026-06-22,DEBIT,1494.92,USD,Office Rent Holdings,519660256055,MISC-002071,WIRE,OPERATING-001,Tax payment
BNK-00000035,2026-06-23,DEBIT,13209.87,USD,Royal Supplies Incorporated,844119833085,INV-2026-000038,BANK_TRANSFER,OPERATING-002,Vendor payment INV-2026-000038
BNK-00000561,2026-06-23,DEBIT,3376.07,USD,Keystone Trading Corporation,151975288711,INV-2026-000589,WIRE,OPERATING-002,Vendor payment INV-2026-000589
BNK-00000608,2026-06-23,DEBIT,8134.21,USD,Vertex Supplies Corporation,715100412638,INV-2026-000637,ACH,OPERATING-001,Vendor payment INV-2026-000637
BNK-00000831,2026-06-23,DEBIT,6858.93,USD,Zenith Consulting Incorporated,300057279938,INV-2026-000877,CHEQUE,OPERATING-001,Vendor payment INV-2026-000877
BNK-00000858,2026-06-23,DEBIT,1045.91,USD,Keystone Technologies Incorporated,537795287592,INV-2026-000903,BANK_TRANSFER,OPERATING-002,Vendor payment INV-2026-000903
BNK-00000869,2026-06-23,DEBIT,13085.6,USD,Crescent Logistics Corporation,835428871006,INV-2026-000915,BANK_TRANSFER,OPERATING-001,Vendor payment INV-2026-000915
BNK-00001023,2026-06-23,DEBIT,9088.46,EUR,Unity Technologies Limited,795191128611,INV-2026-001073,CHEQUE,OPERATING-002,Vendor payment INV-2026-001073
BNK-00001280,2026-06-23,DEBIT,17972.31,USD,Lanka Systems Incorporated,474635226753,INV-2026-001334,CHEQUE,OPERATING-001,Vendor payment INV-2026-001334
BNK-00001510,2026-06-23,DEBIT,2248564.93,LKR,Metro Holdings Incorporated,337635667755,INV-2026-001574,WIRE,OPERATING-001,Vendor payment INV-2026-001574
BNK-00001637,2026-06-23,DEBIT,8198.48,USD,Harbor Logistics Limited,339669665349,INV-2026-001708,CHEQUE,OPERATING-002,Vendor payment INV-2026-001708
BNK-00001683,2026-06-23,DEBIT,12659.37,EUR,BrightPath Logistics Corporation,755696355114,INV-2026-001753,CHEQUE,OPERATING-001,Vendor payment INV-2026-001753
BNK-00001942,2026-06-23,CREDIT,2803.41,USD,Card Settlement,730354982539,MISC-001942,DIRECT_DEBIT,PAYABLES-001,Insurance payment
BNK-00002020,2026-06-23,CREDIT,3492.49,EUR,National Telecom,136111306881,MISC-002020,ACH,PAYABLES-001,Rent payment
BNK-00002050,2026-06-23,DEBIT,4216.05,EUR,Card Settlement,482331908353,MISC-002050,DIRECT_DEBIT,PAYABLES-001,Operating expense
BNK-00000302,2026-06-24,DEBIT,8556.7,USD,Zenith Consulting Incorporated,300057279938,INV-2026-000317-P2,ACH,OPERATING-002,Part payment 2 for INV-2026-000317
BNK-00000436,2026-06-24,DEBIT,579216.48,LKR,Metro Engineering Limited,920438032193,INV-2026-000457,CHEQUE,OPERATING-001,Vendor payment INV-2026-000457
BNK-00000495,2026-06-24,DEBIT,337.96,USD,Zenith Consulting Limited,320972207209,INV-2026-000524,BANK_TRANSFER,PAYABLES-001,Vendor payment INV-2026-000524
BNK-00000609,2026-06-24,DEBIT,8134.21,USD,Vertex Supplies Corporation,715100412638,INV-2026-000637,CHEQUE,PAYABLES-001,Possible duplicate vendor payment INV-2026-000637
BNK-00000660,2026-06-24,DEBIT,17874.53,GBP,Redwood Textiles Limited,797825279821,INV-2026-000694,WIRE,OPERATING-001,Vendor payment INV-2026-000694
BNK-00000720,2026-06-24,DEBIT,18514.77,GBP,Apex Consulting Incorporated,509620244728,INV-2026-000765,CHEQUE,PAYABLES-001,Vendor payment INV-2026-000765
BNK-00000744,2026-06-24,DEBIT,9382.56,GBP,Global Trading Limited,791827976491,INV-2026-000789-P2,WIRE,OPERATING-002,Part payment 2 for INV-2026-000789
BNK-00000776,2026-06-24,DEBIT,17572.59,USD,CRESCENT SUPPLIES LIMITED,821600684492,INV-2026-000821,WIRE,PAYABLES-001,Vendor payment INV-2026-000821
BNK-00001230,2026-06-24,DEBIT,9637.98,EUR,PIONEER PACKAGING LIMITED,786086128752,INV-2026-001282,ACH,PAYABLES-001,Vendor payment INV-2026-001282
BNK-00001287,2026-06-24,DEBIT,7941.67,EUR,Fusion Consulting Incorporated,159574598144,INV-2026-001343,ACH,PAYABLES-001,Vendor payment INV-2026-001343
BNK-00001880,2026-06-24,DEBIT,13156.36,EUR,Summit Textiles Incorporated,595553303426,INV-2026-001952,CHEQUE,OPERATING-002,Vendor payment INV-2026-001952
BNK-00001934,2026-06-24,DEBIT,433843.56,LKR,Office Rent Holdings,674125719979,MISC-001934,CARD,PAYABLES-001,Payroll related
BNK-00000475,2026-06-25,DEBIT,1717751.44,LKR,Redwood Textiles Limited,797825279821,INV-2026-000500,WIRE,OPERATING-002,Vendor payment INV-2026-000500
BNK-00000815,2026-06-25,DEBIT,5665.14,USD,Zenith Holdings Incorporated,858634739565,INV-2026-000861,ACH,OPERATING-001,Vendor payment INV-2026-000861
BNK-00001179,2026-06-25,DEBIT,576.76,USD,Orbit Supplies Limited,298066901090,INV-2026-001230,CHEQUE,OPERATING-002,Vendor payment INV-2026-001230
BNK-00001622,2026-06-25,DEBIT,7290.68,GBP,Pioneer Solutions Incorporated,977752159666,INV-2026-001693,ACH,OPERATING-001,Vendor payment INV-2026-001693
BNK-00001681,2026-06-25,DEBIT,1848.88,USD,BrightPath Logistics Corporation,755696355114,INV-2026-001752-P1,WIRE,OPERATING-001,Part payment 1 for INV-2026-001752
BNK-00001812,2026-06-25,DEBIT,8401.05,USD,Pioneer Supplies Incorporated,478166864450,INV-2026-001881-P2,BANK_TRANSFER,OPERATING-001,Part payment 2 for INV-2026-001881
BNK-00001868,2026-06-25,DEBIT,4958.65,EUR,Lanka Systems Incorporated,474635226753,INV-2026-001940,BANK_TRANSFER,PAYABLES-001,Vendor payment INV-2026-001940
BNK-00000156,2026-06-26,DEBIT,19355.63,USD,REDWOOD TEXTILES LIMITED,797825279821,INV-2026-000163,BANK_TRANSFER,OPERATING-002,Vendor payment INV-2026-000163
BNK-00000357,2026-06-26,DEBIT,14563.81,USD,Vertex Packaging Limited,878442396279,INV-2026-000376,WIRE,OPERATING-001,Vendor payment INV-2026-000376
BNK-00000531,2026-06-26,DEBIT,939.81,USD,Crescent Supplies Corporation,485089074443,INV-2026-000559,ACH,OPERATING-001,Vendor payment INV-2026-000559
BNK-00000832,2026-06-26,DEBIT,9001.03,GBP,Orbit Supplies Limited,298066901090,INV-2026-000878,ACH,OPERATING-001,Vendor payment INV-2026-000878
BNK-00000942,2026-06-26,DEBIT,3140.06,USD,Keystone Logistics Ltd,373263685325,INV-2026-000992,CHEQUE,PAYABLES-001,Vendor payment INV-2026-000992
BNK-00001121,2026-06-26,DEBIT,8940.77,USD,Nova Packaging Corporation,712652693184,INV-2026-001172,ACH,OPERATING-002,Vendor payment INV-2026-001172
BNK-00001168,2026-06-26,DEBIT,4571.66,EUR,KEYSTONE TRADING CORPORATION,151975288711,INV-2026-001219,ACH,OPERATING-001,Vendor payment INV-2026-001219
BNK-00001312,2026-06-26,DEBIT,7074.15,USD,Zenith Trading Incorporated,999134125065,INV-2026-001370,BANK_TRANSFER,OPERATING-002,Vendor payment INV-2026-001370
BNK-00001590,2026-06-26,DEBIT,18952.94,USD,Northstar Packaging Corporation,984294502389,INV-2026-001659,WIRE,OPERATING-002,Vendor payment INV-2026-001659
BNK-00001650,2026-06-26,DEBIT,11111.32,USD,Delta Solutions Incorporated,482855037930,INV-2026-001723,CHEQUE,PAYABLES-001,Vendor payment INV-2026-001723
BNK-00001665,2026-06-26,DEBIT,13841.94,USD,Silverline Systems Incorporated,812865433579,INV-2026-001738,WIRE,OPERATING-001,Vendor payment INV-2026-001738
BNK-00002046,2026-06-26,DEBIT,6128.75,USD,Government Tax Authority,897064222861,MISC-002046,ACH,OPERATING-002,Operating expense
BNK-00000128,2026-06-27,DEBIT,21269.59,USD,Unity Foods Limited,192330135002,INV-2026-000138,ACH,PAYABLES-001,Vendor payment INV-2026-000138
BNK-00000129,2026-06-27,DEBIT,411913.68,LKR,Nova Engineering Corporation,781595872312,INV-2026-000139,WIRE,OPERATING-002,Vendor payment INV-2026-000139
BNK-00000956,2026-06-27,DEBIT,13353.63,GBP,Insight Technologies Inc,340733806442,INV-2026-001007,WIRE,OPERATING-001,Vendor payment INV-2026-001007
BNK-00001192,2026-06-27,DEBIT,14298.36,USD,PIONEER INDUSTRIES INCORPORATED,588849788066,INV-2026-001243,ACH,OPERATING-001,Vendor payment INV-2026-001243
BNK-00001284,2026-06-27,DEBIT,12590.43,GBP,Royal Holdings Limited,763541807547,INV-2026-001338,CHEQUE,PAYABLES-001,Vendor payment INV-2026-001338
BNK-00001292,2026-06-27,DEBIT,1448931.98,LKR,Crescent Supplies Limited,821600684492,INV-2026-001349,WIRE,OPERATING-001,Vendor payment INV-2026-001349
BNK-00001496,2026-06-27,DEBIT,2331.76,USD,Nova Systems Corporation,367862118541,INV-2026-001560,ACH,OPERATING-001,Vendor payment INV-2026-001560
BNK-00001727,2026-06-27,DEBIT,1747.85,USD,Jade Industries Limited,540585735564,INV-2026-001802,ACH,OPERATING-002,Vendor payment INV-2026-001802 incl bank fee
BNK-00001854,2026-06-27,DEBIT,509337.24,LKR,Zenith Packaging Limited,521010568149,INV-2026-001926-P1,ACH,OPERATING-001,Part payment 1 for INV-2026-001926
BNK-00001946,2026-06-27,DEBIT,1034.93,USD,National Telecom,446782004995,MISC-001946,DIRECT_DEBIT,PAYABLES-001,Operating expense
BNK-00000037,2026-06-28,DEBIT,4287.2,USD,SILVERLINE SERVICES LIMITED,786420412894,INV-2026-000040,WIRE,OPERATING-002,Vendor payment INV-2026-000040
BNK-00000123,2026-06-28,DEBIT,1268199.78,LKR,Royal Holdings Limited,763541807547,INV-2026-000133,ACH,OPERATING-001,Vendor payment INV-2026-000133
BNK-00000629,2026-06-28,DEBIT,9757.03,USD,INSIGHT SERVICES LIMITED,112978452832,INV-2026-000657,WIRE,PAYABLES-001,Vendor payment INV-2026-000657
BNK-00000645,2026-06-28,DEBIT,996178.76,LKR,Silverline Systems Incorporated,812865433579,INV-2026-000675,WIRE,OPERATING-001,Vendor payment INV-2026-000675
BNK-00000856,2026-06-28,DEBIT,1421.31,USD,METRO FOODS LIMITED,271054481685,INV-2026-000900,WIRE,OPERATING-001,Vendor payment INV-2026-000900
BNK-00001322,2026-06-28,DEBIT,14404.03,USD,Royal Networks Incorporated,420358865351,INV-2026-001380,BANK_TRANSFER,OPERATING-002,Vendor payment INV-2026-001380
BNK-00001855,2026-06-28,DEBIT,774391.54,LKR,Zenith Packaging Limited,521010568149,INV-2026-001926-P2,CHEQUE,OPERATING-002,Part payment 2 for INV-2026-001926
BNK-00000114,2026-06-29,DEBIT,16641.21,USD,Global Engineering Limited,159172251058,INV-2026-000124,ACH,PAYABLES-001,Vendor payment INV-2026-000124
BNK-00000184,2026-06-29,DEBIT,13985.87,EUR,Nova Engineering Corporation,781595872312,INV-2026-000196,BANK_TRANSFER,PAYABLES-001,Vendor payment INV-2026-000196
BNK-00000217,2026-06-29,DEBIT,18384.14,EUR,Vertex Supplies Corp,715100412638,INV-2026-000233,CHEQUE,OPERATING-001,Vendor payment INV-2026-000233
BNK-00000373,2026-06-29,DEBIT,23350.21,EUR,Keystone Technologies Incorporated,537795287592,INV-2026-000391,CHEQUE,PAYABLES-001,Vendor payment INV-2026-000391
BNK-00000648,2026-06-29,DEBIT,11608.24,USD,Global Textiles Limited,520913251936,INV-2026-000679,ACH,OPERATING-002,Vendor payment INV-2026-000679
BNK-00000943,2026-06-29,DEBIT,21248.98,USD,Pioneer Solutions Incorporated,977752159666,INV-2026-000993,CHEQUE,OPERATING-002,Vendor payment INV-2026-000993
BNK-00000944,2026-06-29,DEBIT,17446.64,EUR,Metro Foods Limited,271054481685,INV-2026-000994,WIRE,OPERATING-002,Vendor payment INV-2026-000994
BNK-00000954,2026-06-29,DEBIT,16510.46,USD,Keystone Trading Corporation,151975288711,INV-2026-001005,ACH,PAYABLES-001,Vendor payment INV-2026-001005
BNK-00000966,2026-06-29,DEBIT,9765.66,USD,Delta Solutions Incorporated,482855037930,INV-2026-001017,WIRE,PAYABLES-001,Vendor payment INV-2026-001017
BNK-00001397,2026-06-29,DEBIT,19800.6,USD,Silverline Logistics Limited,381959955088,INV-2026-001461,WIRE,OPERATING-002,Vendor payment INV-2026-001461 incl bank fee
BNK-00001582,2026-06-29,DEBIT,18495.11,GBP,Orbit Consulting Limited,884069898811,INV-2026-001652,ACH,OPERATING-002,Vendor payment INV-2026-001652
BNK-00001682,2026-06-29,DEBIT,1004.14,USD,BrightPath Logistics Corporation,755696355114,INV-2026-001752-P2,CHEQUE,PAYABLES-001,Part payment 2 for INV-2026-001752
BNK-00001833,2026-06-29,DEBIT,738.16,USD,Crescent Industries Limited,354876605861,INV-2026-001904,ACH,PAYABLES-001,Vendor payment INV-2026-001904
BNK-00001898,2026-06-29,DEBIT,2530.73,USD,Royal Supplies Incorporated,844119833085,INV-2026-001972,CHEQUE,OPERATING-001,Vendor payment INV-2026-001972
BNK-00002074,2026-06-29,CREDIT,961.76,USD,National Telecom,551458827824,MISC-002074,BANK_TRANSFER,OPERATING-001,Bank charge
BNK-00000034,2026-06-30,DEBIT,3058.74,USD,Pioneer Packaging Limited,786086128752,INV-2026-000037,WIRE,OPERATING-002,Vendor payment INV-2026-000037
BNK-00000117,2026-06-30,DEBIT,18128.45,USD,Silverline Services Limited,786420412894,INV-2026-000127,CHEQUE,PAYABLES-001,Vendor payment INV-2026-000127
BNK-00000421,2026-06-30,DEBIT,1180.29,USD,Jade Pharma Incorporated,991524726409,INV-2026-000439,WIRE,OPERATING-002,Vendor payment INV-2026-000439 incl bank fee
BNK-00000476,2026-06-30,DEBIT,4318.82,USD,REDWOOD TEXTILES LIMITED,797825279821,INV-2026-000501,WIRE,PAYABLES-001,Vendor payment INV-2026-000501
BNK-00000614,2026-06-30,DEBIT,315282.57,LKR,Vertex Packaging Limited,878442396279,INV-2026-000641,BANK_TRANSFER,OPERATING-001,Vendor payment INV-2026-000641 incl bank fee
BNK-00000652,2026-06-30,DEBIT,20032.51,GBP,Harbor Industries Limited,656253304185,INV-2026-000684,WIRE,PAYABLES-001,Vendor payment INV-2026-000684
BNK-00000704,2026-06-30,DEBIT,18427.64,USD,Zenith Trading Incorporated,999134125065,INV-2026-000749,WIRE,OPERATING-002,Vendor payment INV-2026-000749
BNK-00000992,2026-06-30,DEBIT,15077.04,USD,Vertex Supplies Corporation,715100412638,INV-2026-001041,ACH,OPERATING-001,Vendor payment INV-2026-001041 incl bank fee
BNK-00001340,2026-06-30,DEBIT,359438.29,LKR,Royal Services Incorporated,692955158244,INV-2026-001397,CHEQUE,PAYABLES-001,Vendor payment INV-2026-001397
BNK-00001400,2026-06-30,DEBIT,16869.29,USD,Vertex Supplies Corporation,715100412638,INV-2026-001464,CHEQUE,PAYABLES-001,Vendor payment INV-2026-001464
BNK-00001437,2026-06-30,DEBIT,19859.84,GBP,Crescent Supplies Corporation,485089074443,INV-2026-001501,CHEQUE,OPERATING-001,Vendor payment INV-2026-001501
BNK-00001438,2026-06-30,DEBIT,19859.84,GBP,Crescent Supplies Corporation,485089074443,INV-2026-001501,WIRE,PAYABLES-001,Possible duplicate vendor payment INV-2026-001501
BNK-00001709,2026-06-30,DEBIT,1091930.54,LKR,Seacrest Holdings Limited,693021588007,INV-2026-001780,WIRE,OPERATING-002,Vendor payment INV-2026-001780
BNK-00001735,2026-06-30,DEBIT,635388.57,LKR,Orbit Consulting Limited,884069898811,INV-2026-001811,BANK_TRANSFER,OPERATING-002,Vendor payment INV-2026-001811
BNK-00001899,2026-06-30,DEBIT,2530.73,USD,Royal Supplies Incorporated,844119833085,INV-2026-001972,WIRE,PAYABLES-001,Possible duplicate vendor payment INV-2026-001972
BNK-00002063,2026-06-30,DEBIT,3258.41,USD,National Telecom,827460087474,MISC-002063,ACH,PAYABLES-001,Bank charge
BNK-00002098,2026-06-30,DEBIT,3434.1,EUR,Office Rent Holdings,503800079424,MISC-002098,WIRE,PAYABLES-001,Insurance payment
BNK-00000077,2026-07-01,DEBIT,21969.1,USD,Seacrest Solutions Ltd,245495438119,INV-2026-000081,BANK_TRANSFER,PAYABLES-001,Vendor payment INV-2026-000081
BNK-00000092,2026-07-01,DEBIT,9456.25,USD,Pioneer Industries Incorporated,588849788066,INV-2026-000099,ACH,OPERATING-001,Vendor payment INV-2026-000099
BNK-00000368,2026-07-01,DEBIT,1417.91,USD,Pioneer Industries Incorporated,588849788066,INV-2026-000387,BANK_TRANSFER,OPERATING-002,Vendor payment INV-2026-000387
BNK-00000374,2026-07-01,DEBIT,8486.92,USD,Pioneer Solutions Incorporated,977752159666,INV-2026-000393,BANK_TRANSFER,OPERATING-002,Vendor payment INV-2026-000393
BNK-00000485,2026-07-01,DEBIT,16116.31,USD,Silverline Services Limited,786420412894,INV-2026-000510,CHEQUE,OPERATING-002,Vendor payment INV-2026-000510
BNK-00000606,2026-07-01,DEBIT,2556.22,EUR,Northstar Packaging Corp,984294502389,INV-2026-000635,ACH,PAYABLES-001,Vendor payment INV-2026-000635
BNK-00000627,2026-07-01,DEBIT,7706.82,USD,Silverline Services Limited,786420412894,INV-2026-000655,CHEQUE,PAYABLES-001,Vendor payment INV-2026-000655
BNK-00000637,2026-07-01,DEBIT,8056.62,EUR,Pioneer Supplies Incorporated,478166864450,INV-2026-000666,WIRE,OPERATING-001,Vendor payment INV-2026-000666
BNK-00000653,2026-07-01,DEBIT,20032.51,GBP,Harbor Industries Limited,656253304185,INV-2026-000684,WIRE,OPERATING-002,Possible duplicate vendor payment INV-2026-000684
BNK-00000658,2026-07-01,DEBIT,15297.54,USD,Harbor Industries Limited,656253304185,INV-2026-000692,BANK_TRANSFER,OPERATING-001,Vendor payment INV-2026-000692
BNK-00000765,2026-07-01,DEBIT,581549.72,LKR,Unity Technologies Limited,795191128611,INV-2026-000810,ACH,OPERATING-002,Vendor payment INV-2026-000810
BNK-00000766,2026-07-01,DEBIT,21813.67,USD,Seacrest Consulting Incorporated,313671722771,INV-2026-000811,WIRE,OPERATING-001,Vendor payment INV-2026-000811
BNK-00000863,2026-07-01,DEBIT,513.99,USD,Pioneer Solns Incorporated,977752159666,INV-2026-000908,BANK_TRANSFER,OPERATING-002,Vendor payment INV-2026-000908
BNK-00000894,2026-07-01,DEBIT,19509.15,USD,NOVA TEXTILES CORPORATION,367267673414,INV-2026-000939,BANK_TRANSFER,OPERATING-002,Vendor payment INV-2026-000939
BNK-00001055,2026-07-01,DEBIT,15600.72,GBP,Jade Pharma Incorporated,991524726409,INV-2026-001104,ACH,PAYABLES-001,Vendor payment INV-2026-001104
BNK-00001056,2026-07-01,DEBIT,15600.72,GBP,Jade Pharma Incorporated,991524726409,INV-2026-001104,ACH,OPERATING-001,Possible duplicate vendor payment INV-2026-001104
BNK-00001259,2026-07-01,DEBIT,8799.03,USD,Jade Pharma Incorporated,991524726409,INV-2026-001313,ACH,PAYABLES-001,Vendor payment INV-2026-001313
BNK-00001310,2026-07-01,DEBIT,17261.49,USD,Nova Textiles Corporation,367267673414,INV-2026-001368,BANK_TRANSFER,OPERATING-002,Vendor payment INV-2026-001368
BNK-00001404,2026-07-01,DEBIT,21402.0,GBP,Redwood Textiles Limited,797825279821,INV-2026-001470,ACH,OPERATING-001,Vendor payment INV-2026-001470
BNK-00001548,2026-07-01,DEBIT,9197.83,GBP,Harbor Services Incorporated,624015215345,INV-2026-001613,CHEQUE,OPERATING-002,Vendor payment INV-2026-001613
BNK-00001658,2026-07-01,DEBIT,4751.58,GBP,Evergreen Industries Corporation,191967772113,INV-2026-001732,ACH,OPERATING-002,Vendor payment INV-2026-001732
BNK-00001725,2026-07-01,DEBIT,1729673.68,LKR,QUANTUM TECHNOLOGIES INCORPORATED,178494949883,INV-2026-001800,CHEQUE,PAYABLES-001,Vendor payment INV-2026-001800
BNK-00001823,2026-07-01,DEBIT,11979.47,USD,Harbor Industries Limited,656253304185,INV-2026-001894,ACH,OPERATING-002,Vendor payment INV-2026-001894
BNK-00000144,2026-07-02,DEBIT,958675.9,LKR,Vertex Packaging Incorporated,873883374114,INV-2026-000151,ACH,PAYABLES-001,Vendor payment INV-2026-000151
BNK-00000190,2026-07-02,DEBIT,10694.84,USD,ZENITH CONSULTING INCORPORATED,300057279938,INV-2026-000204,ACH,OPERATING-002,Vendor payment INV-2026-000204
BNK-00000363,2026-07-02,DEBIT,9106.82,USD,Metro Foods Limited,271054481685,INV-2026-000383,ACH,OPERATING-001,Vendor payment INV-2026-000383
BNK-00000623,2026-07-02,DEBIT,22502.37,USD,Royal Supplies Incorporated,844119833085,INV-2026-000651,ACH,OPERATING-002,Vendor payment INV-2026-000651
BNK-00000971,2026-07-02,DEBIT,13245.34,USD,Vertex Textiles Corporation,415235296085,INV-2026-001022,ACH,OPERATING-002,Vendor payment INV-2026-001022
BNK-00001027,2026-07-02,DEBIT,1068472.36,LKR,Nova Logistics Limited,988348638973,INV-2026-001077,ACH,OPERATING-001,Vendor payment INV-2026-001077
BNK-00001106,2026-07-02,DEBIT,18687.59,GBP,Vertex Textiles Corporation,415235296085,INV-2026-001156,CHEQUE,PAYABLES-001,Vendor payment INV-2026-001156
BNK-00001137,2026-07-02,DEBIT,2428.58,USD,Titan Consulting Limited,210036267868,INV-2026-001188,WIRE,OPERATING-002,Vendor payment INV-2026-001188
BNK-00001196,2026-07-02,DEBIT,8353.62,USD,Nova Textiles Corporation,367267673414,INV-2026-001247,CHEQUE,OPERATING-002,Vendor payment INV-2026-001247
BNK-00001214,2026-07-02,DEBIT,13634.94,EUR,Royal Services Incorporated,692955158244,INV-2026-001267,ACH,OPERATING-002,Vendor payment INV-2026-001267
BNK-00001504,2026-07-02,DEBIT,11003.3,USD,Quantum Technologies Incorporated,178494949883,INV-2026-001569,WIRE,OPERATING-001,Vendor payment INV-2026-001569
BNK-00002079,2026-07-02,CREDIT,3473.6,EUR,Government Tax Authority,325326006684,MISC-002079,ACH,OPERATING-001,Insurance payment
BNK-00000256,2026-07-03,DEBIT,1685912.1,LKR,Pioneer Solutions Incorporated,977752159666,INV-2026-000273,BANK_TRANSFER,OPERATING-001,Vendor payment INV-2026-000273
BNK-00000509,2026-07-03,DEBIT,7503.41,USD,Vertex Packaging Ltd,878442396279,INV-2026-000538,ACH,OPERATING-001,Vendor payment INV-2026-000538
BNK-00000567,2026-07-03,DEBIT,10397.36,GBP,Insight Services Limited,112978452832,INV-2026-000595,ACH,OPERATING-002,Vendor payment INV-2026-000595
BNK-00000583,2026-07-03,DEBIT,18625.05,USD,Redwood Textiles Limited,797825279821,INV-2026-000611,BANK_TRANSFER,OPERATING-001,Vendor payment INV-2026-000611 incl bank fee
BNK-00000962,2026-07-03,DEBIT,6437.42,GBP,JADE INDUSTRIES LIMITED,540585735564,INV-2026-001013,BANK_TRANSFER,OPERATING-001,Vendor payment INV-2026-001013
BNK-00001149,2026-07-03,DEBIT,3444.91,USD,Zenith Trading Incorporated,999134125065,INV-2026-001199,ACH,PAYABLES-001,Vendor payment INV-2026-001199
BNK-00001410,2026-07-03,DEBIT,11277.07,EUR,Royal Supplies Incorporated,844119833085,INV-2026-001476,BANK_TRANSFER,OPERATING-002,Vendor payment INV-2026-001476
BNK-00001870,2026-07-03,DEBIT,17887.25,GBP,Pioneer Supplies Incorporated,478166864450,INV-2026-001942,CHEQUE,PAYABLES-001,Vendor payment INV-2026-001942
BNK-00000163,2026-07-04,DEBIT,12442.03,GBP,Jade Pharma Incorporated,991524726409,INV-2026-000171,CHEQUE,OPERATING-001,Vendor payment INV-2026-000171
BNK-00000170,2026-07-04,DEBIT,8690.21,USD,Orbit Trading Limited,670621564585,INV-2026-000180-P1,CHEQUE,OPERATING-002,Part payment 1 for INV-2026-000180
BNK-00000450,2026-07-04,DEBIT,1637.46,EUR,Evergreen Systems Incorporated,574699427658,INV-2026-000474,WIRE,OPERATING-001,Vendor payment INV-2026-000474
BNK-00000659,2026-07-04,DEBIT,4876.36,USD,Global Engineering Limited,159172251058,INV-2026-000693,WIRE,OPERATING-001,Vendor payment INV-2026-000693
BNK-00001019,2026-07-04,DEBIT,6163.7,USD,Metro Holdings Incorporated,337635667755,INV-2026-001068,BANK_TRANSFER,OPERATING-002,Vendor payment INV-2026-001068
BNK-00001364,2026-07-04,DEBIT,1357569.85,LKR,Lanka Systems Incorporated,474635226753,INV-2026-001425,BANK_TRANSFER,OPERATING-001,Vendor payment INV-2026-001425
BNK-00001628,2026-07-04,DEBIT,653.74,USD,Pioneer Supplies Limited,848137395082,INV-2026-001699,WIRE,OPERATING-001,Vendor payment INV-2026-001699
BNK-00001839,2026-07-04,DEBIT,15756.08,USD,Westbridge Logistics Limited,926130135930,INV-2026-001909,CHEQUE,PAYABLES-001,Vendor payment INV-2026-001909
BNK-00001884,2026-07-04,DEBIT,520775.67,LKR,Pioneer Trading Incorporated,131761864164,INV-2026-001956,BANK_TRANSFER,PAYABLES-001,Vendor payment INV-2026-001956
BNK-00002009,2026-07-04,DEBIT,7343.13,USD,Office Rent Holdings,691515254728,MISC-002009,WIRE,OPERATING-001,Payroll related
BNK-00000008,2026-07-05,DEBIT,4930.31,USD,Royal Supplies Incorporated,844119833085,INV-2026-000007,CHEQUE,OPERATING-001,Vendor payment INV-2026-000007
BNK-00000018,2026-07-05,DEBIT,8609.99,GBP,Nova Solutions Corporation,307437974878,INV-2026-000016,CHEQUE,OPERATING-001,Vendor payment INV-2026-000016
BNK-00000050,2026-07-05,DEBIT,15930.4,USD,Delta Solutions Corporation,641938372964,INV-2026-000053,BANK_TRANSFER,PAYABLES-001,Vendor payment INV-2026-000053
BNK-00000126,2026-07-05,DEBIT,1000.66,USD,Nova Systems Corp,367862118541,INV-2026-000136,WIRE,OPERATING-002,Vendor payment INV-2026-000136
BNK-00000516,2026-07-05,DEBIT,11592.36,USD,Orbit Consulting Limited,884069898811,INV-2026-000545,ACH,OPERATING-001,Vendor payment INV-2026-000545
BNK-00000594,2026-07-05,DEBIT,4291.55,USD,Delta Solutions Incorporated,482855037930,INV-2026-000622,BANK_TRANSFER,PAYABLES-001,Vendor payment INV-2026-000622
BNK-00000595,2026-07-05,DEBIT,4291.55,USD,Delta Solutions Incorporated,482855037930,INV-2026-000622,WIRE,PAYABLES-001,Possible duplicate vendor payment INV-2026-000622
BNK-00000722,2026-07-05,DEBIT,1869412.81,LKR,Vertex Packaging Limited,878442396279,INV-2026-000767,CHEQUE,OPERATING-001,Vendor payment INV-2026-000767
BNK-00000999,2026-07-05,DEBIT,11499.96,USD,Delta Solutions Corporation,641938372964,INV-2026-001048,ACH,PAYABLES-001,Vendor payment INV-2026-001048
BNK-00001051,2026-07-05,DEBIT,1612.65,USD,Harbor Logistics Limited,339669665349,INV-2026-001100,BANK_TRANSFER,OPERATING-001,Vendor payment INV-2026-001100
BNK-00001153,2026-07-05,DEBIT,5109.65,EUR,Seacrest Holdings Limited,693021588007,INV-2026-001203,CHEQUE,PAYABLES-001,Vendor payment INV-2026-001203
BNK-00001222,2026-07-05,DEBIT,8287.96,USD,Crescent Supplies Corporation,485089074443,INV-2026-001275,CHEQUE,OPERATING-001,Vendor payment INV-2026-001275
BNK-00001245,2026-07-05,DEBIT,93227.84,LKR,Metro Consulting Limited,223880907939,INV-2026-001298,WIRE,OPERATING-002,Vendor payment INV-2026-001298
BNK-00001298,2026-07-05,DEBIT,16224.08,USD,Royal Supplies Inc,844119833085,INV-2026-001356,CHEQUE,OPERATING-002,Vendor payment INV-2026-001356
BNK-00001313,2026-07-05,DEBIT,10067.82,USD,Unity Foods Corporation,521330443041,INV-2026-001371,WIRE,OPERATING-001,Vendor payment INV-2026-001371
BNK-00001468,2026-07-05,DEBIT,15725.34,USD,Evergreen Systems Incorporated,574699427658,INV-2026-001530,WIRE,PAYABLES-001,Vendor payment INV-2026-001530 incl bank fee
BNK-00001523,2026-07-05,DEBIT,16973.75,USD,Global Textiles Ltd,520913251936,INV-2026-001587,ACH,OPERATING-001,Vendor payment INV-2026-001587
BNK-00001577,2026-07-05,DEBIT,6899.11,USD,Redwood Textiles Limited,797825279821,INV-2026-001645,CHEQUE,OPERATING-001,Vendor payment INV-2026-001645
BNK-00001871,2026-07-05,DEBIT,17887.25,GBP,Pioneer Supplies Incorporated,478166864450,INV-2026-001942,BANK_TRANSFER,OPERATING-001,Possible duplicate vendor payment INV-2026-001942
BNK-00001987,2026-07-05,CREDIT,2259.89,USD,Interest Income,820023327862,MISC-001987,BANK_TRANSFER,PAYABLES-001,Payroll related
BNK-00000016,2026-07-06,DEBIT,15098.61,USD,Silverline Systems Incorporated,812865433579,INV-2026-000015,WIRE,OPERATING-001,Vendor payment INV-2026-000015
BNK-00000017,2026-07-06,DEBIT,15098.61,USD,Silverline Systems Incorporated,812865433579,INV-2026-000015,BANK_TRANSFER,OPERATING-001,Possible duplicate vendor payment INV-2026-000015
BNK-00000171,2026-07-06,DEBIT,7699.13,USD,Orbit Trading Limited,670621564585,INV-2026-000180-P2,ACH,PAYABLES-001,Part payment 2 for INV-2026-000180
BNK-00000236,2026-07-06,DEBIT,12677.0,USD,Pioneer Packaging Limited,786086128752,INV-2026-000251,WIRE,PAYABLES-001,Vendor payment INV-2026-000251
BNK-00000237,2026-07-06,DEBIT,12677.0,USD,Pioneer Packaging Limited,786086128752,INV-2026-000251,ACH,OPERATING-002,Possible duplicate vendor payment INV-2026-000251
BNK-00000253,2026-07-06,DEBIT,2370.63,EUR,Crescent Logistics Corporation,835428871006,INV-2026-000270,WIRE,PAYABLES-001,Vendor payment INV-2026-000270
BNK-00000401,2026-07-06,DEBIT,19406.25,EUR,Pioneer Packaging Limited,786086128752,INV-2026-000420,BANK_TRANSFER,OPERATING-002,Vendor payment INV-2026-000420
BNK-00000754,2026-07-06,DEBIT,14028.4,USD,Global Textiles Limited,520913251936,INV-2026-000799,CHEQUE,OPERATING-001,Vendor payment INV-2026-000799
BNK-00002040,2026-07-06,DEBIT,1754.97,USD,Office Rent Holdings,192405605946,MISC-002040,BANK_TRANSFER,OPERATING-002,Insurance payment
BNK-00002067,2026-07-06,DEBIT,4507.98,USD,National Telecom,718612538920,MISC-002067,ACH,OPERATING-002,Tax payment
BNK-00000228,2026-07-07,DEBIT,4007.5,EUR,Nova Textiles Corporation,367267673414,INV-2026-000244,CHEQUE,OPERATING-001,Vendor payment INV-2026-000244
BNK-00000773,2026-07-07,DEBIT,1983.35,USD,Lanka Systems Incorporated,474635226753,INV-2026-000818,ACH,OPERATING-002,Vendor payment INV-2026-000818
BNK-00000866,2026-07-07,DEBIT,4298.12,USD,Seacrest Consulting Incorporated,313671722771,INV-2026-000911,WIRE,OPERATING-001,Vendor payment INV-2026-000911
BNK-00001034,2026-07-07,DEBIT,18904.1,USD,Jade Industries Limited,540585735564,INV-2026-001084,ACH,PAYABLES-001,Vendor payment INV-2026-001084
BNK-00001116,2026-07-07,DEBIT,15719.45,USD,Vertex Packaging Limited,878442396279,INV-2026-001167,CHEQUE,PAYABLES-001,Vendor payment INV-2026-001167
BNK-00001597,2026-07-07,DEBIT,19250.22,USD,Keystone Logistics Limited,373263685325,INV-2026-001666,WIRE,OPERATING-001,Vendor payment INV-2026-001666
BNK-00001912,2026-07-07,DEBIT,22874.33,EUR,Silverline Technologies Incorporated,636439249785,INV-2026-001988,ACH,OPERATING-001,Vendor payment INV-2026-001988
BNK-00002037,2026-07-07,CREDIT,5511.03,USD,Government Tax Authority,671307224940,MISC-002037,DIRECT_DEBIT,OPERATING-002,Insurance payment
BNK-00002084,2026-07-07,DEBIT,4071.69,USD,Bank Service Charges,335857955657,MISC-002084,ACH,PAYABLES-001,Utility payment
BNK-00000068,2026-07-08,DEBIT,14751.31,EUR,Orbit Supplies Limited,298066901090,INV-2026-000072,ACH,PAYABLES-001,Vendor payment INV-2026-000072
BNK-00000213,2026-07-08,DEBIT,15078.69,USD,Seacrest Consulting Incorporated,313671722771,INV-2026-000229,WIRE,OPERATING-001,Vendor payment INV-2026-000229
BNK-00000469,2026-07-08,DEBIT,21393.12,USD,Zenith Supplies Limited,280242485333,INV-2026-000492,BANK_TRANSFER,OPERATING-001,Vendor payment INV-2026-000492
BNK-00000519,2026-07-08,DEBIT,15187.09,EUR,Royal Holdings Limited,763541807547,INV-2026-000548,WIRE,PAYABLES-001,Vendor payment INV-2026-000548
BNK-00000551,2026-07-08,DEBIT,5010.15,USD,Unity Foods Corporation,521330443041,INV-2026-000582,WIRE,OPERATING-002,Vendor payment INV-2026-000582
BNK-00000712,2026-07-08,DEBIT,10157.6,USD,Vertex Supplies Corp,715100412638,INV-2026-000757,CHEQUE,PAYABLES-001,Vendor payment INV-2026-000757
BNK-00000998,2026-07-08,DEBIT,664.44,USD,Zenith Holdings Incorporated,858634739565,INV-2026-001047,WIRE,OPERATING-001,Vendor payment INV-2026-001047
BNK-00001054,2026-07-08,DEBIT,3779.24,USD,Apex Consulting Incorporated,509620244728,INV-2026-001103,CHEQUE,OPERATING-002,Vendor payment INV-2026-001103
BNK-00001384,2026-07-08,DEBIT,16436.01,USD,Apex Consulting Incorporated,509620244728,INV-2026-001446,CHEQUE,OPERATING-001,Vendor payment INV-2026-001446
BNK-00001809,2026-07-08,DEBIT,3325.4,GBP,Delta Foods Corp,430464641651,INV-2026-001879,BANK_TRANSFER,OPERATING-001,Vendor payment INV-2026-001879
BNK-00001889,2026-07-08,DEBIT,6778.73,USD,Global Textiles Limited,520913251936,INV-2026-001962,CHEQUE,OPERATING-001,Vendor payment INV-2026-001962
BNK-00000005,2026-07-09,DEBIT,1493.63,USD,Silverline Logistics Limited,381959955088,INV-2026-000005,ACH,PAYABLES-001,Vendor payment INV-2026-000005
BNK-00000097,2026-07-09,DEBIT,2098085.55,LKR,Redwood Logistics Incorporated,162027005011,INV-2026-000106,WIRE,OPERATING-001,Vendor payment INV-2026-000106
BNK-00000108,2026-07-09,DEBIT,1706395.19,LKR,Delta Solns Corporation,641938372964,INV-2026-000118,ACH,OPERATING-001,Vendor payment INV-2026-000118
BNK-00000162,2026-07-09,DEBIT,9121.73,USD,Evergreen Packaging Limited,589426971653,INV-2026-000170,ACH,OPERATING-001,Vendor payment INV-2026-000170
BNK-00000434,2026-07-09,DEBIT,13493.29,GBP,Silverline Logistics Limited,381959955088,INV-2026-000454,WIRE,OPERATING-001,Vendor payment INV-2026-000454
BNK-00000695,2026-07-09,DEBIT,17795.43,USD,Insight Services Limited,112978452832,INV-2026-000740,ACH,OPERATING-002,Vendor payment INV-2026-000740
BNK-00000991,2026-07-09,DEBIT,3130.65,USD,Nova Packaging Corporation,712652693184,INV-2026-001040,ACH,OPERATING-001,Vendor payment INV-2026-001040
BNK-00001205,2026-07-09,DEBIT,4109.91,GBP,Unity Trading Limited,386886767570,INV-2026-001255,CHEQUE,OPERATING-002,Vendor payment INV-2026-001255
BNK-00001763,2026-07-09,DEBIT,189954.5,LKR,Orbit Supplies Limited,298066901090,INV-2026-001837,ACH,PAYABLES-001,Vendor payment INV-2026-001837 incl bank fee
BNK-00001888,2026-07-09,DEBIT,1939747.81,LKR,Lanka Foods Limited,482503603584,INV-2026-001961,CHEQUE,PAYABLES-001,Vendor payment INV-2026-001961
BNK-00001913,2026-07-09,DEBIT,7883.06,USD,Pioneer Supplies Incorporated,478166864450,INV-2026-001991,CHEQUE,OPERATING-001,Vendor payment INV-2026-001991
BNK-00000385,2026-07-10,DEBIT,13129.95,USD,Vertex Packaging Incorporated,873883374114,INV-2026-000403,CHEQUE,PAYABLES-001,Vendor payment INV-2026-000403
BNK-00000543,2026-07-10,DEBIT,14630.88,EUR,Metro Consulting Limited,223880907939,INV-2026-000574,WIRE,OPERATING-001,Vendor payment INV-2026-000574
BNK-00000571,2026-07-10,DEBIT,8412.94,USD,Keystone Trading Corporation,151975288711,INV-2026-000599,CHEQUE,OPERATING-001,Vendor payment INV-2026-000599
BNK-00000907,2026-07-10,DEBIT,9997.77,USD,JADE PHARMA INCORPORATED,991524726409,INV-2026-000951,WIRE,OPERATING-002,Vendor payment INV-2026-000951
BNK-00001077,2026-07-10,DEBIT,12341.06,EUR,Jade Industries Limited,540585735564,INV-2026-001128,ACH,OPERATING-001,Vendor payment INV-2026-001128
BNK-00001276,2026-07-10,DEBIT,7025.23,USD,Crescent Supplies Corporation,485089074443,INV-2026-001330,WIRE,OPERATING-002,Vendor payment INV-2026-001330
BNK-00001549,2026-07-10,DEBIT,8238.18,USD,Unity Technologies Limited,795191128611,INV-2026-001614,WIRE,OPERATING-002,Vendor payment INV-2026-001614
BNK-00001904,2026-07-10,DEBIT,5246.15,USD,Evergreen Systems Incorporated,574699427658,INV-2026-001978,BANK_TRANSFER,OPERATING-002,Vendor payment INV-2026-001978
BNK-00000280,2026-07-11,DEBIT,694.15,USD,Keystone Technologies Incorporated,537795287592,INV-2026-000297-P1,CHEQUE,PAYABLES-001,Part payment 1 for INV-2026-000297
BNK-00000345,2026-07-11,DEBIT,763472.66,LKR,Pioneer Trading Incorporated,131761864164,INV-2026-000363,BANK_TRANSFER,PAYABLES-001,Vendor payment INV-2026-000363
BNK-00000406,2026-07-11,DEBIT,17260.77,GBP,Vertex Packaging Limited,878442396279,INV-2026-000424,BANK_TRANSFER,OPERATING-001,Vendor payment INV-2026-000424 incl bank fee
BNK-00001574,2026-07-11,DEBIT,1538990.59,LKR,Seacrest Solns Limited,245495438119,INV-2026-001642,WIRE,PAYABLES-001,Vendor payment INV-2026-001642
BNK-00001786,2026-07-11,DEBIT,1300.31,USD,Lanka Foods Limited,482503603584,INV-2026-001857,BANK_TRANSFER,OPERATING-002,Vendor payment INV-2026-001857
BNK-00001939,2026-07-11,DEBIT,984.55,USD,Government Tax Authority,528207463101,MISC-001939,CARD,PAYABLES-001,Insurance payment
BNK-00000031,2026-07-12,DEBIT,13249.31,USD,Pioneer Solutions Incorporated,977752159666,INV-2026-000033,WIRE,OPERATING-001,Vendor payment INV-2026-000033
BNK-00000234,2026-07-12,DEBIT,5143.31,USD,Royal Networks Incorporated,420358865351,INV-2026-000250,CHEQUE,OPERATING-001,Vendor payment INV-2026-000250
BNK-00000281,2026-07-12,DEBIT,1087.76,USD,Keystone Technologies Incorporated,537795287592,INV-2026-000297-P2,CHEQUE,OPERATING-002,Part payment 2 for INV-2026-000297
BNK-00000337,2026-07-12,DEBIT,1308736.65,LKR,Vertex Consulting Incorporated,829094805956,INV-2026-000355,ACH,OPERATING-001,Vendor payment INV-2026-000355
BNK-00000510,2026-07-12,DEBIT,1259636.35,LKR,UNITY TECHNOLOGIES LIMITED,795191128611,INV-2026-000539,ACH,PAYABLES-001,Vendor payment INV-2026-000539
BNK-00000836,2026-07-12,DEBIT,9584.83,USD,Delta Pharma Limited,449993794346,INV-2026-000883-P1,CHEQUE,OPERATING-001,Part payment 1 for INV-2026-000883
BNK-00001639,2026-07-12,DEBIT,12016.38,USD,Titan Consulting Limited,210036267868,INV-2026-001710,ACH,OPERATING-002,Vendor payment INV-2026-001710
BNK-00002006,2026-07-12,DEBIT,249.4,EUR,Interest Income,259085979374,MISC-002006,CARD,OPERATING-002,Utility payment
BNK-00000388,2026-07-13,DEBIT,10295.52,USD,Unity Foods Corporation,521330443041,INV-2026-000406,BANK_TRANSFER,PAYABLES-001,Vendor payment INV-2026-000406
BNK-00000615,2026-07-13,DEBIT,4545.24,USD,Global Trading Limited,791827976491,INV-2026-000642,CHEQUE,OPERATING-001,Vendor payment INV-2026-000642
BNK-00000662,2026-07-13,DEBIT,1175.01,USD,ZENITH PACKAGING LIMITED,521010568149,INV-2026-000696,CHEQUE,PAYABLES-001,Vendor payment INV-2026-000696
BNK-00001040,2026-07-13,DEBIT,4451.35,USD,Nova Packaging Corporation,712652693184,INV-2026-001089,WIRE,PAYABLES-001,Vendor payment INV-2026-001089
BNK-00001154,2026-07-13,DEBIT,16370.54,GBP,Silverline Systems Incorporated,812865433579,INV-2026-001204,CHEQUE,PAYABLES-001,Vendor payment INV-2026-001204 incl bank fee
BNK-00001323,2026-07-13,DEBIT,18296.52,USD,Pioneer Supplies Incorporated,478166864450,INV-2026-001381,CHEQUE,OPERATING-002,Vendor payment INV-2026-001381
BNK-00001338,2026-07-13,DEBIT,2431.28,USD,Evergreen Industries Corporation,191967772113,INV-2026-001396,WIRE,PAYABLES-001,Vendor payment INV-2026-001396
BNK-00001387,2026-07-13,DEBIT,14077.1,USD,Delta Solutions Incorporated,482855037930,INV-2026-001450,CHEQUE,OPERATING-002,Vendor payment INV-2026-001450
BNK-00001723,2026-07-13,DEBIT,3791.69,EUR,Silverline Logistics Limited,381959955088,INV-2026-001798,WIRE,PAYABLES-001,Vendor payment INV-2026-001798
BNK-00000098,2026-07-14,DEBIT,567480.49,LKR,Keystone Packaging Limited,137044812889,INV-2026-000107,CHEQUE,OPERATING-001,Vendor payment INV-2026-000107
BNK-00000223,2026-07-14,DEBIT,8494.94,GBP,Seacrest Consulting Incorporated,313671722771,INV-2026-000238,ACH,PAYABLES-001,Vendor payment INV-2026-000238
BNK-00000235,2026-07-14,DEBIT,5143.31,USD,Royal Networks Incorporated,420358865351,INV-2026-000250,ACH,OPERATING-002,Possible duplicate vendor payment INV-2026-000250
BNK-00000394,2026-07-14,DEBIT,13333.02,EUR,Vertex Textiles Corporation,415235296085,INV-2026-000412,CHEQUE,OPERATING-002,Vendor payment INV-2026-000412
BNK-00000451,2026-07-14,DEBIT,8465.52,GBP,VERTEX CONSULTING INCORPORATED,829094805956,INV-2026-000475,CHEQUE,OPERATING-001,Vendor payment INV-2026-000475
BNK-00000837,2026-07-14,DEBIT,5733.86,USD,Delta Pharma Limited,449993794346,INV-2026-000883-P2,WIRE,PAYABLES-001,Part payment 2 for INV-2026-000883
BNK-00001132,2026-07-14,DEBIT,1652712.6,LKR,Nova Textiles Corporation,367267673414,INV-2026-001183,CHEQUE,OPERATING-001,Vendor payment INV-2026-001183
BNK-00001296,2026-07-14,DEBIT,5536.47,USD,Orbit Pharma Corporation,243661253546,INV-2026-001354,ACH,OPERATING-002,Vendor payment INV-2026-001354
BNK-00001411,2026-07-14,DEBIT,18559.42,EUR,Keystone Packaging Limited,137044812889,INV-2026-001477,BANK_TRANSFER,PAYABLES-001,Vendor payment INV-2026-001477
BNK-00001679,2026-07-14,DEBIT,14172.8,USD,Insight Services Limited,112978452832,INV-2026-001750,BANK_TRANSFER,OPERATING-001,Vendor payment INV-2026-001750
BNK-00001715,2026-07-14,DEBIT,1033.19,USD,Metro Holdings Incorporated,337635667755,INV-2026-001788,BANK_TRANSFER,OPERATING-001,Vendor payment INV-2026-001788 incl bank fee
BNK-00001866,2026-07-14,DEBIT,4566.63,USD,Silverline Technologies Incorporated,636439249785,INV-2026-001939-P1,ACH,OPERATING-001,Part payment 1 for INV-2026-001939
BNK-00001994,2026-07-14,CREDIT,4545.81,USD,Card Settlement,405045389028,MISC-001994,ACH,PAYABLES-001,Customer receipt
BNK-00002099,2026-07-14,DEBIT,4148.07,USD,Employee Reimbursements,646539811848,MISC-002099,CARD,OPERATING-001,Customer receipt
BNK-00000001,2026-07-15,DEBIT,7070.67,EUR,Orbit Supplies Limited,298066901090,INV-2026-000001,CHEQUE,PAYABLES-001,Vendor payment INV-2026-000001
BNK-00000112,2026-07-15,DEBIT,19329.41,USD,Seacrest Consulting Incorporated,313671722771,INV-2026-000122,BANK_TRANSFER,PAYABLES-001,Vendor payment INV-2026-000122
BNK-00000133,2026-07-15,DEBIT,3666.19,USD,Pioneer Supplies Incorporated,478166864450,INV-2026-000143-P1,WIRE,OPERATING-002,Part payment 1 for INV-2026-000143
BNK-00000403,2026-07-15,DEBIT,5061.12,USD,Harbor Technologies Limited,664313517211,INV-2026-000422,CHEQUE,PAYABLES-001,Vendor payment INV-2026-000422
BNK-00000649,2026-07-15,DEBIT,2132.34,USD,Delta Foods Corporation,430464641651,INV-2026-000681,BANK_TRANSFER,PAYABLES-001,Vendor payment INV-2026-000681
BNK-00000730,2026-07-15,DEBIT,11297.64,USD,Royal Supplies Incorporated,844119833085,INV-2026-000775,ACH,OPERATING-002,Vendor payment INV-2026-000775
BNK-00000891,2026-07-15,DEBIT,160097.46,LKR,Vertex Consulting Inc,829094805956,INV-2026-000934,CHEQUE,PAYABLES-001,Vendor payment INV-2026-000934
BNK-00000978,2026-07-15,DEBIT,21492.66,USD,Orbit Consulting Ltd,884069898811,INV-2026-001029,ACH,OPERATING-001,Vendor payment INV-2026-001029
BNK-00001065,2026-07-15,DEBIT,6285.99,USD,Unity Foods Limited,192330135002,INV-2026-001113,CHEQUE,OPERATING-001,Vendor payment INV-2026-001113
BNK-00001161,2026-07-15,DEBIT,2630.62,USD,Royal Networks Incorporated,420358865351,INV-2026-001213,CHEQUE,PAYABLES-001,Vendor payment INV-2026-001213
BNK-00001163,2026-07-15,DEBIT,13697.85,USD,Zenith Holdings Incorporated,858634739565,INV-2026-001214,CHEQUE,OPERATING-001,Vendor payment INV-2026-001214
BNK-00001339,2026-07-15,DEBIT,2431.28,USD,Evergreen Industries Corporation,191967772113,INV-2026-001396,CHEQUE,OPERATING-002,Possible duplicate vendor payment INV-2026-001396
BNK-00001401,2026-07-15,DEBIT,18435.49,EUR,Nova Solutions Corporation,307437974878,INV-2026-001467,BANK_TRANSFER,OPERATING-002,Vendor payment INV-2026-001467
BNK-00001765,2026-07-15,DEBIT,11370.91,USD,Vertex Supplies Corporation,715100412638,INV-2026-001839,BANK_TRANSFER,OPERATING-002,Vendor payment INV-2026-001839
BNK-00001867,2026-07-15,DEBIT,4225.83,USD,Silverline Technologies Incorporated,636439249785,INV-2026-001939-P2,ACH,OPERATING-001,Part payment 2 for INV-2026-001939
BNK-00000033,2026-07-16,DEBIT,16553.43,USD,Zenith Supplies Limited,280242485333,INV-2026-000036,CHEQUE,OPERATING-001,Vendor payment INV-2026-000036
BNK-00000061,2026-07-16,DEBIT,17960.18,USD,Insight Technologies Incorporated,340733806442,INV-2026-000066,WIRE,OPERATING-001,Vendor payment INV-2026-000066
BNK-00000870,2026-07-16,DEBIT,14892.12,USD,Harbor Services Incorporated,624015215345,INV-2026-000917,ACH,OPERATING-001,Vendor payment INV-2026-000917
BNK-00001009,2026-07-16,DEBIT,13972.44,GBP,Silverline Systems Incorporated,812865433579,INV-2026-001059,BANK_TRANSFER,OPERATING-001,Vendor payment INV-2026-001059
BNK-00001010,2026-07-16,DEBIT,13972.44,GBP,Silverline Systems Incorporated,812865433579,INV-2026-001059,WIRE,PAYABLES-001,Possible duplicate vendor payment INV-2026-001059
BNK-00001300,2026-07-16,DEBIT,5909.82,USD,Harbor Industries Limited,656253304185,INV-2026-001358,WIRE,OPERATING-001,Vendor payment INV-2026-001358
BNK-00001587,2026-07-16,DEBIT,8129.35,USD,Seacrest Consulting Incorporated,313671722771,INV-2026-001656,ACH,OPERATING-002,Vendor payment INV-2026-001656
BNK-00001624,2026-07-16,DEBIT,16062.34,USD,Unity Systems Incorporated,996390815905,INV-2026-001696,WIRE,OPERATING-002,Vendor payment INV-2026-001696 incl bank fee
BNK-00001797,2026-07-16,DEBIT,6147.53,USD,Orbit Consulting Limited,884069898811,INV-2026-001868,CHEQUE,OPERATING-002,Vendor payment INV-2026-001868
BNK-00002013,2026-07-16,CREDIT,356042.92,LKR,Government Tax Authority,913867482047,MISC-002013,WIRE,PAYABLES-001,Customer receipt
BNK-00000134,2026-07-17,DEBIT,5224.63,USD,Pioneer Supplies Incorporated,478166864450,INV-2026-000143-P2,ACH,OPERATING-001,Part payment 2 for INV-2026-000143
BNK-00000238,2026-07-17,DEBIT,18298.3,GBP,Nova Packaging Corp,712652693184,INV-2026-000252,CHEQUE,OPERATING-001,Vendor payment INV-2026-000252
BNK-00000683,2026-07-17,DEBIT,14060.81,USD,Harbor Industries Limited,656253304185,INV-2026-000723,ACH,OPERATING-001,Vendor payment INV-2026-000723
BNK-00000762,2026-07-17,DEBIT,10543.17,GBP,Quantum Technologies Incorporated,178494949883,INV-2026-000807,BANK_TRANSFER,OPERATING-002,Vendor payment INV-2026-000807
BNK-00000824,2026-07-17,DEBIT,1497.73,EUR,Nova Logistics Limited,988348638973,INV-2026-000870,WIRE,OPERATING-002,Vendor payment INV-2026-000870
BNK-00001048,2026-07-17,DEBIT,17757.41,USD,Pioneer Solutions Incorporated,977752159666,INV-2026-001097,CHEQUE,OPERATING-001,Vendor payment INV-2026-001097
BNK-00001162,2026-07-17,DEBIT,2630.62,USD,Royal Networks Incorporated,420358865351,INV-2026-001213,ACH,PAYABLES-001,Possible duplicate vendor payment INV-2026-001213
BNK-00001610,2026-07-17,DEBIT,1889.97,USD,Silverline Technologies Incorporated,636439249785,INV-2026-001677-P1,CHEQUE,OPERATING-001,Part payment 1 for INV-2026-001677
BNK-00001991,2026-07-17,DEBIT,5261.96,USD,Bank Service Charges,427296708055,MISC-001991,DIRECT_DEBIT,PAYABLES-001,Customer receipt
BNK-00000271,2026-07-18,DEBIT,20810.94,USD,Zenith Holdings Incorporated,858634739565,INV-2026-000290,WIRE,OPERATING-001,Vendor payment INV-2026-000290
BNK-00000821,2026-07-18,DEBIT,17357.8,USD,Insight Technologies Incorporated,340733806442,INV-2026-000867,BANK_TRANSFER,PAYABLES-001,Vendor payment INV-2026-000867
BNK-00000849,2026-07-18,DEBIT,18585.83,USD,Keystone Logistics Limited,373263685325,INV-2026-000894,CHEQUE,OPERATING-001,Vendor payment INV-2026-000894
BNK-00000995,2026-07-18,DEBIT,13842.64,USD,Evergreen Systems Incorporated,574699427658,INV-2026-001044,CHEQUE,OPERATING-002,Vendor payment INV-2026-001044
BNK-00001061,2026-07-18,DEBIT,17102.69,USD,Harbor Services Incorporated,624015215345,INV-2026-001109,CHEQUE,OPERATING-002,Vendor payment INV-2026-001109 incl bank fee
BNK-00001078,2026-07-18,DEBIT,1645699.31,LKR,Jade Industries Limited,540585735564,INV-2026-001129,BANK_TRANSFER,OPERATING-001,Vendor payment INV-2026-001129
BNK-00002066,2026-07-18,CREDIT,5211.89,USD,Bank Service Charges,586354669820,MISC-002066,CARD,OPERATING-001,Bank charge
BNK-00000124,2026-07-19,DEBIT,1720187.28,LKR,Evergreen Systems Incorporated,574699427658,INV-2026-000134,ACH,OPERATING-001,Vendor payment INV-2026-000134
BNK-00000321,2026-07-19,DEBIT,13350.77,USD,Pioneer Supplies Limited,848137395082,INV-2026-000336,BANK_TRANSFER,OPERATING-001,Vendor payment INV-2026-000336
BNK-00000517,2026-07-19,DEBIT,2454.82,USD,Pioneer Trading Incorporated,131761864164,INV-2026-000546,WIRE,PAYABLES-001,Vendor payment INV-2026-000546
BNK-00000612,2026-07-19,DEBIT,11736.97,USD,Delta Foods Corporation,430464641651,INV-2026-000640,BANK_TRANSFER,PAYABLES-001,Vendor payment INV-2026-000640
BNK-00000787,2026-07-19,DEBIT,18989.85,USD,Quantum Technologies Incorporated,178494949883,INV-2026-000832,WIRE,OPERATING-002,Vendor payment INV-2026-000832
BNK-00000901,2026-07-19,DEBIT,315968.94,LKR,Quantum Technologies Incorporated,178494949883,INV-2026-000945,ACH,PAYABLES-001,Vendor payment INV-2026-000945
BNK-00001554,2026-07-19,DEBIT,8722.4,USD,Zenith Trading Incorporated,999134125065,INV-2026-001620,CHEQUE,PAYABLES-001,Vendor payment INV-2026-001620
BNK-00001563,2026-07-19,DEBIT,3756.61,USD,Zenith Holdings Incorporated,858634739565,INV-2026-001628,CHEQUE,OPERATING-001,Vendor payment INV-2026-001628
BNK-00001579,2026-07-19,DEBIT,12855.03,EUR,Insight Services Limited,112978452832,INV-2026-001648,ACH,OPERATING-001,Vendor payment INV-2026-001648
BNK-00001606,2026-07-19,DEBIT,707979.13,LKR,Vertex Supplies Corporation,715100412638,INV-2026-001674,ACH,PAYABLES-001,Vendor payment INV-2026-001674
BNK-00001964,2026-07-19,DEBIT,7155.15,EUR,Card Settlement,105027636693,MISC-001964,ACH,OPERATING-001,Tax payment
BNK-00002042,2026-07-19,DEBIT,5479.9,USD,National Telecom,602770564040,MISC-002042,BANK_TRANSFER,PAYABLES-001,Payroll related
BNK-00000397,2026-07-20,DEBIT,14077.67,USD,Insight Services Limited,112978452832,INV-2026-000415,BANK_TRANSFER,OPERATING-001,Vendor payment INV-2026-000415
BNK-00000721,2026-07-20,DEBIT,5287.81,USD,Vertex Consulting Incorporated,829094805956,INV-2026-000766,BANK_TRANSFER,OPERATING-002,Vendor payment INV-2026-000766
BNK-00000764,2026-07-20,DEBIT,2068386.09,LKR,Delta Pharma Ltd,449993794346,INV-2026-000809,WIRE,OPERATING-001,Vendor payment INV-2026-000809
BNK-00001165,2026-07-20,DEBIT,1838.07,GBP,Royal Holdings Limited,763541807547,INV-2026-001216,ACH,OPERATING-002,Vendor payment INV-2026-001216
BNK-00001711,2026-07-20,DEBIT,8201.27,USD,Titan Consulting Limited,210036267868,INV-2026-001783,WIRE,PAYABLES-001,Vendor payment INV-2026-001783
BNK-00000431,2026-07-21,DEBIT,11004.81,EUR,Crescent Supplies Corporation,485089074443,INV-2026-000449,CHEQUE,OPERATING-002,Vendor payment INV-2026-000449
BNK-00000460,2026-07-21,DEBIT,13729.14,GBP,Evergreen Systems Incorporated,574699427658,INV-2026-000485,WIRE,OPERATING-001,Vendor payment INV-2026-000485
BNK-00000613,2026-07-21,DEBIT,11736.97,USD,Delta Foods Corporation,430464641651,INV-2026-000640,WIRE,PAYABLES-001,Possible duplicate vendor payment INV-2026-000640
BNK-00001391,2026-07-21,DEBIT,5740.26,USD,Pioneer Solutions Incorporated,977752159666,INV-2026-001454,WIRE,OPERATING-002,Vendor payment INV-2026-001454
BNK-00001485,2026-07-21,DEBIT,6375.77,GBP,Zenith Supplies Limited,280242485333,INV-2026-001548,BANK_TRANSFER,OPERATING-002,Vendor payment INV-2026-001548
BNK-00001502,2026-07-21,DEBIT,2346.96,USD,Keystone Logistics Limited,373263685325,INV-2026-001567,WIRE,PAYABLES-001,Vendor payment INV-2026-001567
BNK-00001524,2026-07-21,DEBIT,10832.64,USD,Nova Packaging Corporation,712652693184,INV-2026-001588-P1,ACH,OPERATING-002,Part payment 1 for INV-2026-001588
BNK-00001564,2026-07-21,DEBIT,3756.61,USD,Zenith Holdings Incorporated,858634739565,INV-2026-001628,CHEQUE,OPERATING-002,Possible duplicate vendor payment INV-2026-001628
BNK-00001611,2026-07-21,DEBIT,2317.43,USD,Silverline Technologies Incorporated,636439249785,INV-2026-001677-P2,WIRE,OPERATING-001,Part payment 2 for INV-2026-001677
BNK-00001742,2026-07-21,DEBIT,18756.23,USD,Orbit Supplies Limited,298066901090,INV-2026-001817,WIRE,OPERATING-001,Vendor payment INV-2026-001817
BNK-00000021,2026-07-22,DEBIT,745.8,USD,Crescent Logistics Corp,835428871006,INV-2026-000020,ACH,OPERATING-001,Vendor payment INV-2026-000020
BNK-00000109,2026-07-22,DEBIT,3927.32,USD,Delta Pharma Limited,449993794346,INV-2026-000119,CHEQUE,PAYABLES-001,Vendor payment INV-2026-000119
BNK-00000328,2026-07-22,DEBIT,868.65,GBP,Pioneer Packaging Limited,786086128752,INV-2026-000344,WIRE,OPERATING-001,Vendor payment INV-2026-000344
BNK-00001124,2026-07-22,DEBIT,11486.81,USD,HARBOR SERVICES INCORPORATED,624015215345,INV-2026-001175,WIRE,PAYABLES-001,Vendor payment INV-2026-001175
BNK-00001389,2026-07-22,DEBIT,10285.35,EUR,Harbor Services Incorporated,624015215345,INV-2026-001452,ACH,OPERATING-001,Vendor payment INV-2026-001452
BNK-00001670,2026-07-22,DEBIT,12989.92,USD,Pioneer Trading Incorporated,131761864164,INV-2026-001741,CHEQUE,OPERATING-002,Vendor payment INV-2026-001741
BNK-00002052,2026-07-22,DEBIT,790336.58,LKR,Interest Income,227400579757,MISC-002052,WIRE,OPERATING-001,Insurance payment
BNK-00000829,2026-07-23,DEBIT,5311.26,USD,Delta Solutions Incorporated,482855037930,INV-2026-000875,CHEQUE,OPERATING-001,Vendor payment INV-2026-000875
BNK-00002029,2026-07-23,DEBIT,1407.02,USD,National Telecom,619067719568,MISC-002029,WIRE,PAYABLES-001,Insurance payment
BNK-00001555,2026-07-24,DEBIT,2325.66,USD,Zenith Consulting Incorporated,300057279938,INV-2026-001621-P1,ACH,PAYABLES-001,Part payment 1 for INV-2026-001621
BNK-00001425,2026-07-25,DEBIT,4085.11,GBP,EVERGREEN PACKAGING LIMITED,589426971653,INV-2026-001489,BANK_TRANSFER,PAYABLES-001,Vendor payment INV-2026-001489
BNK-00001472,2026-07-25,DEBIT,1212.4,EUR,Global Solutions Limited,524365842188,INV-2026-001534,CHEQUE,OPERATING-001,Vendor payment INV-2026-001534
BNK-00001525,2026-07-25,DEBIT,7065.17,USD,Nova Packaging Corporation,712652693184,INV-2026-001588-P2,WIRE,OPERATING-002,Part payment 2 for INV-2026-001588
BNK-00001879,2026-07-25,DEBIT,9708.38,USD,Apex Consulting Incorporated,509620244728,INV-2026-001950,BANK_TRANSFER,OPERATING-002,Vendor payment INV-2026-001950
BNK-00002058,2026-07-25,DEBIT,633.52,USD,Bank Service Charges,876309561600,MISC-002058,WIRE,OPERATING-002,Operating expense
BNK-00001678,2026-07-26,DEBIT,4603.23,USD,Insight Technologies Incorporated,340733806442,INV-2026-001749,WIRE,OPERATING-002,Vendor payment INV-2026-001749
BNK-00002087,2026-07-26,DEBIT,2281.37,EUR,Insurance Provider,906567632574,MISC-002087,CARD,OPERATING-002,Customer receipt
BNK-00000782,2026-07-27,DEBIT,11720.92,USD,Global Engineering Limited,159172251058,INV-2026-000828,WIRE,OPERATING-001,Vendor payment INV-2026-000828
BNK-00000834,2026-07-27,DEBIT,869071.02,LKR,Royal Services Incorporated,692955158244,INV-2026-000881,WIRE,OPERATING-001,Vendor payment INV-2026-000881
BNK-00001247,2026-07-27,DEBIT,3740.4,USD,Crescent Supplies Corporation,485089074443,INV-2026-001300,WIRE,PAYABLES-001,Vendor payment INV-2026-001300
BNK-00001953,2026-07-27,DEBIT,203.11,USD,National Telecom,764183373272,MISC-001953,CARD,OPERATING-002,Customer receipt
BNK-00001960,2026-07-27,DEBIT,683618.29,LKR,Government Tax Authority,806961454778,MISC-001960,BANK_TRANSFER,PAYABLES-001,Bank charge
BNK-00000229,2026-07-28,DEBIT,1888125.83,LKR,Silverline Logistics Limited,381959955088,INV-2026-000245,WIRE,OPERATING-002,Vendor payment INV-2026-000245
BNK-00000360,2026-07-28,DEBIT,9532.73,USD,Vertex Packaging Limited,878442396279,INV-2026-000380,ACH,OPERATING-002,Vendor payment INV-2026-000380 incl bank fee
BNK-00000445,2026-07-28,DEBIT,3218.06,USD,Delta Pharma Limited,449993794346,INV-2026-000470,CHEQUE,PAYABLES-001,Vendor payment INV-2026-000470
BNK-00001556,2026-07-28,DEBIT,2085.35,USD,Zenith Consulting Incorporated,300057279938,INV-2026-001621-P2,CHEQUE,OPERATING-002,Part payment 2 for INV-2026-001621
BNK-00001838,2026-07-28,DEBIT,8205.83,USD,Crescent Industries Limited,354876605861,INV-2026-001908,BANK_TRANSFER,OPERATING-002,Vendor payment INV-2026-001908
BNK-00001875,2026-07-28,DEBIT,1384191.28,LKR,Vertex Textiles Corporation,415235296085,INV-2026-001946,CHEQUE,OPERATING-002,Vendor payment INV-2026-001946
BNK-00000389,2026-07-29,DEBIT,19319.97,USD,Orbit Trading Limited,670621564585,INV-2026-000407,ACH,PAYABLES-001,Vendor payment INV-2026-000407
BNK-00000456,2026-07-29,DEBIT,11498.15,USD,Unity Trading Limited,386886767570,INV-2026-000480,WIRE,OPERATING-002,Vendor payment INV-2026-000480
BNK-00001202,2026-07-29,DEBIT,16960.13,GBP,Zenith Holdings Incorporated,858634739565,INV-2026-001253,ACH,OPERATING-002,Vendor payment INV-2026-001253
BNK-00001307,2026-07-29,DEBIT,18839.51,USD,Pioneer Supplies Limited,848137395082,INV-2026-001364,CHEQUE,OPERATING-001,Vendor payment INV-2026-001364
BNK-00001684,2026-07-29,DEBIT,2495.48,EUR,Lanka Systems Incorporated,474635226753,INV-2026-001754,CHEQUE,PAYABLES-001,Vendor payment INV-2026-001754
BNK-00000164,2026-07-30,DEBIT,16630.65,USD,Harbor Industries Limited,656253304185,INV-2026-000173,BANK_TRANSFER,OPERATING-001,Vendor payment INV-2026-000173
BNK-00000241,2026-07-30,DEBIT,7102.95,USD,Zenith Packaging Limited,521010568149,INV-2026-000255,BANK_TRANSFER,PAYABLES-001,Vendor payment INV-2026-000255
BNK-00001982,2026-07-30,DEBIT,5079.22,USD,Office Rent Holdings,325684671685,MISC-001982,WIRE,OPERATING-002,Payroll related
BNK-00002036,2026-07-30,CREDIT,4808.32,USD,Office Rent Holdings,769097252282,MISC-002036,ACH,OPERATING-002,Rent payment
BNK-00000122,2026-07-31,DEBIT,5162.57,USD,Crescent Industries Limited,354876605861,INV-2026-000132,BANK_TRANSFER,OPERATING-002,Vendor payment INV-2026-000132
BNK-00001130,2026-07-31,DEBIT,145903.33,LKR,Global Trading Limited,791827976491,INV-2026-001181,CHEQUE,OPERATING-002,Vendor payment INV-2026-001181
BNK-00001593,2026-07-31,DEBIT,2542.33,EUR,Unity Technologies Limited,795191128611,INV-2026-001662,BANK_TRANSFER,PAYABLES-001,Vendor payment INV-2026-001662
BNK-00001646,2026-07-31,DEBIT,22281.49,USD,Lanka Systems Incorporated,474635226753,INV-2026-001719,CHEQUE,OPERATING-002,Vendor payment INV-2026-001719
BNK-00001941,2026-07-31,DEBIT,5736.3,USD,Government Tax Authority,359660455836,MISC-001941,BANK_TRANSFER,OPERATING-002,Payroll related
BNK-00000369,2026-08-01,DEBIT,10189.69,USD,Unity Foods Corporation,521330443041,INV-2026-000388,WIRE,OPERATING-002,Vendor payment INV-2026-000388
BNK-00000806,2026-08-01,DEBIT,941.49,USD,Vertex Packaging Limited,878442396279,INV-2026-000852,ACH,OPERATING-002,Vendor payment INV-2026-000852
BNK-00000065,2026-08-02,DEBIT,6740.29,GBP,Orbit Consulting Limited,884069898811,INV-2026-000070,CHEQUE,OPERATING-001,Vendor payment INV-2026-000070
BNK-00000855,2026-08-02,DEBIT,11408.5,USD,Pioneer Supplies Incorporated,478166864450,INV-2026-000899,BANK_TRANSFER,OPERATING-001,Vendor payment INV-2026-000899
BNK-00001090,2026-08-02,DEBIT,776428.37,LKR,Harbor Industries Limited,656253304185,INV-2026-001140,BANK_TRANSFER,OPERATING-002,Vendor payment INV-2026-001140
BNK-00000100,2026-08-03,DEBIT,10716.51,USD,Global Trading Limited,791827976491,INV-2026-000109,BANK_TRANSFER,PAYABLES-001,Vendor payment INV-2026-000109
BNK-00000203,2026-08-03,DEBIT,8421.45,GBP,Harbor Technologies Limited,664313517211,INV-2026-000219,CHEQUE,OPERATING-001,Vendor payment INV-2026-000219
BNK-00000492,2026-08-03,DEBIT,14944.97,USD,METRO CONSULTING CORPORATION,455945973170,INV-2026-000521,CHEQUE,PAYABLES-001,Vendor payment INV-2026-000521
BNK-00001199,2026-08-03,DEBIT,3047.76,USD,Keystone Logistics Limited,373263685325,INV-2026-001250,WIRE,PAYABLES-001,Vendor payment INV-2026-001250
BNK-00001601,2026-08-03,DEBIT,19484.52,USD,Metro Foods Limited,271054481685,INV-2026-001670,WIRE,PAYABLES-001,Vendor payment INV-2026-001670 incl bank fee
BNK-00000603,2026-08-04,DEBIT,19756.91,GBP,Metro Consulting Corporation,455945973170,INV-2026-000630,CHEQUE,PAYABLES-001,Vendor payment INV-2026-000630
BNK-00000860,2026-08-04,DEBIT,1208.6,USD,Unity Systems Incorporated,996390815905,INV-2026-000905,BANK_TRANSFER,OPERATING-001,Vendor payment INV-2026-000905
BNK-00001824,2026-08-04,DEBIT,5659.05,USD,Jade Pharma Inc,991524726409,INV-2026-001895,ACH,PAYABLES-001,Vendor payment INV-2026-001895
BNK-00001141,2026-08-06,DEBIT,3857.14,USD,Global Trading Limited,791827976491,INV-2026-001192,WIRE,OPERATING-001,Vendor payment INV-2026-001192
BNK-00001750,2026-08-06,DEBIT,10344.54,USD,Royal Services Inc,692955158244,INV-2026-001824,WIRE,OPERATING-002,Vendor payment INV-2026-001824
BNK-00000774,2026-08-07,DEBIT,14995.05,GBP,Metro Holdings Incorporated,337635667755,INV-2026-000819,WIRE,OPERATING-002,Vendor payment INV-2026-000819
BNK-00001142,2026-08-07,DEBIT,3857.14,USD,Global Trading Limited,791827976491,INV-2026-001192,BANK_TRANSFER,PAYABLES-001,Possible duplicate vendor payment INV-2026-001192
BNK-00001251,2026-08-07,DEBIT,20978.62,USD,Unity Packaging Corporation,275583175291,INV-2026-001305,CHEQUE,PAYABLES-001,Vendor payment INV-2026-001305
BNK-00001486,2026-08-07,DEBIT,2037590.62,LKR,SEACREST CONSULTING INCORPORATED,313671722771,INV-2026-001549,BANK_TRANSFER,OPERATING-001,Vendor payment INV-2026-001549
BNK-00001775,2026-08-07,DEBIT,222742.17,LKR,Harbor Supplies Ltd,780648306067,INV-2026-001849,ACH,OPERATING-002,Vendor payment INV-2026-001849
BNK-00000118,2026-08-08,DEBIT,2516.83,USD,Harbor Technologies Limited,664313517211,INV-2026-000128,WIRE,OPERATING-002,Vendor payment INV-2026-000128
BNK-00000219,2026-08-08,DEBIT,8521.97,EUR,Evergreen Systems Incorporated,574699427658,INV-2026-000235,CHEQUE,PAYABLES-001,Vendor payment INV-2026-000235
BNK-00000307,2026-08-08,DEBIT,2070.96,EUR,Nova Logistics Limited,988348638973,INV-2026-000324-P1,ACH,OPERATING-002,Part payment 1 for INV-2026-000324
BNK-00000741,2026-08-08,DEBIT,15616.21,USD,BrightPath Logistics Corporation,755696355114,INV-2026-000787,ACH,OPERATING-002,Vendor payment INV-2026-000787
BNK-00001062,2026-08-08,DEBIT,16358.92,USD,Redwood Logistics Incorporated,162027005011,INV-2026-001110,BANK_TRANSFER,OPERATING-002,Vendor payment INV-2026-001110
BNK-00001100,2026-08-08,DEBIT,22040.15,USD,Pioneer Solutions Incorporated,977752159666,INV-2026-001150,ACH,PAYABLES-001,Vendor payment INV-2026-001150
BNK-00001252,2026-08-08,DEBIT,20978.62,USD,Unity Packaging Corporation,275583175291,INV-2026-001305,ACH,PAYABLES-001,Possible duplicate vendor payment INV-2026-001305
BNK-00000882,2026-08-09,DEBIT,3058.63,USD,Lanka Systems Incorporated,474635226753,INV-2026-000928-P1,WIRE,OPERATING-002,Part payment 1 for INV-2026-000928
BNK-00000883,2026-08-10,DEBIT,5049.83,USD,Lanka Systems Incorporated,474635226753,INV-2026-000928-P2,WIRE,OPERATING-002,Part payment 2 for INV-2026-000928
BNK-00001717,2026-08-11,DEBIT,659.89,USD,UNITY SYSTEMS INCORPORATED,996390815905,INV-2026-001790,BANK_TRANSFER,OPERATING-002,Vendor payment INV-2026-001790
BNK-00000308,2026-08-12,DEBIT,3335.74,EUR,Nova Logistics Limited,988348638973,INV-2026-000324-P2,ACH,OPERATING-002,Part payment 2 for INV-2026-000324
BNK-00000576,2026-08-13,DEBIT,1667373.7,LKR,Vertex Textiles Corporation,415235296085,INV-2026-000604,CHEQUE,PAYABLES-001,Vendor payment INV-2026-000604
BNK-00000905,2026-08-13,DEBIT,847.7,GBP,Apex Consulting Inc,509620244728,INV-2026-000948,BANK_TRANSFER,OPERATING-002,Vendor payment INV-2026-000948
BNK-00000756,2026-08-14,DEBIT,19881.21,USD,Harbor Services Inc,624015215345,INV-2026-000801,BANK_TRANSFER,OPERATING-001,Vendor payment INV-2026-000801
BNK-00000239,2026-08-15,DEBIT,13353.85,USD,Crescent Supplies Ltd,821600684492,INV-2026-000253,BANK_TRANSFER,PAYABLES-001,Vendor payment INV-2026-000253
BNK-00001150,2026-08-16,DEBIT,8038.34,USD,Northstar Packaging Corporation,984294502389,INV-2026-001200,BANK_TRANSFER,OPERATING-001,Vendor payment INV-2026-001200
BNK-00000515,2026-08-17,DEBIT,14705.12,USD,Unity Trading Limited,386886767570,INV-2026-000544,CHEQUE,OPERATING-002,Vendor payment INV-2026-000544
BNK-00001344,2026-08-18,DEBIT,19600.34,USD,Nova Solutions Corporation,307437974878,INV-2026-001401,CHEQUE,OPERATING-002,Vendor payment INV-2026-001401
