invoice_id,vendor_id,vendor_name,invoice_date,due_date,currency,subtotal,tax_amount,total_amount,po_number,cost_center,description,invoice_status
INV-2026-000034,V0021,Vertex Supplies Corporation,2026-01-01,2026-02-15,USD,13824.7,1382.47,15207.17,CAPEX-14278,FIN,Office equipment,REVIEW
INV-2026-000279,V0075,Vertex Packaging Limited,2026-01-01,2026-01-16,GBP,19446.35,3500.34,22946.69,CAPEX-18300,MKT,Data services,PAID
INV-2026-000285,V0013,Delta Solutions Corporation,2026-01-01,2026-01-31,USD,1669.42,250.41,1919.84,PR-78084,PROC,Packaging materials,REVIEW
INV-2026-000477,V0070,Royal Supplies Incorporated,2026-01-01,2026-02-15,EUR,8483.2,0.0,8483.2,OPEX-40079,MKT,Packaging materials,PAID
INV-2026-000557,V0051,Nova Systems Corporation,2026-01-01,2026-01-16,USD,11963.76,1794.56,13758.33,PR-49562,IT,Office equipment,PAID
INV-2026-000887,V0063,Fusion Consulting Incorporated,2026-01-01,2026-01-16,EUR,7051.14,0.0,7051.14,OPEX-73068,LOG,Office equipment,PAID
INV-2026-001580,V0022,Crescent Supplies Limited,2026-01-01,2026-03-02,USD,212.66,21.27,233.93,CAPEX-13624,MKT,Security services,PAID
INV-2026-001695,V0036,Unity Packaging Corporation,2026-01-01,2026-01-31,USD,7702.65,1155.4,8858.04,PR-22744,IT,Network equipment,PAID
INV-2026-000098,V0016,Zenith Holdings Incorporated,2026-01-02,2026-02-16,GBP,8681.42,0.0,8681.42,OPEX-79806,PROC,Professional consulting,REVIEW
INV-2026-000223,V0007,Quantum Technologies Incorporated,2026-01-02,2026-02-16,USD,16869.79,0.0,16869.79,PO-29795,IT,Professional consulting,PAID
INV-2026-000386,V0087,Orbit Trading Limited,2026-01-02,2026-02-01,USD,13907.27,1112.58,15019.85,CAPEX-26899,IT,Maintenance services,REVIEW
INV-2026-000831,V0077,Pioneer Packaging Limited,2026-01-02,2026-02-01,USD,13164.71,1316.47,14481.19,CAPEX-84600,FIN,Professional consulting,PAID
INV-2026-000909,V0061,Silverline Services Limited,2026-01-02,2026-01-17,GBP,3569.9,535.48,4105.38,OPEX-61483,LOG,Software licensing,PAID
INV-2026-001072,V0025,Lanka Foods Limited,2026-01-02,2026-02-16,GBP,10742.38,859.39,11601.77,PR-96661,MKT,Data services,PAID
INV-2026-001082,V0056,Silverline Technologies Incorporated,2026-01-02,2026-02-01,LKR,1425708.38,0.0,1425708.38,PR-47342,IT,Freight and logistics,PAID
INV-2026-001178,V0051,Nova Systems Corporation,2026-01-02,2026-02-01,LKR,467274.78,37381.98,504656.77,CAPEX-96334,OPS,Office equipment,PAID
INV-2026-001456,V0009,Orbit Consulting Limited,2026-01-02,2026-01-17,GBP,13576.22,2036.43,15612.66,OPEX-60504,IT,Maintenance services,PAID
INV-2026-001686,V0063,Fusion Consulting Incorporated,2026-01-02,2026-02-01,GBP,1722.87,137.83,1860.7,PR-62059,FIN,Freight and logistics,REVIEW
INV-2026-001687,V0069,Keystone Technologies Incorporated,2026-01-02,2026-03-03,USD,5401.06,432.08,5833.14,OPEX-30953,MKT,Professional consulting,PAID
INV-2026-000254,V0014,Delta Foods Corporation,2026-01-03,2026-01-18,USD,4533.38,816.01,5349.39,PR-68429,OPS,Maintenance services,PAID
INV-2026-000286,V0002,Zenith Consulting Limited,2026-01-03,2026-02-02,LKR,263172.73,26317.27,289490.0,PR-72613,IT,Professional consulting,PAID
INV-2026-000300,V0018,Royal Networks Incorporated,2026-01-03,2026-02-02,USD,19065.96,2859.89,21925.86,CAPEX-31884,OPS,Freight and logistics,PAID
INV-2026-000667,V0087,Orbit Trading Limited,2026-01-03,2026-01-18,USD,8295.63,1244.34,9539.97,PO-99849,HR,Network equipment,REVIEW
INV-2026-000938,V0047,Insight Technologies Incorporated,2026-01-03,2026-01-18,USD,716.75,0.0,716.75,PR-48086,HR,Professional consulting,OPEN
INV-2026-000960,V0040,Summit Textiles Incorporated,2026-01-03,2026-02-17,LKR,1326225.05,106098.0,1432323.06,CAPEX-39555,HR,Maintenance services,OPEN
INV-2026-000966,V0067,Unity Foods Corporation,2026-01-03,2026-02-02,USD,17210.98,1721.1,18932.08,OPEX-30582,IT,Freight and logistics,PAID
INV-2026-001042,V0026,Vertex Consulting Incorporated,2026-01-03,2026-02-02,GBP,17140.09,0.0,17140.09,PR-59355,HR,Training services,PAID
INV-2026-001066,V0034,Metro Consulting Limited,2026-01-03,2026-03-04,GBP,3211.17,0.0,3211.17,PR-59650,LOG,Warehouse supplies,REVIEW
INV-2026-001202,V0041,Metro Foods Limited,2026-01-03,2026-02-02,USD,9371.69,749.73,10121.42,PR-83615,IT,Maintenance services,PAID
INV-2026-001372,V0061,Silverline Services Limited,2026-01-03,2026-02-02,USD,3683.01,368.3,4051.31,PO-10734,OPS,Warehouse supplies,PAID
INV-2026-000068,V0051,Nova Systems Corporation,2026-01-04,2026-02-03,EUR,2576.94,206.16,2783.1,CAPEX-86619,HR,Training services,PAID
INV-2026-000078,V0017,Delta Pharma Limited,2026-01-04,2026-02-03,LKR,1582152.28,237322.84,1819475.12,CAPEX-12068,FIN,Office equipment,PAID
INV-2026-000215,V0039,Zenith Consulting Incorporated,2026-01-04,2026-02-03,USD,19246.1,0.0,19246.1,OPEX-41797,PROC,Security services,PAID
INV-2026-000241,V0050,Keystone Trading Corporation,2026-01-04,2026-02-03,USD,7829.46,0.0,7829.46,PR-84967,LOG,Freight and logistics,PAID
INV-2026-000405,V0041,Metro Foods Limited,2026-01-04,2026-03-05,LKR,1493657.03,268858.27,1762515.29,PR-97797,MKT,Network equipment,PAID
INV-2026-000491,V0067,Unity Foods Corporation,2026-01-04,2026-01-19,USD,11045.9,1988.26,13034.16,CAPEX-55544,MKT,Office equipment,REVIEW
INV-2026-000533,V0049,Seacrest Consulting Incorporated,2026-01-04,2026-01-19,LKR,1436497.98,143649.8,1580147.78,OPEX-42396,PROC,Cloud infrastructure services,PAID
INV-2026-000537,V0042,Evergreen Packaging Limited,2026-01-04,2026-02-03,LKR,570297.59,0.0,570297.59,OPEX-41862,IT,Cloud infrastructure services,PAID
INV-2026-000549,V0010,Silverline Systems Incorporated,2026-01-04,2026-02-03,GBP,9889.14,0.0,9889.14,OPEX-93744,IT,Network equipment,REVIEW
INV-2026-000627,V0015,Titan Consulting Limited,2026-01-04,2026-03-05,EUR,10339.53,0.0,10339.53,CAPEX-82006,OPS,Office equipment,PAID
INV-2026-000686,V0017,Delta Pharma Limited,2026-01-04,2026-02-03,GBP,1113.16,89.05,1202.22,PO-69793,LOG,Freight and logistics,PAID
INV-2026-001115,V0018,Royal Networks Incorporated,2026-01-04,2026-03-05,USD,7632.16,0.0,7632.16,PO-11776,MKT,Training services,PAID
INV-2026-001527,V0024,Unity Foods Limited,2026-01-04,2026-02-03,GBP,798.19,0.0,798.19,PR-62004,OPS,Cloud infrastructure services,PAID
INV-2026-001928,V0068,Harbor Supplies Limited,2026-01-04,2026-02-03,GBP,7620.55,762.05,8382.6,OPEX-44588,PROC,Office equipment,OPEN
INV-2026-000011,V0061,Silverline Services Limited,2026-01-05,2026-03-06,USD,19998.17,1599.85,21598.02,PR-95215,IT,Training services,OPEN
INV-2026-000023,V0058,Harbor Logistics Limited,2026-01-05,2026-01-20,USD,4525.34,814.56,5339.9,PR-50135,PROC,Security services,PAID
INV-2026-000282,V0059,Seacrest Solutions Limited,2026-01-05,2026-01-20,LKR,337017.44,33701.74,370719.19,PO-66072,FIN,Warehouse supplies,PAID
INV-2026-000772,V0070,Royal Supplies Incorporated,2026-01-05,2026-01-20,USD,17616.9,0.0,17616.9,OPEX-68997,OPS,Maintenance services,REVIEW
INV-2026-000845,V0069,Keystone Technologies Incorporated,2026-01-05,2026-01-20,USD,2439.56,0.0,2439.56,OPEX-70314,PROC,Maintenance services,PAID
INV-2026-000990,V0043,Silverline Logistics Limited,2026-01-05,2026-03-06,EUR,9044.36,1356.65,10401.02,PR-75984,LOG,Warehouse supplies,REVIEW
INV-2026-001514,V0061,Silverline Services Limited,2026-01-05,2026-02-04,GBP,12989.51,1039.16,14028.67,PO-28446,MKT,Professional consulting,REVIEW
INV-2026-001843,V0046,Metro Holdings Incorporated,2026-01-05,2026-02-04,GBP,6853.87,1233.7,8087.56,PO-51309,MKT,Packaging materials,REVIEW
INV-2026-001945,V0024,Unity Foods Limited,2026-01-05,2026-02-19,USD,11708.03,0.0,11708.03,OPEX-88361,PROC,Security services,PAID
INV-2026-000062,V0038,Insight Services Limited,2026-01-06,2026-02-20,USD,280.99,50.58,331.57,PO-89482,PROC,Packaging materials,PAID
INV-2026-000258,V0015,Titan Consulting Limited,2026-01-06,2026-02-05,GBP,2294.13,0.0,2294.13,PR-77632,FIN,Data services,PAID
INV-2026-000321,V0010,Silverline Systems Incorporated,2026-01-06,2026-01-21,USD,18061.62,1806.16,19867.78,PR-22055,MKT,Network equipment,PAID
INV-2026-000625,V0040,Summit Textiles Incorporated,2026-01-06,2026-03-07,LKR,641482.22,0.0,641482.22,CAPEX-36287,FIN,Office equipment,REVIEW
INV-2026-000895,V0063,Fusion Consulting Incorporated,2026-01-06,2026-02-05,USD,3708.5,0.0,3708.5,CAPEX-60070,OPS,Software licensing,REVIEW
INV-2026-000941,V0013,Delta Solutions Corporation,2026-01-06,2026-02-05,USD,13138.8,0.0,13138.8,CAPEX-37556,OPS,Packaging materials,REVIEW
INV-2026-001350,V0003,Harbor Services Incorporated,2026-01-06,2026-02-20,USD,15635.02,1250.8,16885.82,CAPEX-82468,IT,Training services,PAID
INV-2026-001451,V0053,Pioneer Trading Incorporated,2026-01-06,2026-02-05,EUR,5088.82,763.32,5852.15,OPEX-99700,IT,Network equipment,REVIEW
INV-2026-001495,V0089,Pioneer Supplies Limited,2026-01-06,2026-02-05,LKR,1545564.11,278201.54,1823765.65,CAPEX-57347,MKT,Packaging materials,PAID
INV-2026-001503,V0056,Silverline Technologies Incorporated,2026-01-06,2026-02-20,EUR,5961.02,894.15,6855.17,OPEX-12473,IT,Professional consulting,PAID
INV-2026-001564,V0032,Keystone Logistics Limited,2026-01-06,2026-03-07,USD,16778.06,1677.81,18455.87,PR-64044,FIN,Data services,PAID
INV-2026-001616,V0048,Zenith Trading Incorporated,2026-01-06,2026-02-20,LKR,617218.88,0.0,617218.88,OPEX-63788,PROC,Data services,PAID
INV-2026-001625,V0011,Nova Engineering Corporation,2026-01-06,2026-01-21,LKR,1742190.89,139375.27,1881566.16,PO-51064,OPS,Professional consulting,PAID
INV-2026-001630,V0022,Crescent Supplies Limited,2026-01-06,2026-03-07,GBP,19756.93,1580.55,21337.48,OPEX-86662,LOG,Freight and logistics,PAID
INV-2026-001631,V0058,Harbor Logistics Limited,2026-01-06,2026-02-20,GBP,11387.65,911.01,12298.66,PO-58492,IT,Freight and logistics,REVIEW
INV-2026-001777,V0066,Jade Pharma Incorporated,2026-01-06,2026-03-07,EUR,17909.38,1790.94,19700.32,PR-31889,IT,Packaging materials,REVIEW
INV-2026-001799,V0029,Zenith Supplies Limited,2026-01-06,2026-02-20,USD,5531.11,829.67,6360.77,CAPEX-75388,PROC,Maintenance services,PAID
INV-2026-001980,V0058,Harbor Logistics Limited,2026-01-06,2026-02-20,LKR,1413068.16,211960.22,1625028.39,OPEX-62793,PROC,Software licensing,REVIEW
INV-2026-000009,V0085,Royal Holdings Limited,2026-01-07,2026-01-22,GBP,8640.82,864.08,9504.9,PR-16590,OPS,Maintenance services,REVIEW
INV-2026-000375,V0018,Royal Networks Incorporated,2026-01-07,2026-02-21,USD,5277.39,527.74,5805.13,OPEX-60891,PROC,Cloud infrastructure services,PAID
INV-2026-000597,V0058,Harbor Logistics Limited,2026-01-07,2026-02-06,USD,11855.47,2133.98,13989.46,PR-69596,IT,Office equipment,PAID
INV-2026-000612,V0016,Zenith Holdings Incorporated,2026-01-07,2026-02-21,GBP,15959.04,2872.63,18831.67,PR-90649,HR,Maintenance services,PAID
INV-2026-000682,V0025,Lanka Foods Limited,2026-01-07,2026-03-08,USD,9845.94,0.0,9845.94,CAPEX-75494,LOG,Packaging materials,PAID
INV-2026-000891,V0022,Crescent Supplies Limited,2026-01-07,2026-03-08,GBP,15947.64,2870.57,18818.21,CAPEX-83537,PROC,Software licensing,PAID
INV-2026-001184,V0012,Evergreen Industries Corporation,2026-01-07,2026-02-21,USD,12622.42,1893.36,14515.78,PR-13646,LOG,Warehouse supplies,REVIEW
INV-2026-001899,V0004,Delta Solutions Incorporated,2026-01-07,2026-01-22,USD,6531.23,1175.62,7706.85,PO-20830,PROC,Professional consulting,PAID
INV-2026-001901,V0078,Northstar Packaging Corporation,2026-01-07,2026-02-06,USD,6339.34,1141.08,7480.42,PO-76062,PROC,Office equipment,PAID
INV-2026-000012,V0006,Crescent Industries Limited,2026-01-08,2026-02-07,USD,16803.87,2520.58,19324.45,PR-41266,FIN,Packaging materials,REVIEW
INV-2026-000091,V0035,Global Engineering Limited,2026-01-08,2026-02-07,USD,14089.65,1127.17,15216.82,CAPEX-56009,IT,Freight and logistics,REVIEW
INV-2026-000495,V0076,Royal Services Incorporated,2026-01-08,2026-02-22,USD,5245.46,524.55,5770.0,PR-98724,PROC,Professional consulting,OPEN
INV-2026-000619,V0036,Unity Packaging Corporation,2026-01-08,2026-02-07,USD,12575.04,0.0,12575.04,OPEX-34560,LOG,Software licensing,PAID
INV-2026-000629,V0017,Delta Pharma Limited,2026-01-08,2026-02-22,GBP,1123.07,112.31,1235.37,PO-21287,HR,Maintenance services,PAID
INV-2026-000792,V0025,Lanka Foods Limited,2026-01-08,2026-02-07,LKR,1658776.93,165877.69,1824654.62,OPEX-83377,HR,Maintenance services,PAID
INV-2026-000816,V0019,Titan Foods Incorporated,2026-01-08,2026-02-07,USD,4801.45,480.15,5281.6,PR-58449,LOG,Training services,PAID
INV-2026-000922,V0013,Delta Solutions Corporation,2026-01-08,2026-02-22,USD,16184.21,2427.63,18611.85,CAPEX-42821,FIN,Software licensing,PAID
INV-2026-001583,V0057,Keystone Packaging Limited,2026-01-08,2026-03-09,USD,18713.63,0.0,18713.63,CAPEX-48198,IT,Network equipment,REVIEW
INV-2026-001689,V0058,Harbor Logistics Limited,2026-01-08,2026-02-22,EUR,19358.57,3484.54,22843.11,OPEX-36816,FIN,Software licensing,OPEN
INV-2026-001698,V0088,Unity Technologies Limited,2026-01-08,2026-02-22,USD,405.16,0.0,405.16,PR-69669,MKT,Security services,REVIEW
INV-2026-001927,V0004,Delta Solutions Incorporated,2026-01-08,2026-03-09,USD,6771.62,677.16,7448.78,PO-82055,FIN,Security services,PAID
INV-2026-001996,V0035,Global Engineering Limited,2026-01-08,2026-02-07,LKR,1989084.23,198908.42,2187992.65,CAPEX-99864,HR,Security services,REVIEW
INV-2026-001997,V0005,Nova Logistics Limited,2026-01-08,2026-01-23,USD,5678.39,851.76,6530.15,PR-54909,MKT,Network equipment,PAID
INV-2026-000201,V0061,Silverline Services Limited,2026-01-09,2026-02-08,USD,3698.03,0.0,3698.03,OPEX-59081,HR,Packaging materials,PAID
INV-2026-000272,V0039,Zenith Consulting Incorporated,2026-01-09,2026-02-23,USD,7049.71,0.0,7049.71,OPEX-25386,MKT,Professional consulting,REVIEW
INV-2026-000547,V0023,Metro Consulting Corporation,2026-01-09,2026-02-08,USD,9769.16,0.0,9769.16,PO-84843,PROC,Maintenance services,REVIEW
INV-2026-001025,V0065,Pioneer Industries Incorporated,2026-01-09,2026-02-08,USD,15960.8,1276.86,17237.66,OPEX-32027,HR,Software licensing,PAID
INV-2026-001176,V0075,Vertex Packaging Limited,2026-01-09,2026-02-08,LKR,855765.69,0.0,855765.69,OPEX-82297,HR,Software licensing,REVIEW
INV-2026-000187,V0038,Insight Services Limited,2026-01-10,2026-01-25,USD,11411.08,0.0,11411.08,CAPEX-47298,HR,Training services,PAID
INV-2026-000385,V0001,Unity Trading Limited,2026-01-10,2026-03-11,USD,14645.5,0.0,14645.5,CAPEX-79603,FIN,Cloud infrastructure services,REVIEW
INV-2026-000476,V0077,Pioneer Packaging Limited,2026-01-10,2026-03-11,EUR,15077.38,0.0,15077.38,OPEX-96427,FIN,Security services,REVIEW
INV-2026-000487,V0078,Northstar Packaging Corporation,2026-01-10,2026-02-24,USD,12325.64,1848.85,14174.48,CAPEX-88311,IT,Freight and logistics,PAID
INV-2026-000605,V0045,Nova Solutions Corporation,2026-01-10,2026-02-09,LKR,89053.38,13358.01,102411.39,CAPEX-53399,IT,Cloud infrastructure services,REVIEW
INV-2026-000607,V0047,Insight Technologies Incorporated,2026-01-10,2026-01-25,LKR,616106.6,49288.53,665395.13,OPEX-18869,MKT,Maintenance services,PAID
INV-2026-000683,V0003,Harbor Services Incorporated,2026-01-10,2026-02-09,USD,6833.85,1230.09,8063.94,PO-63150,IT,Professional consulting,PAID
INV-2026-000793,V0083,Metro Engineering Limited,2026-01-10,2026-02-09,USD,5541.51,0.0,5541.51,CAPEX-46408,PROC,Data services,PAID
INV-2026-001056,V0031,Pioneer Supplies Incorporated,2026-01-10,2026-02-09,USD,6078.22,0.0,6078.22,PR-88924,LOG,Professional consulting,PAID
INV-2026-001090,V0052,Apex Consulting Incorporated,2026-01-10,2026-02-09,USD,18590.47,1859.05,20449.52,PO-90801,FIN,Software licensing,PAID
INV-2026-001207,V0052,Apex Consulting Incorporated,2026-01-10,2026-03-11,EUR,897.71,161.59,1059.3,PO-19103,HR,Software licensing,REVIEW
INV-2026-001270,V0015,Titan Consulting Limited,2026-01-10,2026-01-25,USD,15295.44,2294.32,17589.75,PO-32815,OPS,Software licensing,PAID
INV-2026-001432,V0048,Zenith Trading Incorporated,2026-01-10,2026-02-09,EUR,19539.65,3517.14,23056.78,PO-60058,LOG,Warehouse supplies,REVIEW
INV-2026-001822,V0054,Jade Industries Limited,2026-01-10,2026-01-25,GBP,7291.26,583.3,7874.56,CAPEX-54194,IT,Software licensing,REVIEW
INV-2026-001934,V0033,BrightPath Logistics Corporation,2026-01-10,2026-02-09,USD,10451.24,1045.12,11496.37,PO-58081,PROC,Cloud infrastructure services,PAID
INV-2026-000271,V0070,Royal Supplies Incorporated,2026-01-11,2026-02-25,EUR,4464.61,446.46,4911.08,PO-95678,MKT,Professional consulting,PAID
INV-2026-000322,V0016,Zenith Holdings Incorporated,2026-01-11,2026-02-25,USD,3459.63,518.94,3978.57,OPEX-61773,HR,Cloud infrastructure services,REVIEW
INV-2026-000399,V0023,Metro Consulting Corporation,2026-01-11,2026-02-10,USD,16055.73,1284.46,17340.19,OPEX-25191,IT,Cloud infrastructure services,PAID
INV-2026-000433,V0020,Global Solutions Limited,2026-01-11,2026-02-10,USD,11985.98,2157.48,14143.46,CAPEX-74297,MKT,Security services,REVIEW
INV-2026-000463,V0030,Orbit Pharma Corporation,2026-01-11,2026-02-10,EUR,18165.59,1453.25,19618.84,OPEX-71561,HR,Cloud infrastructure services,PAID
INV-2026-000593,V0059,Seacrest Solutions Limited,2026-01-11,2026-02-10,EUR,10812.84,1946.31,12759.15,PO-83098,HR,Data services,PAID
INV-2026-000708,V0006,Crescent Industries Limited,2026-01-11,2026-02-25,GBP,15399.9,0.0,15399.9,OPEX-79615,HR,Packaging materials,PAID
INV-2026-000731,V0062,Vertex Packaging Incorporated,2026-01-11,2026-02-10,GBP,11073.08,885.85,11958.93,PO-62642,LOG,Professional consulting,PAID
INV-2026-001725,V0021,Vertex Supplies Corporation,2026-01-11,2026-02-10,EUR,6708.54,0.0,6708.54,PR-20069,FIN,Packaging materials,REVIEW
INV-2026-001809,V0011,Nova Engineering Corporation,2026-01-11,2026-03-12,USD,16450.02,0.0,16450.02,PR-61231,MKT,Packaging materials,OPEN
INV-2026-001821,V0019,Titan Foods Incorporated,2026-01-11,2026-02-10,USD,10314.15,1031.42,11345.57,CAPEX-36510,PROC,Freight and logistics,PAID
INV-2026-000350,V0058,Harbor Logistics Limited,2026-01-12,2026-02-11,USD,9365.35,0.0,9365.35,CAPEX-83956,IT,Freight and logistics,OPEN
INV-2026-000575,V0068,Harbor Supplies Limited,2026-01-12,2026-02-11,USD,1314.99,0.0,1314.99,CAPEX-16957,HR,Training services,PAID
INV-2026-000944,V0032,Keystone Logistics Limited,2026-01-12,2026-03-13,EUR,3879.35,581.9,4461.25,CAPEX-29472,OPS,Professional consulting,PAID
INV-2026-001394,V0057,Keystone Packaging Limited,2026-01-12,2026-02-11,EUR,4069.83,610.47,4680.3,OPEX-32671,PROC,Warehouse supplies,PAID
INV-2026-001594,V0090,Nova Packaging Corporation,2026-01-12,2026-02-11,USD,9209.81,0.0,9209.81,PR-51983,IT,Warehouse supplies,PAID
INV-2026-001703,V0084,Harbor Industries Limited,2026-01-12,2026-03-13,LKR,1717571.48,257635.72,1975207.2,OPEX-40345,PROC,Warehouse supplies,REVIEW
INV-2026-000594,V0081,Nova Textiles Corporation,2026-01-13,2026-02-12,USD,8858.33,708.67,9567.0,CAPEX-70469,FIN,Maintenance services,PAID
INV-2026-001144,V0006,Crescent Industries Limited,2026-01-13,2026-02-12,USD,18876.96,0.0,18876.96,CAPEX-47015,HR,Data services,PAID
INV-2026-001212,V0015,Titan Consulting Limited,2026-01-13,2026-02-12,USD,5362.9,965.32,6328.22,OPEX-45377,PROC,Freight and logistics,REVIEW
INV-2026-001724,V0084,Harbor Industries Limited,2026-01-13,2026-02-12,EUR,2459.25,368.89,2828.14,OPEX-32795,HR,Office equipment,REVIEW
INV-2026-001829,V0056,Silverline Technologies Incorporated,2026-01-13,2026-01-28,LKR,1611485.53,241722.83,1853208.36,OPEX-12142,LOG,Warehouse supplies,PAID
INV-2026-001910,V0035,Global Engineering Limited,2026-01-13,2026-01-28,LKR,798561.21,119784.18,918345.39,PO-82848,LOG,Warehouse supplies,PAID
INV-2026-001967,V0050,Keystone Trading Corporation,2026-01-13,2026-02-12,EUR,14021.69,2103.25,16124.95,PO-44543,IT,Maintenance services,REVIEW
INV-2026-000125,V0054,Jade Industries Limited,2026-01-14,2026-02-28,EUR,7554.35,755.44,8309.79,PO-59140,FIN,Cloud infrastructure services,PAID
INV-2026-000267,V0080,Vertex Textiles Corporation,2026-01-14,2026-02-13,USD,9754.03,0.0,9754.03,OPEX-83607,LOG,Training services,REVIEW
INV-2026-000502,V0017,Delta Pharma Limited,2026-01-14,2026-03-15,LKR,860772.34,129115.85,989888.19,PO-75860,OPS,Maintenance services,OPEN
INV-2026-000851,V0051,Nova Systems Corporation,2026-01-14,2026-02-13,USD,2160.95,388.97,2549.92,OPEX-64484,MKT,Packaging materials,PAID
INV-2026-000918,V0084,Harbor Industries Limited,2026-01-14,2026-02-13,USD,16905.51,1690.55,18596.06,CAPEX-25953,PROC,Data services,REVIEW
INV-2026-001067,V0035,Global Engineering Limited,2026-01-14,2026-02-13,GBP,15577.26,2803.91,18381.17,OPEX-70003,FIN,Packaging materials,PAID
INV-2026-001277,V0030,Orbit Pharma Corporation,2026-01-14,2026-03-15,EUR,6698.69,0.0,6698.69,CAPEX-42949,HR,Warehouse supplies,PAID
INV-2026-001315,V0068,Harbor Supplies Limited,2026-01-14,2026-03-15,USD,13224.85,1983.73,15208.58,OPEX-51541,OPS,Professional consulting,REVIEW
INV-2026-000097,V0077,Pioneer Packaging Limited,2026-01-15,2026-01-30,USD,6112.22,0.0,6112.22,PR-43491,OPS,Network equipment,PAID
INV-2026-000329,V0069,Keystone Technologies Incorporated,2026-01-15,2026-02-14,EUR,16948.52,1694.85,18643.37,CAPEX-32768,FIN,Professional consulting,REVIEW
INV-2026-000532,V0019,Titan Foods Incorporated,2026-01-15,2026-02-14,LKR,800033.01,120004.95,920037.96,OPEX-33803,FIN,Office equipment,PAID
INV-2026-001043,V0022,Crescent Supplies Limited,2026-01-15,2026-01-30,USD,19486.28,0.0,19486.28,PO-25380,LOG,Training services,PAID
INV-2026-001070,V0074,Crescent Supplies Corporation,2026-01-15,2026-01-30,GBP,5802.72,580.27,6382.99,PO-65572,PROC,Data services,OPEN
INV-2026-001288,V0032,Keystone Logistics Limited,2026-01-15,2026-01-30,USD,2639.11,0.0,2639.11,CAPEX-15730,OPS,Network equipment,PAID
INV-2026-001591,V0088,Unity Technologies Limited,2026-01-15,2026-03-16,LKR,107224.27,0.0,107224.27,CAPEX-87000,PROC,Security services,REVIEW
INV-2026-001612,V0073,Crescent Logistics Corporation,2026-01-15,2026-03-01,LKR,1144735.69,0.0,1144735.69,PO-83877,LOG,Software licensing,REVIEW
INV-2026-001960,V0009,Orbit Consulting Limited,2026-01-15,2026-01-30,LKR,1959809.83,195980.98,2155790.82,PR-19837,IT,Training services,PAID
INV-2026-000159,V0089,Pioneer Supplies Limited,2026-01-16,2026-02-15,USD,8382.56,838.26,9220.82,PR-54589,LOG,Freight and logistics,REVIEW
INV-2026-000672,V0036,Unity Packaging Corporation,2026-01-16,2026-03-02,USD,6733.18,0.0,6733.18,CAPEX-44690,FIN,Packaging materials,PAID
INV-2026-000931,V0006,Crescent Industries Limited,2026-01-16,2026-02-15,USD,11740.3,1761.05,13501.35,CAPEX-50788,LOG,Data services,PAID
INV-2026-001032,V0040,Summit Textiles Incorporated,2026-01-16,2026-03-17,EUR,3894.37,389.44,4283.81,OPEX-51896,MKT,Network equipment,REVIEW
INV-2026-001037,V0049,Seacrest Consulting Incorporated,2026-01-16,2026-02-15,USD,16578.35,0.0,16578.35,PR-16889,MKT,Freight and logistics,PAID
INV-2026-001092,V0062,Vertex Packaging Incorporated,2026-01-16,2026-03-17,USD,12920.2,1033.62,13953.81,PO-45290,OPS,Office equipment,PAID
INV-2026-001281,V0043,Silverline Logistics Limited,2026-01-16,2026-02-15,USD,1569.49,235.42,1804.91,PO-55330,IT,Maintenance services,PAID
INV-2026-001363,V0030,Orbit Pharma Corporation,2026-01-16,2026-03-02,USD,8307.75,1495.39,9803.14,CAPEX-29741,IT,Network equipment,PAID
INV-2026-001391,V0082,Redwood Logistics Incorporated,2026-01-16,2026-02-15,USD,17174.86,1373.99,18548.85,PR-95865,LOG,Warehouse supplies,REVIEW
INV-2026-001650,V0009,Orbit Consulting Limited,2026-01-16,2026-01-31,USD,6963.16,1253.37,8216.53,PO-91244,MKT,Maintenance services,PAID
INV-2026-001671,V0038,Insight Services Limited,2026-01-16,2026-02-15,EUR,16001.11,1280.09,17281.2,PR-59284,HR,Warehouse supplies,PAID
INV-2026-001739,V0053,Pioneer Trading Incorporated,2026-01-16,2026-03-02,USD,17428.89,1742.89,19171.78,PO-35245,PROC,Warehouse supplies,PAID
INV-2026-001757,V0073,Crescent Logistics Corporation,2026-01-16,2026-01-31,USD,6831.61,1024.74,7856.35,CAPEX-47249,HR,Professional consulting,REVIEW
INV-2026-000608,V0071,Harbor Technologies Limited,2026-01-17,2026-02-16,USD,2794.77,503.06,3297.83,CAPEX-53150,LOG,Maintenance services,PAID
INV-2026-000634,V0004,Delta Solutions Incorporated,2026-01-17,2026-03-03,USD,7106.64,710.66,7817.31,PR-46996,MKT,Network equipment,REVIEW
INV-2026-000687,V0076,Royal Services Incorporated,2026-01-17,2026-02-01,USD,10003.21,1500.48,11503.69,PR-18271,MKT,Professional consulting,REVIEW
INV-2026-000719,V0087,Orbit Trading Limited,2026-01-17,2026-02-16,USD,1855.7,185.57,2041.27,PR-47797,IT,Software licensing,PAID
INV-2026-000722,V0025,Lanka Foods Limited,2026-01-17,2026-02-01,LKR,1608928.48,241339.27,1850267.75,CAPEX-63961,LOG,Network equipment,REVIEW
INV-2026-000755,V0006,Crescent Industries Limited,2026-01-17,2026-02-16,GBP,324.22,0.0,324.22,PO-88878,FIN,Security services,OPEN
INV-2026-000795,V0039,Zenith Consulting Incorporated,2026-01-17,2026-03-03,USD,13472.84,0.0,13472.84,OPEX-28423,FIN,Software licensing,PAID
INV-2026-000806,V0065,Pioneer Industries Incorporated,2026-01-17,2026-02-16,USD,12090.06,1813.51,13903.57,CAPEX-69409,PROC,Cloud infrastructure services,REVIEW
INV-2026-000925,V0041,Metro Foods Limited,2026-01-17,2026-02-16,USD,18392.02,1839.2,20231.22,PO-49514,LOG,Training services,PAID
INV-2026-000926,V0056,Silverline Technologies Incorporated,2026-01-17,2026-02-01,GBP,1229.1,0.0,1229.1,CAPEX-59998,HR,Software licensing,PAID
INV-2026-000983,V0025,Lanka Foods Limited,2026-01-17,2026-02-16,USD,15962.85,2873.31,18836.17,PR-31895,IT,Maintenance services,PAID
INV-2026-001513,V0040,Summit Textiles Incorporated,2026-01-17,2026-03-03,LKR,1312703.63,0.0,1312703.63,PO-95253,PROC,Maintenance services,PAID
INV-2026-001768,V0083,Metro Engineering Limited,2026-01-17,2026-03-03,GBP,16026.0,1602.6,17628.6,CAPEX-57123,HR,Cloud infrastructure services,PAID
INV-2026-001826,V0081,Nova Textiles Corporation,2026-01-17,2026-03-03,LKR,1759512.89,175951.29,1935464.18,PR-51311,MKT,Security services,PAID
INV-2026-000076,V0027,Pioneer Solutions Incorporated,2026-01-18,2026-03-19,USD,11777.3,0.0,11777.3,CAPEX-29340,MKT,Security services,PAID
INV-2026-000576,V0002,Zenith Consulting Limited,2026-01-18,2026-03-04,GBP,5513.65,992.46,6506.11,CAPEX-24141,IT,Office equipment,OPEN
INV-2026-000743,V0064,Redwood Textiles Limited,2026-01-18,2026-03-19,GBP,7311.78,731.18,8042.96,OPEX-43804,PROC,Training services,PAID
INV-2026-000987,V0006,Crescent Industries Limited,2026-01-18,2026-02-17,USD,6114.5,917.18,7031.68,OPEX-23344,PROC,Data services,OPEN
INV-2026-001278,V0046,Metro Holdings Incorporated,2026-01-18,2026-02-17,USD,1606.57,240.99,1847.55,PR-77863,LOG,Data services,PAID
INV-2026-001374,V0021,Vertex Supplies Corporation,2026-01-18,2026-02-17,GBP,11236.02,0.0,11236.02,CAPEX-92420,IT,Professional consulting,PAID
INV-2026-001660,V0014,Delta Foods Corporation,2026-01-18,2026-02-17,GBP,9596.8,767.74,10364.55,PR-40821,LOG,Packaging materials,REVIEW
INV-2026-000060,V0021,Vertex Supplies Corporation,2026-01-19,2026-03-05,USD,19754.52,1580.36,21334.88,OPEX-42780,HR,Office equipment,REVIEW
INV-2026-000082,V0057,Keystone Packaging Limited,2026-01-19,2026-02-03,USD,12212.95,0.0,12212.95,PR-46046,LOG,Training services,REVIEW
INV-2026-000147,V0018,Royal Networks Incorporated,2026-01-19,2026-03-05,USD,17985.74,1798.57,19784.31,PO-99381,MKT,Network equipment,PAID
INV-2026-000295,V0061,Silverline Services Limited,2026-01-19,2026-02-03,EUR,1462.55,117.0,1579.55,PR-15220,IT,Maintenance services,REVIEW
INV-2026-000334,V0047,Insight Technologies Incorporated,2026-01-19,2026-02-18,GBP,18845.43,1884.54,20729.98,PO-54113,OPS,Network equipment,PAID
INV-2026-000343,V0014,Delta Foods Corporation,2026-01-19,2026-02-18,USD,17772.07,0.0,17772.07,PO-81702,IT,Network equipment,PAID
INV-2026-000452,V0071,Harbor Technologies Limited,2026-01-19,2026-02-18,GBP,1459.17,0.0,1459.17,PR-86099,HR,Network equipment,PAID
INV-2026-001114,V0019,Titan Foods Incorporated,2026-01-19,2026-03-05,USD,9165.88,1649.86,10815.74,OPEX-23137,PROC,Data services,PAID
INV-2026-001337,V0087,Orbit Trading Limited,2026-01-19,2026-02-18,USD,8735.55,1572.4,10307.95,CAPEX-34955,MKT,Data services,PAID
INV-2026-001985,V0023,Metro Consulting Corporation,2026-01-19,2026-03-20,USD,6628.56,662.86,7291.42,OPEX-87879,IT,Data services,OPEN
INV-2026-000103,V0022,Crescent Supplies Limited,2026-01-20,2026-03-21,GBP,2386.85,358.03,2744.88,PR-55793,OPS,Warehouse supplies,OPEN
INV-2026-000302,V0081,Nova Textiles Corporation,2026-01-20,2026-03-06,USD,10274.34,0.0,10274.34,OPEX-84302,FIN,Network equipment,PAID
INV-2026-000313,V0051,Nova Systems Corporation,2026-01-20,2026-03-21,EUR,1358.18,244.47,1602.66,PR-41034,OPS,Office equipment,PAID
INV-2026-000431,V0088,Unity Technologies Limited,2026-01-20,2026-02-19,USD,14733.38,0.0,14733.38,OPEX-15326,HR,Office equipment,REVIEW
INV-2026-000458,V0010,Silverline Systems Incorporated,2026-01-20,2026-02-04,LKR,1026677.16,0.0,1026677.16,OPEX-87337,FIN,Cloud infrastructure services,PAID
INV-2026-000910,V0084,Harbor Industries Limited,2026-01-20,2026-03-21,USD,17864.34,3215.58,21079.92,OPEX-98112,IT,Network equipment,PAID
INV-2026-001061,V0032,Keystone Logistics Limited,2026-01-20,2026-02-19,USD,10685.63,1923.41,12609.04,OPEX-18645,OPS,Training services,PAID
INV-2026-001309,V0014,Delta Foods Corporation,2026-01-20,2026-03-21,USD,2370.07,0.0,2370.07,PR-36744,OPS,Security services,REVIEW
INV-2026-001318,V0065,Pioneer Industries Incorporated,2026-01-20,2026-02-19,GBP,9744.99,0.0,9744.99,OPEX-64899,FIN,Security services,PAID
INV-2026-001336,V0029,Zenith Supplies Limited,2026-01-20,2026-02-19,USD,10200.36,816.03,11016.38,OPEX-92657,PROC,Data services,PAID
INV-2026-001641,V0012,Evergreen Industries Corporation,2026-01-20,2026-02-04,GBP,387.33,30.99,418.32,PO-30479,LOG,Training services,PAID
INV-2026-001775,V0078,Northstar Packaging Corporation,2026-01-20,2026-02-04,LKR,225482.85,0.0,225482.85,PO-70625,LOG,Network equipment,REVIEW
INV-2026-001925,V0005,Nova Logistics Limited,2026-01-20,2026-02-04,LKR,1233453.46,185018.02,1418471.47,OPEX-52918,HR,Software licensing,REVIEW
INV-2026-000114,V0043,Silverline Logistics Limited,2026-01-21,2026-03-22,GBP,2931.6,234.53,3166.12,CAPEX-95990,PROC,Training services,REVIEW
INV-2026-000154,V0037,Seacrest Holdings Limited,2026-01-21,2026-02-20,USD,12744.93,1911.74,14656.68,CAPEX-26406,PROC,Office equipment,REVIEW
INV-2026-000234,V0018,Royal Networks Incorporated,2026-01-21,2026-03-22,GBP,19489.55,0.0,19489.55,PO-67290,FIN,Software licensing,PAID
INV-2026-000353,V0039,Zenith Consulting Incorporated,2026-01-21,2026-03-07,LKR,1435753.76,215363.06,1651116.82,PR-25765,MKT,Packaging materials,PAID
INV-2026-000588,V0046,Metro Holdings Incorporated,2026-01-21,2026-03-07,USD,10106.21,1515.93,11622.14,OPEX-95140,OPS,Freight and logistics,REVIEW
INV-2026-000652,V0062,Vertex Packaging Incorporated,2026-01-21,2026-02-20,GBP,14658.11,1172.65,15830.76,OPEX-77757,IT,Data services,REVIEW
INV-2026-001134,V0019,Titan Foods Incorporated,2026-01-21,2026-02-20,USD,368.06,36.81,404.86,PR-33910,HR,Warehouse supplies,REVIEW
INV-2026-001185,V0070,Royal Supplies Incorporated,2026-01-21,2026-03-22,USD,622.76,112.1,734.86,PR-69468,PROC,Training services,REVIEW
INV-2026-001314,V0049,Seacrest Consulting Incorporated,2026-01-21,2026-02-05,USD,11360.2,1704.03,13064.23,OPEX-80643,PROC,Software licensing,PAID
INV-2026-001413,V0040,Summit Textiles Incorporated,2026-01-21,2026-02-20,USD,17172.31,1717.23,18889.54,PO-42077,FIN,Training services,PAID
INV-2026-001643,V0026,Vertex Consulting Incorporated,2026-01-21,2026-02-20,USD,14398.9,0.0,14398.9,PO-66750,MKT,Training services,PAID
INV-2026-001646,V0001,Unity Trading Limited,2026-01-21,2026-02-20,USD,5353.64,803.05,6156.69,PR-26254,PROC,Software licensing,PAID
INV-2026-001898,V0070,Royal Supplies Incorporated,2026-01-21,2026-02-20,USD,3392.94,271.43,3664.37,CAPEX-13926,IT,Cloud infrastructure services,PAID
INV-2026-001970,V0070,Royal Supplies Incorporated,2026-01-21,2026-03-07,USD,4193.75,0.0,4193.75,PO-20301,LOG,Freight and logistics,PAID
INV-2026-000031,V0039,Zenith Consulting Incorporated,2026-01-22,2026-02-21,USD,11214.49,1121.45,12335.94,PR-78494,HR,Packaging materials,PAID
INV-2026-000094,V0077,Pioneer Packaging Limited,2026-01-22,2026-02-06,USD,3249.31,487.4,3736.71,PO-98338,IT,Office equipment,OPEN
INV-2026-000131,V0086,Orbit Supplies Limited,2026-01-22,2026-03-23,USD,1465.46,219.82,1685.28,PO-61177,MKT,Packaging materials,REVIEW
INV-2026-000237,V0049,Seacrest Consulting Incorporated,2026-01-22,2026-03-23,USD,15985.34,2877.36,18862.7,PO-20752,OPS,Freight and logistics,PAID
INV-2026-000902,V0058,Harbor Logistics Limited,2026-01-22,2026-03-23,USD,15683.69,0.0,15683.69,CAPEX-80836,FIN,Professional consulting,PAID
INV-2026-001053,V0005,Nova Logistics Limited,2026-01-22,2026-02-06,EUR,6055.73,908.36,6964.09,PR-65450,PROC,Cloud infrastructure services,PAID
INV-2026-001163,V0023,Metro Consulting Corporation,2026-01-22,2026-02-21,USD,5565.24,0.0,5565.24,CAPEX-69168,MKT,Maintenance services,PAID
INV-2026-001222,V0071,Harbor Technologies Limited,2026-01-22,2026-02-21,USD,4335.87,433.59,4769.46,OPEX-76574,OPS,Cloud infrastructure services,PAID
INV-2026-001355,V0035,Global Engineering Limited,2026-01-22,2026-02-06,USD,10149.65,1826.94,11976.59,OPEX-12641,IT,Warehouse supplies,REVIEW
INV-2026-001442,V0045,Nova Solutions Corporation,2026-01-22,2026-02-21,GBP,19699.19,1575.94,21275.12,CAPEX-48249,MKT,Network equipment,REVIEW
INV-2026-001889,V0014,Delta Foods Corporation,2026-01-22,2026-02-21,USD,1575.47,157.55,1733.02,PO-66966,FIN,Warehouse supplies,PAID
INV-2026-000287,V0050,Keystone Trading Corporation,2026-01-23,2026-02-07,USD,6349.43,507.95,6857.38,PR-60164,MKT,Freight and logistics,PAID
INV-2026-000325,V0008,Global Textiles Limited,2026-01-23,2026-02-22,USD,2848.25,0.0,2848.25,PR-92674,MKT,Data services,PAID
INV-2026-000347,V0055,Lanka Systems Incorporated,2026-01-23,2026-02-22,LKR,1332489.95,199873.49,1532363.44,OPEX-36171,IT,Cloud infrastructure services,REVIEW
INV-2026-000384,V0063,Fusion Consulting Incorporated,2026-01-23,2026-02-22,EUR,8742.18,874.22,9616.4,OPEX-66233,HR,Maintenance services,REVIEW
INV-2026-000397,V0002,Zenith Consulting Limited,2026-01-23,2026-02-07,LKR,1158951.71,115895.17,1274846.88,PR-21807,MKT,Data services,REVIEW
INV-2026-000490,V0021,Vertex Supplies Corporation,2026-01-23,2026-02-22,LKR,813881.54,146498.68,960380.21,OPEX-63143,LOG,Professional consulting,PAID
INV-2026-000578,V0069,Keystone Technologies Incorporated,2026-01-23,2026-02-22,USD,10072.94,1007.29,11080.23,PO-15210,FIN,Data services,PAID
INV-2026-000653,V0079,Global Trading Limited,2026-01-23,2026-02-22,USD,12657.58,2278.36,14935.94,PO-99662,PROC,Data services,PAID
INV-2026-000849,V0025,Lanka Foods Limited,2026-01-23,2026-02-22,LKR,940265.47,94026.55,1034292.02,OPEX-12859,IT,Freight and logistics,OPEN
INV-2026-001340,V0082,Redwood Logistics Incorporated,2026-01-23,2026-03-24,LKR,1453485.11,0.0,1453485.11,PO-66927,IT,Packaging materials,OPEN
INV-2026-001720,V0063,Fusion Consulting Incorporated,2026-01-23,2026-03-09,USD,10929.45,0.0,10929.45,PR-92745,IT,Packaging materials,PAID
INV-2026-000065,V0017,Delta Pharma Limited,2026-01-24,2026-02-23,USD,14979.92,0.0,14979.92,PR-27322,MKT,Data services,OPEN
INV-2026-000278,V0082,Redwood Logistics Incorporated,2026-01-24,2026-03-10,EUR,15026.07,2704.69,17730.76,CAPEX-69597,HR,Network equipment,REVIEW
INV-2026-001138,V0035,Global Engineering Limited,2026-01-24,2026-03-25,USD,19561.17,0.0,19561.17,PR-62481,LOG,Cloud infrastructure services,PAID
INV-2026-001158,V0086,Orbit Supplies Limited,2026-01-24,2026-02-23,USD,9433.56,1415.03,10848.59,OPEX-24302,IT,Freight and logistics,PAID
INV-2026-001195,V0026,Vertex Consulting Incorporated,2026-01-24,2026-02-23,GBP,11083.76,886.7,11970.46,OPEX-74985,HR,Data services,REVIEW
INV-2026-001379,V0028,Unity Systems Incorporated,2026-01-24,2026-03-25,USD,2969.47,296.95,3266.41,PO-52380,IT,Cloud infrastructure services,PAID
INV-2026-001557,V0013,Delta Solutions Corporation,2026-01-24,2026-03-10,USD,12481.38,2246.65,14728.03,PR-60160,FIN,Office equipment,OPEN
INV-2026-001760,V0021,Vertex Supplies Corporation,2026-01-24,2026-03-25,GBP,12328.95,986.32,13315.27,OPEX-26326,IT,Professional consulting,PAID
INV-2026-001807,V0064,Redwood Textiles Limited,2026-01-24,2026-02-23,USD,161.49,0.0,161.49,PO-27495,OPS,Network equipment,REVIEW
INV-2026-001924,V0076,Royal Services Incorporated,2026-01-24,2026-02-23,USD,4429.63,442.96,4872.59,CAPEX-39585,IT,Maintenance services,PAID
INV-2026-000191,V0052,Apex Consulting Incorporated,2026-01-25,2026-02-24,USD,9611.79,0.0,9611.79,PO-44181,HR,Professional consulting,PAID
INV-2026-000257,V0061,Silverline Services Limited,2026-01-25,2026-03-11,GBP,13971.65,1117.73,15089.39,PO-49356,IT,Warehouse supplies,PAID
INV-2026-000346,V0031,Pioneer Supplies Incorporated,2026-01-25,2026-02-09,USD,11486.78,1148.68,12635.46,PR-17144,OPS,Cloud infrastructure services,OPEN
INV-2026-000351,V0090,Nova Packaging Corporation,2026-01-25,2026-02-09,GBP,6954.57,1043.19,7997.76,OPEX-87296,FIN,Data services,REVIEW
INV-2026-000517,V0014,Delta Foods Corporation,2026-01-25,2026-02-09,USD,11022.86,0.0,11022.86,OPEX-78679,MKT,Software licensing,REVIEW
INV-2026-000632,V0060,Zenith Packaging Limited,2026-01-25,2026-03-11,USD,13727.42,2470.94,16198.36,OPEX-71675,FIN,Professional consulting,PAID
INV-2026-000747,V0024,Unity Foods Limited,2026-01-25,2026-03-26,LKR,355093.44,28407.48,383500.92,CAPEX-99780,MKT,Office equipment,PAID
INV-2026-000829,V0064,Redwood Textiles Limited,2026-01-25,2026-02-24,USD,5771.51,1038.87,6810.38,PO-61664,OPS,Security services,REVIEW
INV-2026-001256,V0067,Unity Foods Corporation,2026-01-25,2026-02-24,USD,2179.71,0.0,2179.71,OPEX-61211,IT,Software licensing,OPEN
INV-2026-001273,V0081,Nova Textiles Corporation,2026-01-25,2026-02-24,USD,16222.98,0.0,16222.98,CAPEX-63480,LOG,Data services,REVIEW
INV-2026-001332,V0019,Titan Foods Incorporated,2026-01-25,2026-02-24,EUR,16795.15,0.0,16795.15,PO-88432,IT,Data services,PAID
INV-2026-001582,V0045,Nova Solutions Corporation,2026-01-25,2026-02-24,EUR,7558.47,0.0,7558.47,OPEX-33264,LOG,Freight and logistics,PAID
INV-2026-001657,V0028,Unity Systems Incorporated,2026-01-25,2026-02-09,USD,9509.09,760.73,10269.82,CAPEX-35920,IT,Packaging materials,PAID
INV-2026-001834,V0047,Insight Technologies Incorporated,2026-01-25,2026-02-24,USD,19957.96,3592.43,23550.39,PO-19991,FIN,Software licensing,REVIEW
INV-2026-000056,V0056,Silverline Technologies Incorporated,2026-01-26,2026-02-10,USD,3427.33,274.19,3701.52,PO-16028,OPS,Cloud infrastructure services,OPEN
INV-2026-000084,V0056,Silverline Technologies Incorporated,2026-01-26,2026-02-10,LKR,1318058.09,197708.71,1515766.8,PR-66370,HR,Professional consulting,REVIEW
INV-2026-000126,V0041,Metro Foods Limited,2026-01-26,2026-02-25,LKR,313447.38,0.0,313447.38,CAPEX-71925,PROC,Freight and logistics,PAID
INV-2026-000345,V0007,Quantum Technologies Incorporated,2026-01-26,2026-02-25,USD,19491.04,1949.1,21440.14,CAPEX-96585,OPS,Office equipment,PAID
INV-2026-000398,V0010,Silverline Systems Incorporated,2026-01-26,2026-02-25,GBP,4715.47,377.24,5092.7,CAPEX-70853,IT,Software licensing,REVIEW
INV-2026-000709,V0090,Nova Packaging Corporation,2026-01-26,2026-03-12,USD,4901.37,735.21,5636.57,PO-63296,FIN,Freight and logistics,PAID
INV-2026-000896,V0015,Titan Consulting Limited,2026-01-26,2026-03-27,USD,5792.79,0.0,5792.79,CAPEX-21747,FIN,Office equipment,PAID
INV-2026-001024,V0085,Royal Holdings Limited,2026-01-26,2026-03-12,USD,12190.62,2194.31,14384.93,PR-78164,LOG,Warehouse supplies,REVIEW
INV-2026-001146,V0065,Pioneer Industries Incorporated,2026-01-26,2026-03-27,LKR,1555743.87,0.0,1555743.87,OPEX-72515,LOG,Cloud infrastructure services,PAID
INV-2026-001260,V0038,Insight Services Limited,2026-01-26,2026-03-27,USD,7422.71,593.82,8016.52,OPEX-60570,PROC,Software licensing,PAID
INV-2026-001550,V0083,Metro Engineering Limited,2026-01-26,2026-03-27,USD,2455.37,0.0,2455.37,CAPEX-86037,PROC,Warehouse supplies,PAID
INV-2026-001728,V0015,Titan Consulting Limited,2026-01-26,2026-02-25,USD,2744.14,411.62,3155.76,PO-67422,HR,Network equipment,PAID
INV-2026-001900,V0062,Vertex Packaging Incorporated,2026-01-26,2026-03-12,LKR,1791231.25,322421.62,2113652.87,CAPEX-17503,MKT,Training services,PAID
INV-2026-000411,V0003,Harbor Services Incorporated,2026-01-27,2026-03-13,USD,832.34,124.85,957.19,PO-21913,MKT,Security services,PAID
INV-2026-000427,V0058,Harbor Logistics Limited,2026-01-27,2026-03-28,LKR,1359163.88,203874.58,1563038.46,PR-94819,LOG,Maintenance services,PAID
INV-2026-000764,V0063,Fusion Consulting Incorporated,2026-01-27,2026-03-13,USD,10510.53,1891.9,12402.42,PO-25626,FIN,Maintenance services,REVIEW
INV-2026-000964,V0022,Crescent Supplies Limited,2026-01-27,2026-03-28,USD,757.34,136.32,893.66,OPEX-13517,FIN,Professional consulting,PAID
INV-2026-000981,V0083,Metro Engineering Limited,2026-01-27,2026-03-13,GBP,6249.49,0.0,6249.49,PO-16378,MKT,Maintenance services,OPEN
INV-2026-001210,V0080,Vertex Textiles Corporation,2026-01-27,2026-02-11,USD,1070.94,0.0,1070.94,PR-23780,OPS,Warehouse supplies,PAID
INV-2026-001269,V0031,Pioneer Supplies Incorporated,2026-01-27,2026-02-26,GBP,17862.36,1786.24,19648.6,PO-18116,LOG,Office equipment,PAID
INV-2026-001292,V0065,Pioneer Industries Incorporated,2026-01-27,2026-02-11,USD,18020.46,3243.68,21264.14,OPEX-46671,IT,Professional consulting,PAID
INV-2026-001353,V0068,Harbor Supplies Limited,2026-01-27,2026-03-28,USD,15851.91,0.0,15851.91,PR-47105,OPS,Cloud infrastructure services,OPEN
INV-2026-001366,V0011,Nova Engineering Corporation,2026-01-27,2026-03-13,GBP,1660.79,0.0,1660.79,PO-31245,LOG,Warehouse supplies,REVIEW
INV-2026-001377,V0073,Crescent Logistics Corporation,2026-01-27,2026-02-26,LKR,1056577.66,190183.98,1246761.64,OPEX-53274,LOG,Security services,PAID
INV-2026-001483,V0061,Silverline Services Limited,2026-01-27,2026-02-26,EUR,4300.6,774.11,5074.71,PR-52436,FIN,Professional consulting,REVIEW
INV-2026-001590,V0063,Fusion Consulting Incorporated,2026-01-27,2026-02-26,EUR,9744.0,974.4,10718.4,CAPEX-75223,MKT,Office equipment,PAID
INV-2026-001840,V0056,Silverline Technologies Incorporated,2026-01-27,2026-03-28,LKR,1628323.63,0.0,1628323.63,PR-34922,LOG,Training services,PAID
INV-2026-000017,V0063,Fusion Consulting Incorporated,2026-01-28,2026-03-14,USD,12755.43,1275.54,14030.98,PR-67080,FIN,Warehouse supplies,PAID
INV-2026-000069,V0048,Zenith Trading Incorporated,2026-01-28,2026-02-27,USD,617.49,92.62,710.11,CAPEX-89964,FIN,Training services,PAID
INV-2026-000416,V0053,Pioneer Trading Incorporated,2026-01-28,2026-02-27,EUR,4014.92,0.0,4014.92,OPEX-38257,HR,Professional consulting,PAID
INV-2026-000417,V0044,Evergreen Systems Incorporated,2026-01-28,2026-03-14,USD,18541.34,3337.44,21878.78,PO-69048,HR,Training services,REVIEW
INV-2026-000425,V0067,Unity Foods Corporation,2026-01-28,2026-02-12,USD,3009.1,541.64,3550.73,PO-36201,OPS,Freight and logistics,PAID
INV-2026-000493,V0065,Pioneer Industries Incorporated,2026-01-28,2026-03-29,USD,10123.0,809.84,10932.84,PO-77277,OPS,Data services,PAID
INV-2026-000540,V0069,Keystone Technologies Incorporated,2026-01-28,2026-02-27,USD,4745.57,711.84,5457.41,CAPEX-67503,PROC,Professional consulting,PAID
INV-2026-000553,V0054,Jade Industries Limited,2026-01-28,2026-03-29,USD,13528.91,2435.2,15964.12,OPEX-23644,FIN,Freight and logistics,PAID
INV-2026-000798,V0019,Titan Foods Incorporated,2026-01-28,2026-02-27,USD,19402.08,1940.21,21342.29,OPEX-43332,MKT,Security services,PAID
INV-2026-000863,V0015,Titan Consulting Limited,2026-01-28,2026-03-29,EUR,15669.27,0.0,15669.27,PO-76493,IT,Freight and logistics,PAID
INV-2026-000984,V0066,Jade Pharma Incorporated,2026-01-28,2026-02-27,USD,11293.64,0.0,11293.64,PR-81002,HR,Maintenance services,PAID
INV-2026-001011,V0012,Evergreen Industries Corporation,2026-01-28,2026-03-29,LKR,1600129.54,0.0,1600129.54,CAPEX-37462,PROC,Maintenance services,REVIEW
INV-2026-001016,V0080,Vertex Textiles Corporation,2026-01-28,2026-02-27,USD,5947.34,594.73,6542.07,PO-46275,IT,Network equipment,PAID
INV-2026-001133,V0090,Nova Packaging Corporation,2026-01-28,2026-03-29,USD,9599.31,1439.9,11039.21,PR-13956,FIN,Network equipment,REVIEW
INV-2026-001141,V0035,Global Engineering Limited,2026-01-28,2026-02-12,USD,7330.51,586.44,7916.95,PO-41395,OPS,Freight and logistics,REVIEW
INV-2026-001142,V0070,Royal Supplies Incorporated,2026-01-28,2026-02-12,USD,11990.56,959.24,12949.81,PR-82311,FIN,Training services,PAID
INV-2026-001252,V0035,Global Engineering Limited,2026-01-28,2026-02-27,EUR,2056.29,164.5,2220.8,OPEX-53425,MKT,Cloud infrastructure services,REVIEW
INV-2026-001299,V0008,Global Textiles Limited,2026-01-28,2026-03-29,USD,19055.18,3429.93,22485.11,CAPEX-80092,HR,Maintenance services,REVIEW
INV-2026-001361,V0073,Crescent Logistics Corporation,2026-01-28,2026-02-27,USD,2978.17,536.07,3514.24,PO-22502,LOG,Freight and logistics,REVIEW
INV-2026-001447,V0081,Nova Textiles Corporation,2026-01-28,2026-02-27,EUR,10768.27,1076.83,11845.09,PR-62948,HR,Packaging materials,REVIEW
INV-2026-001604,V0062,Vertex Packaging Incorporated,2026-01-28,2026-02-12,USD,876.06,87.61,963.67,PR-20958,MKT,Warehouse supplies,REVIEW
INV-2026-001640,V0017,Delta Pharma Limited,2026-01-28,2026-02-27,USD,3640.89,0.0,3640.89,PR-84961,MKT,Professional consulting,PAID
INV-2026-001872,V0073,Crescent Logistics Corporation,2026-01-28,2026-02-27,USD,5131.72,0.0,5131.72,PR-92250,HR,Data services,PAID
INV-2026-001931,V0037,Seacrest Holdings Limited,2026-01-28,2026-03-29,USD,4609.78,460.98,5070.76,OPEX-54951,MKT,Cloud infrastructure services,PAID
INV-2026-000096,V0056,Silverline Technologies Incorporated,2026-01-29,2026-02-28,GBP,13608.31,1360.83,14969.14,CAPEX-15952,FIN,Maintenance services,REVIEW
INV-2026-000357,V0054,Jade Industries Limited,2026-01-29,2026-03-15,USD,3066.21,459.93,3526.14,PO-23845,LOG,Software licensing,PAID
INV-2026-000572,V0011,Nova Engineering Corporation,2026-01-29,2026-02-13,USD,18984.95,0.0,18984.95,CAPEX-11800,OPS,Warehouse supplies,PAID
INV-2026-000596,V0065,Pioneer Industries Incorporated,2026-01-29,2026-02-28,LKR,1181259.25,212626.66,1393885.91,PR-61520,HR,Network equipment,PAID
INV-2026-001136,V0037,Seacrest Holdings Limited,2026-01-29,2026-02-28,USD,17637.4,0.0,17637.4,PR-75967,FIN,Cloud infrastructure services,PAID
INV-2026-001779,V0023,Metro Consulting Corporation,2026-01-29,2026-02-28,USD,12845.91,0.0,12845.91,PO-59469,FIN,Cloud infrastructure services,PAID
INV-2026-001867,V0053,Pioneer Trading Incorporated,2026-01-29,2026-02-28,USD,5754.91,0.0,5754.91,OPEX-11804,HR,Data services,OPEN
INV-2026-000013,V0086,Orbit Supplies Limited,2026-01-30,2026-03-31,USD,9364.88,749.19,10114.07,CAPEX-31992,LOG,Security services,REVIEW
INV-2026-000256,V0011,Nova Engineering Corporation,2026-01-30,2026-03-01,USD,6320.38,632.04,6952.42,PR-78303,HR,Network equipment,PAID
INV-2026-000299,V0056,Silverline Technologies Incorporated,2026-01-30,2026-03-16,EUR,12223.59,977.89,13201.48,PR-25655,IT,Warehouse supplies,REVIEW
INV-2026-000392,V0007,Quantum Technologies Incorporated,2026-01-30,2026-03-16,USD,7679.44,1151.92,8831.36,CAPEX-72180,PROC,Freight and logistics,OPEN
INV-2026-000401,V0024,Unity Foods Limited,2026-01-30,2026-03-16,USD,19250.72,1540.06,20790.78,OPEX-72684,MKT,Maintenance services,PAID
INV-2026-000414,V0058,Harbor Logistics Limited,2026-01-30,2026-02-14,LKR,1326347.75,0.0,1326347.75,CAPEX-56548,MKT,Training services,PAID
INV-2026-000437,V0002,Zenith Consulting Limited,2026-01-30,2026-03-01,USD,4898.12,881.66,5779.78,PR-15226,PROC,Network equipment,OPEN
INV-2026-000438,V0049,Seacrest Consulting Incorporated,2026-01-30,2026-03-16,USD,10859.92,868.79,11728.71,PO-77746,MKT,Network equipment,PAID
INV-2026-000716,V0070,Royal Supplies Incorporated,2026-01-30,2026-03-16,GBP,18790.26,2818.54,21608.8,PR-39548,OPS,Network equipment,PAID
INV-2026-001088,V0036,Unity Packaging Corporation,2026-01-30,2026-03-01,GBP,5037.4,503.74,5541.15,PR-72114,PROC,Software licensing,PAID
INV-2026-001345,V0085,Royal Holdings Limited,2026-01-30,2026-03-01,GBP,8034.02,0.0,8034.02,OPEX-74117,LOG,Maintenance services,REVIEW
INV-2026-001434,V0056,Silverline Technologies Incorporated,2026-01-30,2026-03-01,EUR,5308.2,424.66,5732.85,PR-16400,OPS,Security services,PAID
INV-2026-001831,V0037,Seacrest Holdings Limited,2026-01-30,2026-03-01,USD,11267.8,901.42,12169.23,PR-81442,PROC,Professional consulting,PAID
INV-2026-000047,V0060,Zenith Packaging Limited,2026-01-31,2026-03-02,USD,18661.14,1492.89,20154.03,CAPEX-64459,MKT,Packaging materials,REVIEW
INV-2026-000194,V0040,Summit Textiles Incorporated,2026-01-31,2026-03-02,USD,12338.75,0.0,12338.75,PR-72676,FIN,Packaging materials,PAID
INV-2026-000301,V0035,Global Engineering Limited,2026-01-31,2026-02-15,USD,16165.3,1293.22,17458.53,PO-44465,PROC,Security services,PAID
INV-2026-000585,V0069,Keystone Technologies Incorporated,2026-01-31,2026-03-02,USD,16809.71,0.0,16809.71,PO-51771,HR,Maintenance services,PAID
INV-2026-000744,V0061,Silverline Services Limited,2026-01-31,2026-03-02,EUR,14691.19,0.0,14691.19,CAPEX-31344,LOG,Cloud infrastructure services,REVIEW
INV-2026-000864,V0081,Nova Textiles Corporation,2026-01-31,2026-03-02,USD,3241.81,259.34,3501.15,OPEX-76308,HR,Warehouse supplies,OPEN
INV-2026-001815,V0076,Royal Services Incorporated,2026-01-31,2026-03-02,USD,19964.73,0.0,19964.73,PR-19626,OPS,Network equipment,PAID
INV-2026-001929,V0077,Pioneer Packaging Limited,2026-01-31,2026-03-17,USD,17659.75,3178.76,20838.51,PR-61348,OPS,Security services,REVIEW
INV-2026-000153,V0008,Global Textiles Limited,2026-02-01,2026-04-02,USD,6166.0,0.0,6166.0,CAPEX-39552,OPS,Data services,PAID
INV-2026-000678,V0062,Vertex Packaging Incorporated,2026-02-01,2026-04-02,EUR,18708.64,1496.69,20205.33,CAPEX-99369,OPS,Maintenance services,PAID
INV-2026-000718,V0068,Harbor Supplies Limited,2026-02-01,2026-03-18,GBP,10694.26,1604.14,12298.4,CAPEX-69241,LOG,Network equipment,OPEN
INV-2026-000742,V0061,Silverline Services Limited,2026-02-01,2026-03-03,USD,3685.92,663.47,4349.39,PR-13728,IT,Office equipment,REVIEW
INV-2026-000797,V0077,Pioneer Packaging Limited,2026-02-01,2026-03-03,USD,16666.8,3000.02,19666.83,OPEX-40924,HR,Professional consulting,OPEN
INV-2026-000827,V0019,Titan Foods Incorporated,2026-02-01,2026-03-03,USD,4170.23,333.62,4503.84,PR-32058,PROC,Data services,PAID
INV-2026-000906,V0090,Nova Packaging Corporation,2026-02-01,2026-03-03,GBP,11182.8,894.62,12077.43,OPEX-37636,LOG,Data services,REVIEW
INV-2026-000974,V0071,Harbor Technologies Limited,2026-02-01,2026-03-03,USD,15137.29,2270.59,17407.88,CAPEX-63752,HR,Freight and logistics,REVIEW
INV-2026-001036,V0065,Pioneer Industries Incorporated,2026-02-01,2026-03-03,LKR,1420381.48,142038.15,1562419.63,PR-74883,OPS,Warehouse supplies,PAID
INV-2026-001051,V0069,Keystone Technologies Incorporated,2026-02-01,2026-03-03,GBP,17964.33,0.0,17964.33,PR-10697,LOG,Packaging materials,PAID
INV-2026-001052,V0041,Metro Foods Limited,2026-02-01,2026-02-16,USD,11552.61,2079.47,13632.08,PR-21510,LOG,Office equipment,REVIEW
INV-2026-001427,V0006,Crescent Industries Limited,2026-02-01,2026-03-18,USD,7418.03,1112.7,8530.73,CAPEX-43072,HR,Network equipment,REVIEW
INV-2026-001445,V0078,Northstar Packaging Corporation,2026-02-01,2026-02-16,USD,4459.91,0.0,4459.91,CAPEX-33412,MKT,Freight and logistics,OPEN
INV-2026-001543,V0039,Zenith Consulting Incorporated,2026-02-01,2026-04-02,GBP,12247.51,0.0,12247.51,PO-54744,OPS,Cloud infrastructure services,OPEN
INV-2026-001755,V0024,Unity Foods Limited,2026-02-01,2026-03-03,LKR,1607567.08,0.0,1607567.08,PO-19211,OPS,Software licensing,PAID
INV-2026-001836,V0044,Evergreen Systems Incorporated,2026-02-01,2026-04-02,LKR,1674502.82,251175.42,1925678.24,OPEX-76948,IT,Packaging materials,REVIEW
INV-2026-001850,V0041,Metro Foods Limited,2026-02-01,2026-03-03,EUR,4340.73,0.0,4340.73,PR-16432,OPS,Office equipment,PAID
INV-2026-001922,V0041,Metro Foods Limited,2026-02-01,2026-03-18,GBP,4530.95,0.0,4530.95,PO-21804,IT,Warehouse supplies,REVIEW
INV-2026-000079,V0007,Quantum Technologies Incorporated,2026-02-02,2026-03-19,EUR,2379.35,0.0,2379.35,OPEX-68756,MKT,Network equipment,PAID
INV-2026-000337,V0038,Insight Services Limited,2026-02-02,2026-03-04,GBP,155.74,28.03,183.78,OPEX-84381,IT,Freight and logistics,PAID
INV-2026-000453,V0046,Metro Holdings Incorporated,2026-02-02,2026-03-04,USD,5788.53,0.0,5788.53,PR-51652,HR,Packaging materials,OPEN
INV-2026-000516,V0003,Harbor Services Incorporated,2026-02-02,2026-03-04,GBP,5122.74,922.09,6044.84,PO-37600,FIN,Maintenance services,REVIEW
INV-2026-000530,V0035,Global Engineering Limited,2026-02-02,2026-03-19,GBP,283.1,0.0,283.1,PR-11930,HR,Professional consulting,PAID
INV-2026-000777,V0006,Crescent Industries Limited,2026-02-02,2026-03-04,USD,16213.92,2432.09,18646.01,PO-91940,OPS,Maintenance services,PAID
INV-2026-000916,V0009,Orbit Consulting Limited,2026-02-02,2026-03-04,EUR,17126.92,2569.04,19695.96,CAPEX-35146,MKT,Training services,OPEN
INV-2026-000930,V0074,Crescent Supplies Corporation,2026-02-02,2026-04-03,USD,7185.18,718.52,7903.7,OPEX-34369,FIN,Freight and logistics,PAID
INV-2026-001033,V0087,Orbit Trading Limited,2026-02-02,2026-04-03,GBP,12080.16,0.0,12080.16,PO-61814,IT,Data services,PAID
INV-2026-001322,V0013,Delta Solutions Corporation,2026-02-02,2026-02-17,LKR,877054.23,157869.76,1034923.99,PR-19570,FIN,Data services,REVIEW
INV-2026-001523,V0026,Vertex Consulting Incorporated,2026-02-02,2026-03-04,EUR,2700.58,0.0,2700.58,PR-96403,IT,Warehouse supplies,PAID
INV-2026-001532,V0038,Insight Services Limited,2026-02-02,2026-03-04,USD,9116.99,1367.55,10484.54,PO-76155,FIN,Maintenance services,PAID
INV-2026-001663,V0089,Pioneer Supplies Limited,2026-02-02,2026-03-04,EUR,19412.16,0.0,19412.16,PO-68599,OPS,Maintenance services,PAID
INV-2026-001860,V0033,BrightPath Logistics Corporation,2026-02-02,2026-04-03,USD,16311.19,2446.68,18757.87,PO-97952,FIN,Freight and logistics,REVIEW
INV-2026-001893,V0015,Titan Consulting Limited,2026-02-02,2026-02-17,USD,14771.63,2215.74,16987.38,PO-83408,HR,Maintenance services,PAID
INV-2026-001936,V0015,Titan Consulting Limited,2026-02-02,2026-03-19,LKR,1696910.52,0.0,1696910.52,PR-17259,LOG,Professional consulting,PAID
INV-2026-001987,V0021,Vertex Supplies Corporation,2026-02-02,2026-02-17,LKR,678491.24,0.0,678491.24,PR-96810,MKT,Data services,PAID
INV-2026-000115,V0051,Nova Systems Corporation,2026-02-03,2026-04-04,GBP,18767.48,1501.4,20268.88,OPEX-94343,MKT,Network equipment,REVIEW
INV-2026-000281,V0074,Crescent Supplies Corporation,2026-02-03,2026-04-04,LKR,983542.36,78683.39,1062225.75,PO-16021,IT,Training services,PAID
INV-2026-000294,V0041,Metro Foods Limited,2026-02-03,2026-03-20,LKR,1681972.27,168197.23,1850169.5,CAPEX-81612,PROC,Freight and logistics,PAID
INV-2026-000566,V0019,Titan Foods Incorporated,2026-02-03,2026-03-05,USD,9579.99,1724.4,11304.39,PO-81847,HR,Office equipment,REVIEW
INV-2026-000623,V0067,Unity Foods Corporation,2026-02-03,2026-03-05,GBP,846.66,84.67,931.33,PO-10538,OPS,Cloud infrastructure services,PAID
INV-2026-000751,V0015,Titan Consulting Limited,2026-02-03,2026-02-18,USD,7042.41,1267.63,8310.05,CAPEX-28220,MKT,Packaging materials,PAID
INV-2026-001101,V0090,Nova Packaging Corporation,2026-02-03,2026-03-05,USD,19121.36,0.0,19121.36,PR-62100,HR,Training services,REVIEW
INV-2026-001116,V0006,Crescent Industries Limited,2026-02-03,2026-03-05,LKR,190101.2,0.0,190101.2,PO-11231,MKT,Software licensing,PAID
INV-2026-001437,V0085,Royal Holdings Limited,2026-02-03,2026-03-05,USD,9313.33,1676.4,10989.73,CAPEX-22733,FIN,Professional consulting,PAID
INV-2026-001624,V0032,Keystone Logistics Limited,2026-02-03,2026-03-20,USD,12253.92,1838.09,14092.01,PO-98629,IT,Software licensing,PAID
INV-2026-001778,V0020,Global Solutions Limited,2026-02-03,2026-03-05,LKR,1227713.98,98217.12,1325931.1,CAPEX-70608,FIN,Packaging materials,PAID
INV-2026-001886,V0026,Vertex Consulting Incorporated,2026-02-03,2026-03-05,USD,1338.15,133.82,1471.97,PR-91087,FIN,Cloud infrastructure services,PAID
INV-2026-001994,V0020,Global Solutions Limited,2026-02-03,2026-03-05,EUR,11586.87,1158.69,12745.56,PO-94319,LOG,Network equipment,REVIEW
INV-2026-000246,V0077,Pioneer Packaging Limited,2026-02-04,2026-03-06,USD,12111.84,2180.13,14291.97,PR-72784,OPS,Freight and logistics,REVIEW
INV-2026-000460,V0038,Insight Services Limited,2026-02-04,2026-03-21,EUR,10266.99,1026.7,11293.69,CAPEX-75820,IT,Training services,PAID
INV-2026-000528,V0024,Unity Foods Limited,2026-02-04,2026-03-06,USD,12781.43,1917.21,14698.64,OPEX-45669,PROC,Security services,PAID
INV-2026-000584,V0068,Harbor Supplies Limited,2026-02-04,2026-03-21,LKR,311675.98,46751.4,358427.38,PR-51614,IT,Data services,PAID
INV-2026-000950,V0011,Nova Engineering Corporation,2026-02-04,2026-02-19,USD,8956.77,716.54,9673.31,PR-86541,IT,Packaging materials,OPEN
INV-2026-001028,V0016,Zenith Holdings Incorporated,2026-02-04,2026-04-05,GBP,14541.24,0.0,14541.24,CAPEX-39334,LOG,Security services,PAID
INV-2026-001254,V0064,Redwood Textiles Limited,2026-02-04,2026-03-06,GBP,12836.6,0.0,12836.6,CAPEX-92344,OPS,Warehouse supplies,REVIEW
INV-2026-001416,V0041,Metro Foods Limited,2026-02-04,2026-03-21,LKR,671045.88,53683.67,724729.55,OPEX-88241,HR,Data services,REVIEW
INV-2026-001521,V0057,Keystone Packaging Limited,2026-02-04,2026-04-05,LKR,1282789.09,102623.13,1385412.22,OPEX-71536,OPS,Freight and logistics,PAID
INV-2026-001844,V0011,Nova Engineering Corporation,2026-02-04,2026-02-19,EUR,10467.82,0.0,10467.82,PR-72053,HR,Data services,REVIEW
INV-2026-001930,V0045,Nova Solutions Corporation,2026-02-04,2026-02-19,USD,6307.21,0.0,6307.21,PO-78938,PROC,Security services,OPEN
INV-2026-000004,V0011,Nova Engineering Corporation,2026-02-05,2026-03-07,USD,7734.74,0.0,7734.74,PR-18418,HR,Maintenance services,PAID
INV-2026-000064,V0085,Royal Holdings Limited,2026-02-05,2026-02-20,GBP,12969.25,1037.54,14006.79,OPEX-14373,LOG,Network equipment,REVIEW
INV-2026-000169,V0005,Nova Logistics Limited,2026-02-05,2026-03-07,LKR,960644.7,96064.47,1056709.17,PR-89463,LOG,Freight and logistics,PAID
INV-2026-000400,V0002,Zenith Consulting Limited,2026-02-05,2026-03-07,USD,7227.64,722.76,7950.41,CAPEX-22183,OPS,Network equipment,PAID
INV-2026-000467,V0065,Pioneer Industries Incorporated,2026-02-05,2026-03-22,USD,4692.22,703.83,5396.05,CAPEX-37723,FIN,Freight and logistics,PAID
INV-2026-001132,V0008,Global Textiles Limited,2026-02-05,2026-02-20,GBP,14114.78,1411.48,15526.26,PO-65667,OPS,Cloud infrastructure services,PAID
INV-2026-001577,V0061,Silverline Services Limited,2026-02-05,2026-03-07,USD,2025.76,162.06,2187.82,PR-66408,OPS,Packaging materials,PAID
INV-2026-001853,V0007,Quantum Technologies Incorporated,2026-02-05,2026-02-20,USD,18985.8,2847.87,21833.67,PO-24002,HR,Cloud infrastructure services,PAID
INV-2026-001932,V0076,Royal Services Incorporated,2026-02-05,2026-03-22,USD,3511.54,632.08,4143.62,PR-38257,LOG,Security services,REVIEW
INV-2026-001966,V0077,Pioneer Packaging Limited,2026-02-05,2026-03-07,USD,11162.63,0.0,11162.63,OPEX-91971,MKT,Packaging materials,OPEN
INV-2026-000130,V0031,Pioneer Supplies Incorporated,2026-02-06,2026-03-08,USD,151.1,12.09,163.19,PR-84798,HR,Freight and logistics,REVIEW
INV-2026-000212,V0039,Zenith Consulting Incorporated,2026-02-06,2026-03-23,USD,11300.23,1130.02,12430.26,PR-60910,FIN,Office equipment,REVIEW
INV-2026-000265,V0048,Zenith Trading Incorporated,2026-02-06,2026-04-07,USD,8434.59,0.0,8434.59,OPEX-65448,FIN,Packaging materials,PAID
INV-2026-000288,V0083,Metro Engineering Limited,2026-02-06,2026-02-21,EUR,11318.23,1697.73,13015.96,PR-67684,OPS,Warehouse supplies,PAID
INV-2026-000382,V0059,Seacrest Solutions Limited,2026-02-06,2026-03-08,LKR,1438445.2,0.0,1438445.2,OPEX-53598,PROC,Freight and logistics,PAID
INV-2026-000473,V0077,Pioneer Packaging Limited,2026-02-06,2026-04-07,LKR,1540792.97,231118.95,1771911.92,CAPEX-31983,PROC,Training services,PAID
INV-2026-000685,V0005,Nova Logistics Limited,2026-02-06,2026-03-23,GBP,498.97,74.85,573.82,PO-41808,PROC,Training services,OPEN
INV-2026-000822,V0056,Silverline Technologies Incorporated,2026-02-06,2026-03-08,USD,6347.8,0.0,6347.8,OPEX-46831,PROC,Network equipment,REVIEW
INV-2026-000886,V0019,Titan Foods Incorporated,2026-02-06,2026-04-07,USD,1087.18,86.97,1174.16,CAPEX-38256,FIN,Warehouse supplies,REVIEW
INV-2026-000997,V0082,Redwood Logistics Incorporated,2026-02-06,2026-03-08,USD,1944.18,291.63,2235.8,PR-40973,LOG,Software licensing,PAID
INV-2026-001148,V0084,Harbor Industries Limited,2026-02-06,2026-03-08,EUR,10384.06,1869.13,12253.19,CAPEX-68652,MKT,Freight and logistics,PAID
INV-2026-001236,V0085,Royal Holdings Limited,2026-02-06,2026-03-08,USD,734.38,110.16,844.54,OPEX-57109,FIN,Warehouse supplies,REVIEW
INV-2026-001913,V0009,Orbit Consulting Limited,2026-02-06,2026-03-23,EUR,13596.71,2447.41,16044.12,PR-78383,LOG,Training services,PAID
INV-2026-001954,V0016,Zenith Holdings Incorporated,2026-02-06,2026-04-07,EUR,8750.87,0.0,8750.87,PR-63245,LOG,Network equipment,PAID
INV-2026-000104,V0083,Metro Engineering Limited,2026-02-07,2026-03-09,USD,3031.31,0.0,3031.31,PR-88957,FIN,Training services,PAID
INV-2026-000462,V0085,Royal Holdings Limited,2026-02-07,2026-03-24,USD,923.55,92.35,1015.9,PR-18239,OPS,Network equipment,PAID
INV-2026-000486,V0012,Evergreen Industries Corporation,2026-02-07,2026-03-24,EUR,8775.3,0.0,8775.3,CAPEX-39067,OPS,Software licensing,PAID
INV-2026-000571,V0080,Vertex Textiles Corporation,2026-02-07,2026-03-24,USD,18493.36,0.0,18493.36,PR-99831,OPS,Freight and logistics,REVIEW
INV-2026-000932,V0019,Titan Foods Incorporated,2026-02-07,2026-03-24,USD,12114.19,969.14,13083.33,CAPEX-11059,LOG,Security services,PAID
INV-2026-000933,V0085,Royal Holdings Limited,2026-02-07,2026-02-22,USD,10201.3,1530.2,11731.5,PO-65320,OPS,Professional consulting,PAID
INV-2026-001126,V0036,Unity Packaging Corporation,2026-02-07,2026-02-22,USD,19896.06,0.0,19896.06,OPEX-56217,OPS,Packaging materials,REVIEW
INV-2026-001240,V0064,Redwood Textiles Limited,2026-02-07,2026-03-24,GBP,3106.53,248.52,3355.05,PR-49799,HR,Office equipment,PAID
INV-2026-001465,V0017,Delta Pharma Limited,2026-02-07,2026-04-08,USD,17199.85,1375.99,18575.84,PR-13670,MKT,Professional consulting,OPEN
INV-2026-001526,V0048,Zenith Trading Incorporated,2026-02-07,2026-04-08,GBP,18700.33,0.0,18700.33,OPEX-92821,IT,Professional consulting,REVIEW
INV-2026-001629,V0015,Titan Consulting Limited,2026-02-07,2026-03-24,USD,15142.79,0.0,15142.79,OPEX-71972,HR,Packaging materials,PAID
INV-2026-001933,V0065,Pioneer Industries Incorporated,2026-02-07,2026-02-22,USD,9091.68,727.33,9819.02,CAPEX-64823,IT,Software licensing,REVIEW
INV-2026-001955,V0070,Royal Supplies Incorporated,2026-02-07,2026-03-24,GBP,5408.85,811.33,6220.17,OPEX-85092,HR,Network equipment,PAID
INV-2026-001957,V0088,Unity Technologies Limited,2026-02-07,2026-03-09,LKR,1068796.65,160319.5,1229116.15,CAPEX-25753,OPS,Professional consulting,OPEN
INV-2026-000050,V0063,Fusion Consulting Incorporated,2026-02-08,2026-03-25,EUR,9748.71,779.9,10528.6,OPEX-69682,OPS,Professional consulting,PAID
INV-2026-000600,V0085,Royal Holdings Limited,2026-02-08,2026-03-10,LKR,310599.56,55907.92,366507.48,PO-64995,OPS,Office equipment,PAID
INV-2026-000790,V0031,Pioneer Supplies Incorporated,2026-02-08,2026-03-10,LKR,884892.85,70791.43,955684.28,PO-93090,FIN,Maintenance services,PAID
INV-2026-000824,V0063,Fusion Consulting Incorporated,2026-02-08,2026-04-09,LKR,1847634.29,332574.17,2180208.46,OPEX-16975,FIN,Freight and logistics,PAID
INV-2026-000862,V0035,Global Engineering Limited,2026-02-08,2026-04-09,EUR,13429.38,2417.29,15846.67,PO-67386,MKT,Packaging materials,PAID
INV-2026-001312,V0038,Insight Services Limited,2026-02-08,2026-04-09,USD,2231.89,0.0,2231.89,CAPEX-76951,PROC,Warehouse supplies,PAID
INV-2026-001541,V0075,Vertex Packaging Limited,2026-02-08,2026-03-10,USD,2951.08,236.09,3187.17,CAPEX-11411,PROC,Software licensing,PAID
INV-2026-001679,V0018,Royal Networks Incorporated,2026-02-08,2026-02-23,EUR,3368.03,606.25,3974.27,PR-22040,MKT,Network equipment,PAID
INV-2026-001795,V0054,Jade Industries Limited,2026-02-08,2026-03-25,EUR,11415.55,0.0,11415.55,PO-18680,FIN,Cloud infrastructure services,OPEN
INV-2026-001873,V0001,Unity Trading Limited,2026-02-08,2026-02-23,USD,15397.64,2309.65,17707.29,OPEX-84442,OPS,Cloud infrastructure services,PAID
INV-2026-001903,V0010,Silverline Systems Incorporated,2026-02-08,2026-03-10,LKR,1532376.6,229856.49,1762233.09,PO-51171,HR,Packaging materials,REVIEW
INV-2026-000315,V0014,Delta Foods Corporation,2026-02-09,2026-02-24,USD,9057.39,724.59,9781.98,OPEX-25825,LOG,Network equipment,PAID
INV-2026-000442,V0088,Unity Technologies Limited,2026-02-09,2026-02-24,USD,14371.34,0.0,14371.34,PO-19600,IT,Freight and logistics,PAID
INV-2026-000481,V0014,Delta Foods Corporation,2026-02-09,2026-03-26,GBP,11757.16,940.57,12697.73,OPEX-84012,OPS,Security services,PAID
INV-2026-000523,V0034,Metro Consulting Limited,2026-02-09,2026-03-11,USD,121.84,0.0,121.84,CAPEX-47586,HR,Data services,PAID
INV-2026-000647,V0054,Jade Industries Limited,2026-02-09,2026-03-11,LKR,1348380.51,0.0,1348380.51,PO-19403,PROC,Cloud infrastructure services,REVIEW
INV-2026-000726,V0023,Metro Consulting Corporation,2026-02-09,2026-03-11,USD,2444.32,195.55,2639.86,PR-67788,OPS,Network equipment,PAID
INV-2026-000838,V0083,Metro Engineering Limited,2026-02-09,2026-03-26,EUR,12635.64,1895.35,14530.99,PO-48103,HR,Maintenance services,PAID
INV-2026-000865,V0013,Delta Solutions Corporation,2026-02-09,2026-03-11,USD,16404.92,0.0,16404.92,PR-67554,HR,Cloud infrastructure services,REVIEW
INV-2026-001080,V0001,Unity Trading Limited,2026-02-09,2026-03-11,USD,9477.49,758.2,10235.69,CAPEX-57775,HR,Freight and logistics,PAID
INV-2026-001118,V0062,Vertex Packaging Incorporated,2026-02-09,2026-03-11,USD,10925.31,874.02,11799.33,PO-12779,MKT,Cloud infrastructure services,PAID
INV-2026-001390,V0079,Global Trading Limited,2026-02-09,2026-03-11,LKR,1705612.65,0.0,1705612.65,OPEX-25653,IT,Packaging materials,REVIEW
INV-2026-001402,V0050,Keystone Trading Corporation,2026-02-09,2026-04-10,EUR,4307.98,775.44,5083.41,OPEX-55471,PROC,Training services,PAID
INV-2026-001623,V0073,Crescent Logistics Corporation,2026-02-09,2026-03-26,EUR,15663.36,0.0,15663.36,PR-63908,OPS,Packaging materials,PAID
INV-2026-001655,V0058,Harbor Logistics Limited,2026-02-09,2026-03-11,GBP,15040.98,1504.1,16545.07,PO-28275,MKT,Network equipment,PAID
INV-2026-001713,V0059,Seacrest Solutions Limited,2026-02-09,2026-03-11,GBP,131.85,19.78,151.63,PO-74907,FIN,Software licensing,OPEN
INV-2026-001776,V0023,Metro Consulting Corporation,2026-02-09,2026-04-10,USD,5003.45,0.0,5003.45,CAPEX-32517,MKT,Office equipment,OPEN
INV-2026-000335,V0018,Royal Networks Incorporated,2026-02-10,2026-03-27,LKR,1287550.33,128755.03,1416305.37,CAPEX-32833,PROC,Data services,PAID
INV-2026-000435,V0065,Pioneer Industries Incorporated,2026-02-10,2026-03-27,EUR,10796.27,0.0,10796.27,CAPEX-38992,FIN,Training services,REVIEW
INV-2026-000535,V0042,Evergreen Packaging Limited,2026-02-10,2026-02-25,GBP,18755.93,2813.39,21569.32,PO-43202,HR,Training services,REVIEW
INV-2026-000973,V0031,Pioneer Supplies Incorporated,2026-02-10,2026-03-12,GBP,10810.22,1945.84,12756.06,PO-38476,HR,Maintenance services,PAID
INV-2026-001658,V0051,Nova Systems Corporation,2026-02-10,2026-03-12,LKR,1911511.63,286726.74,2198238.37,CAPEX-39850,FIN,Packaging materials,REVIEW
INV-2026-001709,V0081,Nova Textiles Corporation,2026-02-10,2026-04-11,USD,19547.37,0.0,19547.37,OPEX-20714,MKT,Maintenance services,REVIEW
INV-2026-001866,V0060,Zenith Packaging Limited,2026-02-10,2026-02-25,LKR,1780649.96,0.0,1780649.96,OPEX-78718,OPS,Professional consulting,REVIEW
INV-2026-000014,V0015,Titan Consulting Limited,2026-02-11,2026-03-13,USD,11624.25,929.94,12554.19,OPEX-61990,PROC,Professional consulting,PAID
INV-2026-000189,V0043,Silverline Logistics Limited,2026-02-11,2026-03-28,GBP,5234.43,0.0,5234.43,PO-54185,MKT,Office equipment,REVIEW
INV-2026-000368,V0007,Quantum Technologies Incorporated,2026-02-11,2026-04-12,LKR,1930712.28,0.0,1930712.28,PR-98826,FIN,Office equipment,REVIEW
INV-2026-000396,V0038,Insight Services Limited,2026-02-11,2026-02-26,EUR,9987.53,0.0,9987.53,OPEX-53332,FIN,Cloud infrastructure services,REVIEW
INV-2026-000543,V0071,Harbor Technologies Limited,2026-02-11,2026-02-26,EUR,3201.91,256.15,3458.06,CAPEX-80989,OPS,Packaging materials,PAID
INV-2026-000598,V0042,Evergreen Packaging Limited,2026-02-11,2026-02-26,USD,2389.6,238.96,2628.56,CAPEX-21181,LOG,Warehouse supplies,PAID
INV-2026-000728,V0070,Royal Supplies Incorporated,2026-02-11,2026-04-12,USD,2535.22,0.0,2535.22,OPEX-75459,MKT,Freight and logistics,OPEN
INV-2026-000855,V0003,Harbor Services Incorporated,2026-02-11,2026-03-13,GBP,3940.96,315.28,4256.24,OPEX-40422,LOG,Professional consulting,PAID
INV-2026-000978,V0036,Unity Packaging Corporation,2026-02-11,2026-03-13,LKR,60680.6,0.0,60680.6,PR-48554,IT,Data services,PAID
INV-2026-001027,V0004,Delta Solutions Incorporated,2026-02-11,2026-03-13,USD,15354.22,0.0,15354.22,CAPEX-97285,HR,Training services,PAID
INV-2026-001058,V0049,Seacrest Consulting Incorporated,2026-02-11,2026-03-28,USD,1775.09,142.01,1917.1,OPEX-28775,LOG,Professional consulting,PAID
INV-2026-001147,V0038,Insight Services Limited,2026-02-11,2026-03-13,GBP,9326.55,1678.78,11005.33,PO-40352,FIN,Training services,PAID
INV-2026-001421,V0023,Metro Consulting Corporation,2026-02-11,2026-03-28,GBP,10404.89,0.0,10404.89,OPEX-20831,OPS,Training services,OPEN
INV-2026-001490,V0032,Keystone Logistics Limited,2026-02-11,2026-03-13,GBP,9656.09,1738.1,11394.19,OPEX-16029,MKT,Training services,PAID
INV-2026-001539,V0062,Vertex Packaging Incorporated,2026-02-11,2026-03-13,USD,15751.9,2835.34,18587.24,OPEX-61249,LOG,Professional consulting,PAID
INV-2026-001555,V0034,Metro Consulting Limited,2026-02-11,2026-03-13,EUR,15443.68,2316.55,17760.23,CAPEX-62601,MKT,Network equipment,REVIEW
INV-2026-001965,V0051,Nova Systems Corporation,2026-02-11,2026-02-26,GBP,18865.47,0.0,18865.47,OPEX-63955,PROC,Freight and logistics,PAID
INV-2026-000341,V0054,Jade Industries Limited,2026-02-12,2026-03-29,USD,17649.6,1411.97,19061.57,OPEX-23294,MKT,Packaging materials,PAID
INV-2026-000354,V0023,Metro Consulting Corporation,2026-02-12,2026-03-14,LKR,405634.02,0.0,405634.02,OPEX-20271,PROC,Maintenance services,REVIEW
INV-2026-000389,V0025,Lanka Foods Limited,2026-02-12,2026-03-29,USD,4660.96,838.97,5499.93,PR-37681,PROC,Cloud infrastructure services,PAID
INV-2026-000402,V0084,Harbor Industries Limited,2026-02-12,2026-02-27,USD,13959.86,0.0,13959.86,PR-23593,HR,Security services,REVIEW
INV-2026-000440,V0013,Delta Solutions Corporation,2026-02-12,2026-04-13,EUR,265.73,0.0,265.73,PR-97862,PROC,Professional consulting,REVIEW
INV-2026-000662,V0007,Quantum Technologies Incorporated,2026-02-12,2026-03-29,USD,9587.49,958.75,10546.24,PR-59781,PROC,Warehouse supplies,PAID
INV-2026-001367,V0016,Zenith Holdings Incorporated,2026-02-12,2026-03-14,USD,17410.61,0.0,17410.61,PO-65598,HR,Freight and logistics,REVIEW
INV-2026-001535,V0068,Harbor Supplies Limited,2026-02-12,2026-03-14,USD,2110.74,0.0,2110.74,PR-29929,LOG,Security services,PAID
INV-2026-001773,V0040,Summit Textiles Incorporated,2026-02-12,2026-04-13,USD,4728.49,0.0,4728.49,PO-85053,PROC,Warehouse supplies,REVIEW
INV-2026-000348,V0027,Pioneer Solutions Incorporated,2026-02-13,2026-03-15,USD,9534.58,0.0,9534.58,CAPEX-62096,HR,Packaging materials,REVIEW
INV-2026-000377,V0039,Zenith Consulting Incorporated,2026-02-13,2026-04-14,USD,5960.43,596.04,6556.47,PR-43902,PROC,Data services,PAID
INV-2026-000812,V0034,Metro Consulting Limited,2026-02-13,2026-02-28,USD,12405.92,1860.89,14266.81,CAPEX-29562,IT,Network equipment,PAID
INV-2026-000897,V0053,Pioneer Trading Incorporated,2026-02-13,2026-02-28,EUR,19227.13,0.0,19227.13,PO-17667,OPS,Maintenance services,PAID
INV-2026-000979,V0051,Nova Systems Corporation,2026-02-13,2026-02-28,GBP,15300.15,2754.03,18054.18,CAPEX-30119,HR,Network equipment,PAID
INV-2026-000988,V0073,Crescent Logistics Corporation,2026-02-13,2026-03-15,USD,12045.36,2168.16,14213.52,OPEX-98853,MKT,Warehouse supplies,PAID
INV-2026-001229,V0031,Pioneer Supplies Incorporated,2026-02-13,2026-03-15,GBP,1500.76,0.0,1500.76,CAPEX-69666,FIN,Cloud infrastructure services,REVIEW
INV-2026-001468,V0083,Metro Engineering Limited,2026-02-13,2026-04-14,USD,3606.7,360.67,3967.37,PO-97653,IT,Network equipment,PAID
INV-2026-001484,V0051,Nova Systems Corporation,2026-02-13,2026-03-15,EUR,13292.3,1063.38,14355.69,OPEX-95654,LOG,Maintenance services,PAID
INV-2026-001833,V0034,Metro Consulting Limited,2026-02-13,2026-03-15,GBP,5231.0,0.0,5231.0,OPEX-36750,PROC,Freight and logistics,PAID
INV-2026-000058,V0022,Crescent Supplies Limited,2026-02-14,2026-03-01,EUR,17432.29,2614.84,20047.13,PR-75230,LOG,Freight and logistics,PAID
INV-2026-000186,V0005,Nova Logistics Limited,2026-02-14,2026-03-31,LKR,372182.7,0.0,372182.7,OPEX-74930,FIN,Warehouse supplies,PAID
INV-2026-000359,V0005,Nova Logistics Limited,2026-02-14,2026-03-16,USD,2979.79,446.97,3426.76,OPEX-15083,HR,Network equipment,PAID
INV-2026-000465,V0073,Crescent Logistics Corporation,2026-02-14,2026-03-31,GBP,7644.95,1146.74,8791.69,PO-77720,OPS,Maintenance services,PAID
INV-2026-000503,V0088,Unity Technologies Limited,2026-02-14,2026-03-31,USD,14001.1,1400.11,15401.21,CAPEX-11103,IT,Training services,PAID
INV-2026-000715,V0047,Insight Technologies Incorporated,2026-02-14,2026-04-15,GBP,1452.08,261.37,1713.45,PR-28141,OPS,Professional consulting,PAID
INV-2026-000739,V0054,Jade Industries Limited,2026-02-14,2026-04-15,USD,14239.71,0.0,14239.71,PR-34380,MKT,Maintenance services,PAID
INV-2026-000860,V0021,Vertex Supplies Corporation,2026-02-14,2026-04-15,USD,16159.49,1292.76,17452.25,OPEX-24938,LOG,Professional consulting,REVIEW
INV-2026-000940,V0034,Metro Consulting Limited,2026-02-14,2026-03-16,LKR,1120147.29,0.0,1120147.29,PR-12817,FIN,Office equipment,PAID
INV-2026-001389,V0063,Fusion Consulting Incorporated,2026-02-14,2026-03-31,GBP,17513.74,2627.06,20140.81,PO-15006,OPS,Cloud infrastructure services,PAID
INV-2026-001430,V0032,Keystone Logistics Limited,2026-02-14,2026-03-01,EUR,2000.1,360.02,2360.12,PR-92958,HR,Maintenance services,REVIEW
INV-2026-001449,V0060,Zenith Packaging Limited,2026-02-14,2026-03-01,USD,11653.54,1165.35,12818.89,OPEX-63778,FIN,Training services,REVIEW
INV-2026-001453,V0031,Pioneer Supplies Incorporated,2026-02-14,2026-03-31,GBP,18437.15,1474.97,19912.12,PR-48401,IT,Cloud infrastructure services,PAID
INV-2026-001510,V0012,Evergreen Industries Corporation,2026-02-14,2026-04-15,EUR,14523.42,0.0,14523.42,PR-37477,IT,Packaging materials,REVIEW
INV-2026-001592,V0070,Royal Supplies Incorporated,2026-02-14,2026-03-16,GBP,1073.37,0.0,1073.37,PO-49707,HR,Professional consulting,PAID
INV-2026-001701,V0053,Pioneer Trading Incorporated,2026-02-14,2026-03-01,EUR,17960.47,3232.89,21193.36,PO-46808,PROC,Office equipment,PAID
INV-2026-000105,V0010,Silverline Systems Incorporated,2026-02-15,2026-04-01,USD,15118.38,2267.76,17386.14,OPEX-99277,LOG,Training services,REVIEW
INV-2026-000203,V0016,Zenith Holdings Incorporated,2026-02-15,2026-04-16,USD,10633.39,1914.01,12547.4,PR-10455,MKT,Cloud infrastructure services,OPEN
INV-2026-000232,V0005,Nova Logistics Limited,2026-02-15,2026-03-17,USD,19234.01,2885.1,22119.11,PR-62205,IT,Office equipment,PAID
INV-2026-000423,V0017,Delta Pharma Limited,2026-02-15,2026-04-16,EUR,13922.92,1113.83,15036.76,PO-56168,LOG,Packaging materials,PAID
INV-2026-000697,V0064,Redwood Textiles Limited,2026-02-15,2026-03-17,GBP,18462.74,0.0,18462.74,CAPEX-47363,FIN,Maintenance services,PAID
INV-2026-000699,V0069,Keystone Technologies Incorporated,2026-02-15,2026-03-17,LKR,82403.82,12360.57,94764.39,PO-19287,FIN,Warehouse supplies,PAID
INV-2026-001173,V0015,Titan Consulting Limited,2026-02-15,2026-04-01,USD,7537.66,1130.65,8668.3,PR-81141,HR,Maintenance services,PAID
INV-2026-001191,V0002,Zenith Consulting Limited,2026-02-15,2026-04-16,GBP,12180.3,0.0,12180.3,PO-54932,OPS,Packaging materials,REVIEW
INV-2026-001224,V0052,Apex Consulting Incorporated,2026-02-15,2026-04-16,USD,10647.71,1064.77,11712.48,OPEX-24311,PROC,Cloud infrastructure services,PAID
INV-2026-001329,V0041,Metro Foods Limited,2026-02-15,2026-03-17,USD,16302.07,2934.37,19236.44,PR-66431,LOG,Office equipment,PAID
INV-2026-001384,V0045,Nova Solutions Corporation,2026-02-15,2026-03-02,LKR,747232.17,74723.22,821955.39,CAPEX-65584,FIN,Security services,PAID
INV-2026-001399,V0037,Seacrest Holdings Limited,2026-02-15,2026-03-17,USD,11352.99,1135.3,12488.29,PR-34673,OPS,Professional consulting,REVIEW
INV-2026-001473,V0059,Seacrest Solutions Limited,2026-02-15,2026-03-02,EUR,5403.38,432.27,5835.65,PO-34905,PROC,Software licensing,PAID
INV-2026-001963,V0053,Pioneer Trading Incorporated,2026-02-15,2026-04-16,USD,17452.19,1745.22,19197.41,OPEX-92179,FIN,Cloud infrastructure services,PAID
INV-2026-001979,V0066,Jade Pharma Incorporated,2026-02-15,2026-04-16,GBP,19918.79,1991.88,21910.67,PO-54364,FIN,Security services,PAID
INV-2026-000498,V0035,Global Engineering Limited,2026-02-16,2026-03-18,USD,14773.79,0.0,14773.79,PR-44787,FIN,Professional consulting,PAID
INV-2026-001266,V0085,Royal Holdings Limited,2026-02-16,2026-04-17,GBP,18556.96,3340.25,21897.21,CAPEX-26963,PROC,Network equipment,PAID
INV-2026-001321,V0026,Vertex Consulting Incorporated,2026-02-16,2026-04-02,USD,3435.41,343.54,3778.95,CAPEX-82689,PROC,Packaging materials,REVIEW
INV-2026-001517,V0020,Global Solutions Limited,2026-02-16,2026-03-18,USD,15756.75,0.0,15756.75,OPEX-36748,OPS,Maintenance services,PAID
INV-2026-001584,V0088,Unity Technologies Limited,2026-02-16,2026-04-17,EUR,3447.62,0.0,3447.62,OPEX-35317,LOG,Freight and logistics,PAID
INV-2026-001601,V0009,Orbit Consulting Limited,2026-02-16,2026-04-17,USD,3447.25,620.51,4067.76,CAPEX-99247,PROC,Warehouse supplies,PAID
INV-2026-001622,V0056,Silverline Technologies Incorporated,2026-02-16,2026-04-02,USD,13916.12,1391.61,15307.73,PR-45824,PROC,Training services,PAID
INV-2026-001977,V0069,Keystone Technologies Incorporated,2026-02-16,2026-03-03,GBP,3964.5,594.68,4559.18,OPEX-32494,LOG,Data services,REVIEW
INV-2026-000026,V0089,Pioneer Supplies Limited,2026-02-17,2026-03-19,USD,14803.46,1184.28,15987.74,CAPEX-23176,MKT,Professional consulting,PAID
INV-2026-000222,V0063,Fusion Consulting Incorporated,2026-02-17,2026-04-18,GBP,19149.87,2872.48,22022.35,PO-19742,MKT,Training services,PAID
INV-2026-000670,V0073,Crescent Logistics Corporation,2026-02-17,2026-03-04,GBP,3783.15,302.65,4085.8,OPEX-96570,IT,Training services,PAID
INV-2026-000756,V0026,Vertex Consulting Incorporated,2026-02-17,2026-03-19,USD,1924.69,346.44,2271.14,CAPEX-85989,OPS,Network equipment,PAID
INV-2026-000788,V0067,Unity Foods Corporation,2026-02-17,2026-04-18,USD,4353.5,783.63,5137.13,OPEX-45118,PROC,Data services,REVIEW
INV-2026-000837,V0079,Global Trading Limited,2026-02-17,2026-04-03,GBP,8589.22,0.0,8589.22,CAPEX-70755,PROC,Professional consulting,REVIEW
INV-2026-000844,V0044,Evergreen Systems Incorporated,2026-02-17,2026-03-19,USD,1675.02,251.25,1926.28,CAPEX-98265,IT,Maintenance services,PAID
INV-2026-001186,V0046,Metro Holdings Incorporated,2026-02-17,2026-03-19,GBP,17970.44,1437.63,19408.07,PR-80178,MKT,Professional consulting,REVIEW
INV-2026-001221,V0059,Seacrest Solutions Limited,2026-02-17,2026-03-19,USD,9587.66,1438.15,11025.81,OPEX-56131,OPS,Software licensing,PAID
INV-2026-001307,V0005,Nova Logistics Limited,2026-02-17,2026-04-18,LKR,894610.04,71568.8,966178.84,PO-82536,PROC,Professional consulting,PAID
INV-2026-001496,V0028,Unity Systems Incorporated,2026-02-17,2026-03-19,USD,4646.32,371.71,5018.03,CAPEX-36081,PROC,Warehouse supplies,PAID
INV-2026-001578,V0012,Evergreen Industries Corporation,2026-02-17,2026-03-19,USD,4108.07,328.65,4436.72,PO-54527,HR,Software licensing,REVIEW
INV-2026-001647,V0025,Lanka Foods Limited,2026-02-17,2026-03-19,LKR,1984161.32,0.0,1984161.32,OPEX-93269,MKT,Security services,OPEN
INV-2026-001733,V0009,Orbit Consulting Limited,2026-02-17,2026-04-18,USD,2423.09,0.0,2423.09,PR-36535,FIN,Office equipment,PAID
INV-2026-001820,V0090,Nova Packaging Corporation,2026-02-17,2026-03-04,LKR,1571833.19,125746.66,1697579.85,OPEX-22218,HR,Network equipment,PAID
INV-2026-000110,V0084,Harbor Industries Limited,2026-02-18,2026-03-20,EUR,9575.51,0.0,9575.51,PO-69050,IT,Network equipment,OPEN
INV-2026-000205,V0036,Unity Packaging Corporation,2026-02-18,2026-03-05,USD,16212.43,1621.24,17833.67,PO-41544,FIN,Software licensing,PAID
INV-2026-000331,V0073,Crescent Logistics Corporation,2026-02-18,2026-04-04,EUR,6263.98,626.4,6890.37,PO-21830,IT,Professional consulting,PAID
INV-2026-000374,V0039,Zenith Consulting Incorporated,2026-02-18,2026-03-20,EUR,15337.63,0.0,15337.63,OPEX-96577,OPS,Training services,PAID
INV-2026-000529,V0063,Fusion Consulting Incorporated,2026-02-18,2026-03-20,USD,3144.73,471.71,3616.44,PO-34371,IT,Office equipment,PAID
INV-2026-000750,V0029,Zenith Supplies Limited,2026-02-18,2026-04-19,EUR,13830.3,2074.54,15904.84,PO-64702,HR,Software licensing,REVIEW
INV-2026-000943,V0017,Delta Pharma Limited,2026-02-18,2026-03-20,EUR,7638.53,611.08,8249.61,CAPEX-88584,HR,Training services,PAID
INV-2026-001031,V0076,Royal Services Incorporated,2026-02-18,2026-03-05,EUR,7430.61,594.45,8025.06,OPEX-85617,PROC,Cloud infrastructure services,PAID
INV-2026-001385,V0072,Westbridge Logistics Limited,2026-02-18,2026-04-04,USD,3678.63,662.15,4340.78,PO-35668,HR,Network equipment,PAID
INV-2026-001559,V0015,Titan Consulting Limited,2026-02-18,2026-04-19,USD,18187.55,3273.76,21461.31,CAPEX-83389,LOG,Freight and logistics,OPEN
INV-2026-001736,V0028,Unity Systems Incorporated,2026-02-18,2026-04-04,USD,9637.24,0.0,9637.24,PR-60837,LOG,Training services,PAID
INV-2026-001748,V0085,Royal Holdings Limited,2026-02-18,2026-04-19,LKR,300073.4,54013.21,354086.62,CAPEX-34899,PROC,Training services,PAID
INV-2026-000190,V0073,Crescent Logistics Corporation,2026-02-19,2026-03-21,EUR,17140.19,1714.02,18854.21,OPEX-77538,OPS,Software licensing,REVIEW
INV-2026-000451,V0033,BrightPath Logistics Corporation,2026-02-19,2026-03-06,USD,13459.04,2018.86,15477.9,PO-81939,HR,Training services,REVIEW
INV-2026-000552,V0025,Lanka Foods Limited,2026-02-19,2026-04-20,GBP,5065.41,911.77,5977.18,PR-83193,PROC,Data services,REVIEW
INV-2026-000695,V0031,Pioneer Supplies Incorporated,2026-02-19,2026-03-06,EUR,19538.61,2930.79,22469.41,CAPEX-80742,LOG,Professional consulting,PAID
INV-2026-000879,V0075,Vertex Packaging Limited,2026-02-19,2026-03-21,USD,2068.0,372.24,2440.24,OPEX-64008,IT,Software licensing,PAID
INV-2026-000929,V0076,Royal Services Incorporated,2026-02-19,2026-03-06,USD,364.3,65.57,429.87,PO-87710,MKT,Professional consulting,PAID
INV-2026-000976,V0052,Apex Consulting Incorporated,2026-02-19,2026-04-05,USD,333.46,0.0,333.46,PR-52875,PROC,Warehouse supplies,PAID
INV-2026-001098,V0025,Lanka Foods Limited,2026-02-19,2026-04-05,USD,1608.61,241.29,1849.9,CAPEX-49515,PROC,Packaging materials,PAID
INV-2026-001196,V0052,Apex Consulting Incorporated,2026-02-19,2026-03-21,USD,4053.78,729.68,4783.46,CAPEX-61488,IT,Security services,PAID
INV-2026-001237,V0012,Evergreen Industries Corporation,2026-02-19,2026-04-05,GBP,2265.68,181.25,2446.94,OPEX-79062,FIN,Office equipment,OPEN
INV-2026-001333,V0069,Keystone Technologies Incorporated,2026-02-19,2026-03-06,USD,16670.19,0.0,16670.19,CAPEX-36626,OPS,Security services,PAID
INV-2026-001386,V0068,Harbor Supplies Limited,2026-02-19,2026-03-06,EUR,6290.57,0.0,6290.57,CAPEX-43260,LOG,Cloud infrastructure services,PAID
INV-2026-001482,V0024,Unity Foods Limited,2026-02-19,2026-03-06,LKR,482810.53,38624.84,521435.37,CAPEX-51945,MKT,Data services,OPEN
INV-2026-001533,V0066,Jade Pharma Incorporated,2026-02-19,2026-03-21,LKR,1369134.37,0.0,1369134.37,PR-56391,LOG,Security services,PAID
INV-2026-001575,V0021,Vertex Supplies Corporation,2026-02-19,2026-03-21,EUR,15501.84,0.0,15501.84,PR-13864,PROC,Packaging materials,REVIEW
INV-2026-001747,V0040,Summit Textiles Incorporated,2026-02-19,2026-03-21,EUR,13560.87,1084.87,14645.74,CAPEX-88349,HR,Training services,REVIEW
INV-2026-001874,V0062,Vertex Packaging Incorporated,2026-02-19,2026-03-21,USD,14684.46,2643.2,17327.67,OPEX-42921,PROC,Office equipment,PAID
INV-2026-001949,V0080,Vertex Textiles Corporation,2026-02-19,2026-03-21,USD,2274.09,0.0,2274.09,CAPEX-28519,MKT,Maintenance services,PAID
INV-2026-000262,V0042,Evergreen Packaging Limited,2026-02-20,2026-04-06,USD,5335.59,533.56,5869.14,CAPEX-88246,HR,Security services,OPEN
INV-2026-000309,V0064,Redwood Textiles Limited,2026-02-20,2026-04-21,LKR,1597047.74,0.0,1597047.74,PO-63744,IT,Professional consulting,REVIEW
INV-2026-000320,V0017,Delta Pharma Limited,2026-02-20,2026-04-06,USD,13763.35,2477.4,16240.75,PO-86326,LOG,Office equipment,OPEN
INV-2026-000395,V0064,Redwood Textiles Limited,2026-02-20,2026-04-21,USD,15585.82,2337.87,17923.7,PR-56913,PROC,Maintenance services,REVIEW
INV-2026-000536,V0039,Zenith Consulting Incorporated,2026-02-20,2026-03-22,USD,17289.51,0.0,17289.51,PO-40928,PROC,Maintenance services,PAID
INV-2026-000631,V0043,Silverline Logistics Limited,2026-02-20,2026-04-21,USD,19476.8,1947.68,21424.48,PR-22178,MKT,Warehouse supplies,OPEN
INV-2026-000733,V0036,Unity Packaging Corporation,2026-02-20,2026-03-07,USD,10823.64,1082.36,11906.0,PO-77081,HR,Professional consulting,REVIEW
INV-2026-000873,V0052,Apex Consulting Incorporated,2026-02-20,2026-03-22,USD,854.97,68.4,923.36,OPEX-26515,LOG,Data services,REVIEW
INV-2026-001003,V0061,Silverline Services Limited,2026-02-20,2026-03-22,USD,203.11,30.47,233.58,CAPEX-74415,HR,Maintenance services,PAID
INV-2026-001014,V0018,Royal Networks Incorporated,2026-02-20,2026-04-06,USD,10111.96,0.0,10111.96,OPEX-84329,MKT,Professional consulting,PAID
INV-2026-001165,V0022,Crescent Supplies Limited,2026-02-20,2026-03-22,USD,9694.71,1454.21,11148.92,PR-67250,OPS,Warehouse supplies,PAID
INV-2026-001284,V0004,Delta Solutions Incorporated,2026-02-20,2026-04-21,EUR,17222.65,3100.08,20322.73,PO-82416,HR,Cloud infrastructure services,REVIEW
INV-2026-001339,V0087,Orbit Trading Limited,2026-02-20,2026-03-22,USD,3130.49,0.0,3130.49,OPEX-47040,FIN,Professional consulting,PAID
INV-2026-001426,V0034,Metro Consulting Limited,2026-02-20,2026-04-21,LKR,1238677.23,123867.72,1362544.95,OPEX-16362,HR,Office equipment,OPEN
INV-2026-001589,V0058,Harbor Logistics Limited,2026-02-20,2026-03-22,GBP,8595.23,859.52,9454.75,OPEX-20798,HR,Cloud infrastructure services,PAID
INV-2026-001876,V0080,Vertex Textiles Corporation,2026-02-20,2026-03-22,USD,1030.57,82.45,1113.02,CAPEX-71785,MKT,Professional consulting,PAID
INV-2026-000197,V0065,Pioneer Industries Incorporated,2026-02-21,2026-04-22,EUR,3099.07,247.93,3346.99,OPEX-25235,PROC,Professional consulting,PAID
INV-2026-000680,V0083,Metro Engineering Limited,2026-02-21,2026-03-23,EUR,901.9,90.19,992.09,PR-49173,PROC,Maintenance services,OPEN
INV-2026-001015,V0024,Unity Foods Limited,2026-02-21,2026-03-08,GBP,3752.66,0.0,3752.66,CAPEX-63581,HR,Training services,PAID
INV-2026-001373,V0025,Lanka Foods Limited,2026-02-21,2026-03-08,EUR,9236.84,0.0,9236.84,PO-91916,HR,Security services,REVIEW
INV-2026-001376,V0083,Metro Engineering Limited,2026-02-21,2026-03-08,EUR,3150.15,567.03,3717.17,PR-46698,FIN,Office equipment,REVIEW
INV-2026-001505,V0086,Orbit Supplies Limited,2026-02-21,2026-04-22,USD,17877.68,3217.98,21095.66,PR-34752,MKT,Freight and logistics,REVIEW
INV-2026-001536,V0055,Lanka Systems Incorporated,2026-02-21,2026-03-23,USD,19186.05,1918.6,21104.65,CAPEX-61088,LOG,Maintenance services,PAID
INV-2026-001603,V0051,Nova Systems Corporation,2026-02-21,2026-03-08,EUR,16947.51,0.0,16947.51,PR-77924,IT,Packaging materials,REVIEW
INV-2026-001637,V0049,Seacrest Consulting Incorporated,2026-02-21,2026-04-07,USD,7841.34,1411.44,9252.78,CAPEX-59170,OPS,Network equipment,OPEN
INV-2026-001702,V0062,Vertex Packaging Incorporated,2026-02-21,2026-03-23,USD,13464.3,0.0,13464.3,PR-68718,MKT,Cloud infrastructure services,PAID
INV-2026-001875,V0076,Royal Services Incorporated,2026-02-21,2026-04-07,GBP,16857.17,2528.58,19385.75,CAPEX-22594,HR,Packaging materials,PAID
INV-2026-000274,V0027,Pioneer Solutions Incorporated,2026-02-22,2026-03-09,EUR,7094.21,567.54,7661.75,PR-52421,PROC,Office equipment,OPEN
INV-2026-000292,V0039,Zenith Consulting Incorporated,2026-02-22,2026-04-23,EUR,10249.31,1844.88,12094.18,OPEX-48737,PROC,Cloud infrastructure services,PAID
INV-2026-000727,V0024,Unity Foods Limited,2026-02-22,2026-04-23,GBP,809.62,64.77,874.39,CAPEX-29391,OPS,Packaging materials,REVIEW
INV-2026-000782,V0013,Delta Solutions Corporation,2026-02-22,2026-03-24,USD,10115.04,1820.71,11935.75,CAPEX-31840,LOG,Office equipment,PAID
INV-2026-000814,V0029,Zenith Supplies Limited,2026-02-22,2026-03-24,LKR,1631489.54,130519.16,1762008.71,CAPEX-74771,HR,Freight and logistics,REVIEW
INV-2026-000815,V0056,Silverline Technologies Incorporated,2026-02-22,2026-04-23,USD,19904.72,1592.38,21497.1,PR-64831,FIN,Maintenance services,REVIEW
INV-2026-001130,V0001,Unity Trading Limited,2026-02-22,2026-03-09,USD,11220.48,0.0,11220.48,PO-17808,OPS,Network equipment,REVIEW
INV-2026-001887,V0016,Zenith Holdings Incorporated,2026-02-22,2026-03-24,GBP,15161.0,1212.88,16373.88,OPEX-30175,PROC,Software licensing,REVIEW
INV-2026-001921,V0031,Pioneer Supplies Incorporated,2026-02-22,2026-03-24,USD,19398.27,1551.86,20950.13,PR-78971,OPS,Security services,PAID
INV-2026-000157,V0034,Metro Consulting Limited,2026-02-23,2026-04-24,USD,12408.0,0.0,12408.0,OPEX-92203,LOG,Office equipment,PAID
INV-2026-000176,V0067,Unity Foods Corporation,2026-02-23,2026-04-24,USD,19962.68,1996.27,21958.95,OPEX-51124,FIN,Packaging materials,OPEN
INV-2026-000609,V0068,Harbor Supplies Limited,2026-02-23,2026-03-25,EUR,1276.71,191.51,1468.22,PO-73394,PROC,Warehouse supplies,REVIEW
INV-2026-000804,V0039,Zenith Consulting Incorporated,2026-02-23,2026-03-25,USD,12671.29,2280.83,14952.12,OPEX-14440,OPS,Software licensing,REVIEW
INV-2026-000848,V0004,Delta Solutions Incorporated,2026-02-23,2026-04-09,GBP,3005.67,0.0,3005.67,OPEX-92058,MKT,Data services,PAID
INV-2026-000914,V0078,Northstar Packaging Corporation,2026-02-23,2026-03-10,USD,19687.16,3543.69,23230.85,OPEX-24541,MKT,Office equipment,OPEN
INV-2026-000959,V0054,Jade Industries Limited,2026-02-23,2026-04-09,USD,17076.53,0.0,17076.53,CAPEX-28212,LOG,Freight and logistics,PAID
INV-2026-000975,V0033,BrightPath Logistics Corporation,2026-02-23,2026-04-24,USD,9307.89,0.0,9307.89,OPEX-59958,OPS,Warehouse supplies,PAID
INV-2026-001190,V0010,Silverline Systems Incorporated,2026-02-23,2026-04-09,USD,17807.5,3205.35,21012.86,OPEX-31116,FIN,Office equipment,REVIEW
INV-2026-001403,V0037,Seacrest Holdings Limited,2026-02-23,2026-03-25,GBP,19373.59,2906.04,22279.63,CAPEX-21895,LOG,Professional consulting,REVIEW
INV-2026-001488,V0026,Vertex Consulting Incorporated,2026-02-23,2026-03-25,USD,16671.13,0.0,16671.13,CAPEX-66033,MKT,Maintenance services,REVIEW
INV-2026-001644,V0030,Orbit Pharma Corporation,2026-02-23,2026-03-10,GBP,1698.71,135.9,1834.61,PR-72396,MKT,Professional consulting,REVIEW
INV-2026-001664,V0032,Keystone Logistics Limited,2026-02-23,2026-03-25,GBP,4760.75,380.86,5141.61,OPEX-46769,LOG,Network equipment,REVIEW
INV-2026-000010,V0042,Evergreen Packaging Limited,2026-02-24,2026-04-10,USD,6829.51,682.95,7512.46,CAPEX-65255,OPS,Software licensing,PAID
INV-2026-000075,V0012,Evergreen Industries Corporation,2026-02-24,2026-04-25,USD,1125.5,90.04,1215.54,PR-26505,MKT,Security services,REVIEW
INV-2026-000117,V0024,Unity Foods Limited,2026-02-24,2026-03-26,LKR,985385.07,0.0,985385.07,PR-30308,IT,Office equipment,PAID
INV-2026-000261,V0001,Unity Trading Limited,2026-02-24,2026-03-26,USD,15076.23,0.0,15076.23,PO-80371,FIN,Network equipment,OPEN
INV-2026-000450,V0045,Nova Solutions Corporation,2026-02-24,2026-04-10,GBP,17047.0,0.0,17047.0,PR-34116,FIN,Security services,OPEN
INV-2026-000556,V0070,Royal Supplies Incorporated,2026-02-24,2026-04-10,LKR,1111721.44,200109.86,1311831.3,CAPEX-57187,HR,Packaging materials,REVIEW
INV-2026-000558,V0029,Zenith Supplies Limited,2026-02-24,2026-03-26,USD,15457.88,2782.42,18240.3,CAPEX-82569,LOG,Data services,PAID
INV-2026-000874,V0037,Seacrest Holdings Limited,2026-02-24,2026-03-11,EUR,11089.5,1663.43,12752.93,CAPEX-93320,FIN,Cloud infrastructure services,REVIEW
INV-2026-001076,V0034,Metro Consulting Limited,2026-02-24,2026-03-11,GBP,12667.79,1266.78,13934.57,PR-49953,PROC,Data services,REVIEW
INV-2026-001094,V0042,Evergreen Packaging Limited,2026-02-24,2026-03-26,USD,5689.57,853.44,6543.0,PO-66479,FIN,Office equipment,PAID
INV-2026-001162,V0061,Silverline Services Limited,2026-02-24,2026-03-11,USD,17376.25,3127.72,20503.97,OPEX-45369,OPS,Training services,PAID
INV-2026-001164,V0068,Harbor Supplies Limited,2026-02-24,2026-03-26,USD,16631.32,0.0,16631.32,OPEX-54829,MKT,Office equipment,PAID
INV-2026-001415,V0090,Nova Packaging Corporation,2026-02-24,2026-04-10,GBP,7600.68,760.07,8360.74,PR-22559,HR,Freight and logistics,REVIEW
INV-2026-001626,V0020,Global Solutions Limited,2026-02-24,2026-03-26,LKR,155395.59,23309.34,178704.93,CAPEX-86473,MKT,Packaging materials,PAID
INV-2026-001691,V0039,Zenith Consulting Incorporated,2026-02-24,2026-04-25,LKR,624156.95,62415.69,686572.64,PO-94912,PROC,Professional consulting,REVIEW
INV-2026-001892,V0078,Northstar Packaging Corporation,2026-02-24,2026-03-11,USD,8187.63,818.76,9006.39,OPEX-21930,MKT,Security services,PAID
INV-2026-000280,V0051,Nova Systems Corporation,2026-02-25,2026-04-11,LKR,443406.65,35472.53,478879.18,CAPEX-47171,OPS,Data services,PAID
INV-2026-000472,V0011,Nova Engineering Corporation,2026-02-25,2026-04-11,EUR,19856.38,1985.64,21842.02,PR-38752,MKT,Maintenance services,REVIEW
INV-2026-000674,V0056,Silverline Technologies Incorporated,2026-02-25,2026-04-26,GBP,2232.24,223.22,2455.47,CAPEX-23538,IT,Software licensing,PAID
INV-2026-000736,V0012,Evergreen Industries Corporation,2026-02-25,2026-04-11,GBP,19852.83,1985.28,21838.11,CAPEX-31468,MKT,Warehouse supplies,REVIEW
INV-2026-000758,V0068,Harbor Supplies Limited,2026-02-25,2026-03-27,USD,3534.86,530.23,4065.08,PO-22934,FIN,Data services,REVIEW
INV-2026-000949,V0051,Nova Systems Corporation,2026-02-25,2026-03-27,USD,17787.53,2668.13,20455.66,PR-59034,OPS,Data services,REVIEW
INV-2026-000980,V0023,Metro Consulting Corporation,2026-02-25,2026-03-12,GBP,10702.1,1070.21,11772.31,PO-93203,MKT,Data services,PAID
INV-2026-001404,V0034,Metro Consulting Limited,2026-02-25,2026-04-11,USD,745.19,0.0,745.19,PR-72286,FIN,Packaging materials,PAID
INV-2026-001435,V0061,Silverline Services Limited,2026-02-25,2026-04-11,USD,14967.77,0.0,14967.77,CAPEX-75740,PROC,Cloud infrastructure services,PAID
INV-2026-001508,V0030,Orbit Pharma Corporation,2026-02-25,2026-03-27,USD,2849.77,284.98,3134.74,PO-59166,IT,Packaging materials,PAID
INV-2026-001700,V0020,Global Solutions Limited,2026-02-25,2026-03-12,USD,13599.02,0.0,13599.02,PO-75198,HR,Packaging materials,PAID
INV-2026-001722,V0058,Harbor Logistics Limited,2026-02-25,2026-04-26,USD,2007.68,361.38,2369.06,PR-87781,MKT,Training services,PAID
INV-2026-001784,V0003,Harbor Services Incorporated,2026-02-25,2026-04-11,LKR,1285946.01,0.0,1285946.01,OPEX-87388,MKT,Warehouse supplies,REVIEW
INV-2026-000209,V0067,Unity Foods Corporation,2026-02-26,2026-04-12,USD,5590.06,838.51,6428.57,PR-92050,PROC,Maintenance services,PAID
INV-2026-000269,V0004,Delta Solutions Incorporated,2026-02-26,2026-03-28,USD,5584.08,837.61,6421.69,CAPEX-32047,MKT,Packaging materials,PAID
INV-2026-000332,V0078,Northstar Packaging Corporation,2026-02-26,2026-03-13,EUR,9622.42,769.79,10392.21,PR-27103,OPS,Warehouse supplies,REVIEW
INV-2026-001244,V0038,Insight Services Limited,2026-02-26,2026-03-13,USD,18666.74,0.0,18666.74,OPEX-65386,HR,Software licensing,PAID
INV-2026-001348,V0063,Fusion Consulting Incorporated,2026-02-26,2026-03-28,GBP,16392.27,1311.38,17703.65,OPEX-63714,FIN,Security services,REVIEW
INV-2026-001758,V0030,Orbit Pharma Corporation,2026-02-26,2026-04-27,EUR,11463.87,917.11,12380.98,CAPEX-40980,FIN,Cloud infrastructure services,PAID
INV-2026-001761,V0053,Pioneer Trading Incorporated,2026-02-26,2026-03-28,USD,12238.99,0.0,12238.99,PR-46630,IT,Cloud infrastructure services,OPEN
INV-2026-001794,V0051,Nova Systems Corporation,2026-02-26,2026-03-13,USD,6141.86,0.0,6141.86,PR-64837,LOG,Professional consulting,PAID
INV-2026-001897,V0018,Royal Networks Incorporated,2026-02-26,2026-03-13,EUR,3058.71,305.87,3364.58,PO-65328,PROC,Training services,PAID
INV-2026-001964,V0048,Zenith Trading Incorporated,2026-02-26,2026-03-28,USD,454.34,45.43,499.77,OPEX-68024,LOG,Office equipment,PAID
INV-2026-000090,V0074,Crescent Supplies Corporation,2026-02-27,2026-04-13,LKR,1132907.26,169936.09,1302843.35,PO-89822,PROC,Warehouse supplies,PAID
INV-2026-000149,V0066,Jade Pharma Incorporated,2026-02-27,2026-03-14,USD,15866.27,0.0,15866.27,OPEX-13445,OPS,Data services,REVIEW
INV-2026-000183,V0068,Harbor Supplies Limited,2026-02-27,2026-03-29,USD,2111.94,168.95,2280.89,OPEX-23178,PROC,Freight and logistics,REVIEW
INV-2026-000228,V0032,Keystone Logistics Limited,2026-02-27,2026-03-29,GBP,16581.87,0.0,16581.87,PO-22255,HR,Maintenance services,PAID
INV-2026-000342,V0074,Crescent Supplies Corporation,2026-02-27,2026-03-29,USD,1585.34,0.0,1585.34,CAPEX-12631,OPS,Office equipment,REVIEW
INV-2026-000741,V0060,Zenith Packaging Limited,2026-02-27,2026-03-14,LKR,29832.18,2386.57,32218.76,CAPEX-93958,MKT,Training services,PAID
INV-2026-001211,V0056,Silverline Technologies Incorporated,2026-02-27,2026-03-29,USD,3920.25,313.62,4233.88,PO-16880,OPS,Cloud infrastructure services,PAID
INV-2026-001215,V0062,Vertex Packaging Incorporated,2026-02-27,2026-03-14,USD,15352.1,2763.38,18115.47,PO-56269,LOG,Professional consulting,PAID
INV-2026-001331,V0057,Keystone Packaging Limited,2026-02-27,2026-03-29,USD,18791.39,1503.31,20294.7,PO-40366,PROC,Office equipment,REVIEW
INV-2026-001520,V0045,Nova Solutions Corporation,2026-02-27,2026-03-14,USD,19765.25,0.0,19765.25,OPEX-70874,HR,Data services,PAID
INV-2026-001563,V0064,Redwood Textiles Limited,2026-02-27,2026-03-29,USD,17517.7,1751.77,19269.47,PR-29054,IT,Office equipment,OPEN
INV-2026-001727,V0024,Unity Foods Limited,2026-02-27,2026-03-29,LKR,1373990.44,137399.04,1511389.49,PR-68283,MKT,Warehouse supplies,OPEN
INV-2026-000027,V0038,Insight Services Limited,2026-02-28,2026-03-30,USD,6129.08,1103.23,7232.31,PR-45954,IT,Cloud infrastructure services,OPEN
INV-2026-000039,V0012,Evergreen Industries Corporation,2026-02-28,2026-04-29,EUR,19021.63,3423.89,22445.52,CAPEX-85529,IT,Freight and logistics,PAID
INV-2026-000063,V0037,Seacrest Holdings Limited,2026-02-28,2026-04-29,LKR,720833.89,129750.1,850583.99,PR-91381,OPS,Training services,PAID
INV-2026-000236,V0063,Fusion Consulting Incorporated,2026-02-28,2026-03-30,EUR,18829.92,1882.99,20712.91,PR-99088,LOG,Training services,REVIEW
INV-2026-000484,V0016,Zenith Holdings Incorporated,2026-02-28,2026-04-14,LKR,1406140.1,0.0,1406140.1,PO-38109,LOG,Maintenance services,OPEN
INV-2026-000507,V0088,Unity Technologies Limited,2026-02-28,2026-03-15,GBP,5486.59,0.0,5486.59,OPEX-59923,FIN,Freight and logistics,REVIEW
INV-2026-000701,V0042,Evergreen Packaging Limited,2026-02-28,2026-03-15,USD,14786.43,0.0,14786.43,OPEX-38922,IT,Packaging materials,PAID
INV-2026-000753,V0019,Titan Foods Incorporated,2026-02-28,2026-03-30,USD,4291.64,0.0,4291.64,OPEX-24643,IT,Cloud infrastructure services,REVIEW
INV-2026-000825,V0007,Quantum Technologies Incorporated,2026-02-28,2026-03-30,USD,9468.52,0.0,9468.52,OPEX-67203,IT,Packaging materials,PAID
INV-2026-001287,V0002,Zenith Consulting Limited,2026-02-28,2026-04-14,GBP,15081.07,2262.16,17343.23,PO-11952,MKT,Warehouse supplies,PAID
INV-2026-001485,V0035,Global Engineering Limited,2026-02-28,2026-03-30,USD,18694.48,1495.56,20190.04,CAPEX-29003,OPS,Network equipment,REVIEW
INV-2026-001568,V0078,Northstar Packaging Corporation,2026-02-28,2026-03-30,GBP,14078.63,2111.79,16190.43,PR-70986,OPS,Security services,PAID
INV-2026-001682,V0034,Metro Consulting Limited,2026-02-28,2026-03-30,USD,12937.8,1940.67,14878.47,PO-16879,PROC,Warehouse supplies,OPEN
INV-2026-001711,V0022,Crescent Supplies Limited,2026-02-28,2026-03-30,USD,2444.4,439.99,2884.39,CAPEX-81886,HR,Data services,OPEN
INV-2026-001771,V0007,Quantum Technologies Incorporated,2026-02-28,2026-03-15,GBP,18327.1,0.0,18327.1,PO-42819,IT,Data services,PAID
INV-2026-000479,V0062,Vertex Packaging Incorporated,2026-03-01,2026-03-16,USD,12014.05,1802.11,13816.16,OPEX-43791,FIN,Cloud infrastructure services,REVIEW
INV-2026-000769,V0064,Redwood Textiles Limited,2026-03-01,2026-03-31,USD,2100.12,0.0,2100.12,PO-75291,PROC,Cloud infrastructure services,PAID
INV-2026-000985,V0016,Zenith Holdings Incorporated,2026-03-01,2026-03-31,USD,7208.74,0.0,7208.74,PO-62709,PROC,Network equipment,PAID
INV-2026-000991,V0002,Zenith Consulting Limited,2026-03-01,2026-03-16,EUR,15207.75,0.0,15207.75,CAPEX-40984,PROC,Maintenance services,REVIEW
INV-2026-001030,V0056,Silverline Technologies Incorporated,2026-03-01,2026-03-31,USD,2419.92,0.0,2419.92,PO-21683,OPS,Warehouse supplies,REVIEW
INV-2026-001268,V0021,Vertex Supplies Corporation,2026-03-01,2026-03-16,GBP,2231.66,401.7,2633.36,OPEX-52422,MKT,Professional consulting,PAID
INV-2026-001861,V0006,Crescent Industries Limited,2026-03-01,2026-03-31,GBP,1045.7,0.0,1045.7,OPEX-27427,FIN,Office equipment,REVIEW
INV-2026-001878,V0018,Royal Networks Incorporated,2026-03-01,2026-04-15,LKR,111656.57,11165.66,122822.23,OPEX-80120,PROC,Software licensing,REVIEW
INV-2026-000120,V0047,Insight Technologies Incorporated,2026-03-02,2026-04-16,EUR,5784.37,1041.19,6825.55,OPEX-40671,LOG,Professional consulting,PAID
INV-2026-000193,V0089,Pioneer Supplies Limited,2026-03-02,2026-03-17,GBP,2470.31,197.62,2667.93,PR-63138,PROC,Data services,REVIEW
INV-2026-000311,V0068,Harbor Supplies Limited,2026-03-02,2026-04-16,USD,19228.36,0.0,19228.36,CAPEX-22193,IT,Professional consulting,OPEN
INV-2026-000339,V0010,Silverline Systems Incorporated,2026-03-02,2026-04-01,USD,3457.6,0.0,3457.6,CAPEX-68540,IT,Office equipment,PAID
INV-2026-000360,V0089,Pioneer Supplies Limited,2026-03-02,2026-03-17,GBP,9567.34,765.39,10332.72,CAPEX-12651,OPS,Office equipment,PAID
INV-2026-000638,V0070,Royal Supplies Incorporated,2026-03-02,2026-04-01,GBP,13431.75,2417.72,15849.47,OPEX-24984,LOG,Security services,REVIEW
INV-2026-000645,V0004,Delta Solutions Incorporated,2026-03-02,2026-04-16,GBP,11852.46,2133.44,13985.9,CAPEX-60173,HR,Maintenance services,PAID
INV-2026-001086,V0002,Zenith Consulting Limited,2026-03-02,2026-03-17,GBP,16617.13,1661.71,18278.85,PO-66928,HR,Office equipment,PAID
INV-2026-001294,V0005,Nova Logistics Limited,2026-03-02,2026-04-16,GBP,15312.14,0.0,15312.14,PO-75392,MKT,Cloud infrastructure services,PAID
INV-2026-001342,V0075,Vertex Packaging Limited,2026-03-02,2026-04-01,USD,10665.57,0.0,10665.57,CAPEX-40394,OPS,Training services,PAID
INV-2026-001346,V0088,Unity Technologies Limited,2026-03-02,2026-03-17,USD,5446.33,0.0,5446.33,OPEX-17969,LOG,Network equipment,OPEN
INV-2026-001566,V0047,Insight Technologies Incorporated,2026-03-02,2026-04-01,EUR,7218.63,1299.35,8517.99,PR-52160,MKT,Warehouse supplies,REVIEW
INV-2026-001805,V0056,Silverline Technologies Incorporated,2026-03-02,2026-04-01,USD,12258.19,0.0,12258.19,CAPEX-30865,LOG,Network equipment,PAID
INV-2026-001935,V0044,Evergreen Systems Incorporated,2026-03-02,2026-04-16,USD,8641.95,1555.55,10197.5,PO-78070,PROC,Software licensing,PAID
INV-2026-000046,V0078,Northstar Packaging Corporation,2026-03-03,2026-04-02,USD,11070.68,1660.6,12731.28,OPEX-22217,FIN,Software licensing,PAID
INV-2026-000051,V0090,Nova Packaging Corporation,2026-03-03,2026-05-02,USD,4763.22,476.32,5239.54,PO-51704,PROC,Packaging materials,PAID
INV-2026-000164,V0059,Seacrest Solutions Limited,2026-03-03,2026-04-02,EUR,7135.55,0.0,7135.55,CAPEX-74866,LOG,Training services,PAID
INV-2026-000923,V0061,Silverline Services Limited,2026-03-03,2026-04-02,LKR,132504.9,10600.39,143105.29,PR-19556,MKT,Security services,REVIEW
INV-2026-001143,V0005,Nova Logistics Limited,2026-03-03,2026-04-02,USD,19536.06,2930.41,22466.47,PO-83890,MKT,Packaging materials,REVIEW
INV-2026-001179,V0054,Jade Industries Limited,2026-03-03,2026-03-18,USD,769.57,0.0,769.57,PR-59074,MKT,Data services,PAID
INV-2026-001259,V0085,Royal Holdings Limited,2026-03-03,2026-04-02,EUR,14864.29,2229.64,17093.94,PR-72411,HR,Office equipment,REVIEW
INV-2026-001317,V0015,Titan Consulting Limited,2026-03-03,2026-04-17,GBP,19157.26,1915.73,21072.98,CAPEX-20445,OPS,Data services,REVIEW
INV-2026-001605,V0009,Orbit Consulting Limited,2026-03-03,2026-04-17,EUR,7493.53,1348.84,8842.37,PR-67936,LOG,Cloud infrastructure services,OPEN
INV-2026-001635,V0007,Quantum Technologies Incorporated,2026-03-03,2026-04-02,USD,9044.75,904.47,9949.22,CAPEX-15302,OPS,Warehouse supplies,PAID
INV-2026-001835,V0001,Unity Trading Limited,2026-03-03,2026-03-18,LKR,1546420.4,123713.63,1670134.03,PR-24859,MKT,Packaging materials,PAID
INV-2026-001919,V0048,Zenith Trading Incorporated,2026-03-03,2026-05-02,GBP,10079.28,0.0,10079.28,CAPEX-53457,PROC,Freight and logistics,PAID
INV-2026-001941,V0015,Titan Consulting Limited,2026-03-03,2026-04-02,EUR,218.59,32.79,251.37,OPEX-35437,OPS,Office equipment,REVIEW
INV-2026-000048,V0061,Silverline Services Limited,2026-03-04,2026-04-18,EUR,2995.48,0.0,2995.48,PR-19150,OPS,Maintenance services,PAID
INV-2026-000220,V0073,Crescent Logistics Corporation,2026-03-04,2026-04-18,EUR,13133.61,2364.05,15497.66,CAPEX-43728,MKT,Packaging materials,PAID
INV-2026-000304,V0002,Zenith Consulting Limited,2026-03-04,2026-03-19,USD,7355.85,0.0,7355.85,PR-14635,LOG,Warehouse supplies,PAID
INV-2026-001201,V0046,Metro Holdings Incorporated,2026-03-04,2026-03-19,USD,13180.26,1054.42,14234.68,PR-51215,IT,Cloud infrastructure services,PAID
INV-2026-001289,V0078,Northstar Packaging Corporation,2026-03-04,2026-04-03,USD,12169.74,1216.97,13386.72,PO-96060,IT,Software licensing,PAID
INV-2026-001619,V0027,Pioneer Solutions Incorporated,2026-03-04,2026-04-03,GBP,3916.39,0.0,3916.39,CAPEX-70735,LOG,Maintenance services,REVIEW
INV-2026-001751,V0048,Zenith Trading Incorporated,2026-03-04,2026-04-18,USD,14374.78,2156.22,16531.0,OPEX-80439,OPS,Freight and logistics,PAID
INV-2026-001865,V0025,Lanka Foods Limited,2026-03-04,2026-04-18,USD,18988.96,1898.9,20887.86,PO-43044,IT,Maintenance services,PAID
INV-2026-000162,V0054,Jade Industries Limited,2026-03-05,2026-04-04,LKR,671685.75,100752.86,772438.61,CAPEX-34881,MKT,Freight and logistics,PAID
INV-2026-000291,V0011,Nova Engineering Corporation,2026-03-05,2026-05-04,EUR,12048.16,1807.22,13855.38,CAPEX-13515,MKT,Training services,REVIEW
INV-2026-000340,V0027,Pioneer Solutions Incorporated,2026-03-05,2026-03-20,USD,5222.36,0.0,5222.36,PO-16310,HR,Packaging materials,OPEN
INV-2026-000365,V0008,Global Textiles Limited,2026-03-05,2026-03-20,USD,1125.12,90.01,1215.13,PR-45910,OPS,Packaging materials,PAID
INV-2026-000499,V0026,Vertex Consulting Incorporated,2026-03-05,2026-05-04,USD,3221.19,0.0,3221.19,PO-20287,PROC,Training services,PAID
INV-2026-000560,V0075,Vertex Packaging Limited,2026-03-05,2026-04-04,USD,16244.16,0.0,16244.16,OPEX-84588,FIN,Warehouse supplies,REVIEW
INV-2026-000707,V0055,Lanka Systems Incorporated,2026-03-05,2026-04-04,USD,8752.86,0.0,8752.86,PR-85196,IT,Maintenance services,OPEN
INV-2026-000800,V0088,Unity Technologies Limited,2026-03-05,2026-04-04,LKR,1875520.28,150041.62,2025561.9,OPEX-58200,MKT,Office equipment,REVIEW
INV-2026-000982,V0026,Vertex Consulting Incorporated,2026-03-05,2026-04-04,USD,4095.72,0.0,4095.72,OPEX-13662,IT,Network equipment,PAID
INV-2026-001075,V0087,Orbit Trading Limited,2026-03-05,2026-05-04,LKR,1538667.47,0.0,1538667.47,CAPEX-49213,HR,Office equipment,PAID
INV-2026-001225,V0083,Metro Engineering Limited,2026-03-05,2026-03-20,USD,2409.94,0.0,2409.94,CAPEX-41295,IT,Data services,PAID
INV-2026-001398,V0011,Nova Engineering Corporation,2026-03-05,2026-04-04,LKR,1369758.92,0.0,1369758.92,PR-50696,IT,Maintenance services,PAID
INV-2026-001472,V0067,Unity Foods Corporation,2026-03-05,2026-04-04,USD,15969.72,0.0,15969.72,PR-39928,PROC,Warehouse supplies,PAID
INV-2026-001726,V0063,Fusion Consulting Incorporated,2026-03-05,2026-03-20,USD,15541.71,2797.51,18339.22,PR-59377,IT,Office equipment,PAID
INV-2026-001948,V0073,Crescent Logistics Corporation,2026-03-05,2026-04-04,USD,11358.96,908.72,12267.67,PO-75593,OPS,Security services,PAID
INV-2026-000227,V0068,Harbor Supplies Limited,2026-03-06,2026-04-05,USD,15923.33,0.0,15923.33,CAPEX-63218,HR,Security services,REVIEW
INV-2026-000371,V0059,Seacrest Solutions Limited,2026-03-06,2026-04-05,USD,6126.64,919.0,7045.64,OPEX-86609,IT,Cloud infrastructure services,PAID
INV-2026-000426,V0037,Seacrest Holdings Limited,2026-03-06,2026-04-05,LKR,147514.83,11801.19,159316.01,PR-80932,IT,Network equipment,PAID
INV-2026-000494,V0074,Crescent Supplies Corporation,2026-03-06,2026-04-20,USD,11315.79,0.0,11315.79,CAPEX-70142,PROC,Packaging materials,REVIEW
INV-2026-001246,V0026,Vertex Consulting Incorporated,2026-03-06,2026-04-05,USD,11139.16,891.13,12030.29,CAPEX-21219,OPS,Security services,REVIEW
INV-2026-001607,V0044,Evergreen Systems Incorporated,2026-03-06,2026-04-05,USD,9305.26,1674.95,10980.21,PO-61290,HR,Freight and logistics,PAID
INV-2026-001692,V0073,Crescent Logistics Corporation,2026-03-06,2026-04-05,EUR,593.39,0.0,593.39,PR-33713,MKT,Network equipment,OPEN
INV-2026-001838,V0070,Royal Supplies Incorporated,2026-03-06,2026-03-21,EUR,16110.98,0.0,16110.98,PO-31271,FIN,Network equipment,REVIEW
INV-2026-001975,V0027,Pioneer Solutions Incorporated,2026-03-06,2026-03-21,USD,9471.51,0.0,9471.51,PR-70713,PROC,Packaging materials,OPEN
INV-2026-001998,V0035,Global Engineering Limited,2026-03-06,2026-04-05,EUR,7936.29,1190.44,9126.73,OPEX-35704,FIN,Network equipment,PAID
INV-2026-000303,V0021,Vertex Supplies Corporation,2026-03-07,2026-03-22,EUR,13521.51,0.0,13521.51,PR-76692,IT,Cloud infrastructure services,PAID
INV-2026-000614,V0037,Seacrest Holdings Limited,2026-03-07,2026-03-22,USD,6089.65,913.45,7003.09,CAPEX-10803,IT,Training services,REVIEW
INV-2026-001008,V0019,Titan Foods Incorporated,2026-03-07,2026-04-06,EUR,11617.43,2091.14,13708.57,PR-11617,IT,Software licensing,REVIEW
INV-2026-001497,V0034,Metro Consulting Limited,2026-03-07,2026-05-06,GBP,18661.7,0.0,18661.7,PO-94179,HR,Maintenance services,PAID
INV-2026-001544,V0049,Seacrest Consulting Incorporated,2026-03-07,2026-03-22,GBP,9394.53,1409.18,10803.71,PR-73871,MKT,Office equipment,REVIEW
INV-2026-001579,V0068,Harbor Supplies Limited,2026-03-07,2026-03-22,EUR,1330.71,199.61,1530.32,PO-99484,OPS,Software licensing,REVIEW
INV-2026-001688,V0078,Northstar Packaging Corporation,2026-03-07,2026-04-06,USD,6621.91,529.75,7151.67,OPEX-25619,PROC,Office equipment,PAID
INV-2026-001880,V0005,Nova Logistics Limited,2026-03-07,2026-03-22,EUR,8253.67,660.29,8913.96,OPEX-37405,IT,Network equipment,PAID
INV-2026-000379,V0048,Zenith Trading Incorporated,2026-03-08,2026-05-07,USD,9339.56,0.0,9339.56,OPEX-17035,MKT,Training services,OPEN
INV-2026-000459,V0071,Harbor Technologies Limited,2026-03-08,2026-05-07,EUR,9505.43,0.0,9505.43,CAPEX-61445,FIN,Security services,OPEN
INV-2026-000471,V0022,Crescent Supplies Limited,2026-03-08,2026-04-07,EUR,19169.78,2875.47,22045.24,PO-96736,MKT,Office equipment,PAID
INV-2026-001153,V0059,Seacrest Solutions Limited,2026-03-08,2026-04-22,USD,15291.35,1529.13,16820.48,PR-26248,LOG,Packaging materials,PAID
INV-2026-001187,V0049,Seacrest Consulting Incorporated,2026-03-08,2026-03-23,USD,1769.31,0.0,1769.31,PO-93674,LOG,Software licensing,PAID
INV-2026-001308,V0008,Global Textiles Limited,2026-03-08,2026-04-07,USD,13606.35,1088.51,14694.86,PO-88719,FIN,Network equipment,OPEN
INV-2026-001896,V0012,Evergreen Industries Corporation,2026-03-08,2026-04-07,USD,11032.28,0.0,11032.28,PO-66062,HR,Professional consulting,PAID
INV-2026-001902,V0038,Insight Services Limited,2026-03-08,2026-04-07,USD,10970.01,0.0,10970.01,OPEX-47641,HR,Data services,PAID
INV-2026-001911,V0001,Unity Trading Limited,2026-03-08,2026-04-07,LKR,1296460.41,194469.06,1490929.47,OPEX-75332,FIN,Data services,REVIEW
INV-2026-000146,V0016,Zenith Holdings Incorporated,2026-03-09,2026-04-08,GBP,8991.91,1348.79,10340.7,CAPEX-74382,FIN,Software licensing,PAID
INV-2026-000349,V0085,Royal Holdings Limited,2026-03-09,2026-03-24,GBP,10937.23,0.0,10937.23,CAPEX-59996,OPS,Freight and logistics,PAID
INV-2026-000432,V0072,Westbridge Logistics Limited,2026-03-09,2026-04-08,USD,11729.64,938.37,12668.01,PO-53327,HR,Warehouse supplies,PAID
INV-2026-000518,V0014,Delta Foods Corporation,2026-03-09,2026-05-08,USD,1796.11,179.61,1975.72,CAPEX-40062,FIN,Warehouse supplies,PAID
INV-2026-001335,V0064,Redwood Textiles Limited,2026-03-09,2026-03-24,LKR,295215.62,23617.25,318832.87,PO-56362,MKT,Software licensing,REVIEW
INV-2026-001479,V0039,Zenith Consulting Incorporated,2026-03-09,2026-05-08,USD,6901.91,1242.34,8144.25,CAPEX-92040,HR,Software licensing,PAID
INV-2026-001529,V0080,Vertex Textiles Corporation,2026-03-09,2026-05-08,USD,2462.24,196.98,2659.22,CAPEX-54204,FIN,Office equipment,REVIEW
INV-2026-001828,V0051,Nova Systems Corporation,2026-03-09,2026-03-24,EUR,4676.91,0.0,4676.91,OPEX-41323,HR,Cloud infrastructure services,PAID
INV-2026-000019,V0076,Royal Services Incorporated,2026-03-10,2026-04-09,LKR,509852.96,0.0,509852.96,CAPEX-69087,FIN,Packaging materials,OPEN
INV-2026-000045,V0027,Pioneer Solutions Incorporated,2026-03-10,2026-05-09,USD,18562.13,1856.21,20418.35,OPEX-25915,IT,Training services,REVIEW
INV-2026-000161,V0016,Zenith Holdings Incorporated,2026-03-10,2026-04-24,USD,2920.65,0.0,2920.65,CAPEX-60351,MKT,Security services,PAID
INV-2026-000192,V0058,Harbor Logistics Limited,2026-03-10,2026-04-09,USD,11699.32,1754.9,13454.22,PO-44282,PROC,Network equipment,PAID
INV-2026-000505,V0031,Pioneer Supplies Incorporated,2026-03-10,2026-04-24,EUR,6940.76,0.0,6940.76,OPEX-65567,FIN,Maintenance services,PAID
INV-2026-000587,V0079,Global Trading Limited,2026-03-10,2026-05-09,EUR,12293.76,1844.06,14137.82,PR-40266,PROC,Cloud infrastructure services,PAID
INV-2026-000854,V0009,Orbit Consulting Limited,2026-03-10,2026-04-24,USD,2444.78,366.72,2811.5,CAPEX-68762,PROC,Maintenance services,PAID
INV-2026-001081,V0069,Keystone Technologies Incorporated,2026-03-10,2026-03-25,USD,13166.84,1316.68,14483.52,PR-28333,OPS,Warehouse supplies,PAID
INV-2026-001227,V0089,Pioneer Supplies Limited,2026-03-10,2026-04-24,USD,3520.06,0.0,3520.06,CAPEX-93479,OPS,Warehouse supplies,OPEN
INV-2026-001639,V0037,Seacrest Holdings Limited,2026-03-10,2026-03-25,USD,18385.27,0.0,18385.27,CAPEX-76688,IT,Cloud infrastructure services,PAID
INV-2026-001810,V0014,Delta Foods Corporation,2026-03-10,2026-05-09,USD,12354.85,1853.23,14208.08,PO-90312,OPS,Freight and logistics,PAID
INV-2026-001890,V0022,Crescent Supplies Limited,2026-03-10,2026-05-09,GBP,11153.35,2007.6,13160.95,CAPEX-69382,FIN,Security services,PAID
INV-2026-000018,V0067,Unity Foods Corporation,2026-03-11,2026-05-10,LKR,1841244.87,184124.49,2025369.36,OPEX-67091,MKT,Warehouse supplies,PAID
INV-2026-000327,V0050,Keystone Trading Corporation,2026-03-11,2026-04-10,USD,6459.29,0.0,6459.29,PO-46822,IT,Packaging materials,PAID
INV-2026-000527,V0089,Pioneer Supplies Limited,2026-03-11,2026-04-10,GBP,14889.39,1191.15,16080.54,OPEX-34641,MKT,Software licensing,REVIEW
INV-2026-000713,V0055,Lanka Systems Incorporated,2026-03-11,2026-05-10,EUR,11555.56,0.0,11555.56,PO-91324,OPS,Warehouse supplies,REVIEW
INV-2026-000785,V0044,Evergreen Systems Incorporated,2026-03-11,2026-03-26,EUR,16047.57,1604.76,17652.33,OPEX-37490,OPS,Software licensing,PAID
INV-2026-000952,V0041,Metro Foods Limited,2026-03-11,2026-04-25,USD,3689.77,0.0,3689.77,CAPEX-94587,IT,Network equipment,REVIEW
INV-2026-001198,V0077,Pioneer Packaging Limited,2026-03-11,2026-04-10,EUR,2258.28,225.83,2484.1,OPEX-36177,LOG,Network equipment,REVIEW
INV-2026-001223,V0057,Keystone Packaging Limited,2026-03-11,2026-04-10,USD,1096.79,109.68,1206.47,OPEX-35419,OPS,Professional consulting,REVIEW
INV-2026-001387,V0078,Northstar Packaging Corporation,2026-03-11,2026-03-26,GBP,5586.03,558.6,6144.64,OPEX-15756,PROC,Warehouse supplies,PAID
INV-2026-001478,V0077,Pioneer Packaging Limited,2026-03-11,2026-04-25,GBP,3629.45,544.42,4173.87,OPEX-77397,OPS,Training services,PAID
INV-2026-000003,V0031,Pioneer Supplies Incorporated,2026-03-12,2026-04-26,USD,14305.27,0.0,14305.27,CAPEX-54020,OPS,Data services,REVIEW
INV-2026-000077,V0001,Unity Trading Limited,2026-03-12,2026-04-11,USD,10859.48,0.0,10859.48,PO-96646,MKT,Cloud infrastructure services,PAID
INV-2026-000243,V0056,Silverline Technologies Incorporated,2026-03-12,2026-04-26,USD,9746.52,0.0,9746.52,CAPEX-42990,FIN,Warehouse supplies,REVIEW
INV-2026-000276,V0008,Global Textiles Limited,2026-03-12,2026-04-11,GBP,17337.65,0.0,17337.65,PR-52217,MKT,Professional consulting,PAID
INV-2026-000671,V0059,Seacrest Solutions Limited,2026-03-12,2026-04-26,GBP,18079.42,1446.35,19525.78,CAPEX-31229,MKT,Software licensing,PAID
INV-2026-000720,V0022,Crescent Supplies Limited,2026-03-12,2026-03-27,GBP,3061.33,0.0,3061.33,PR-78247,PROC,Cloud infrastructure services,PAID
INV-2026-000955,V0088,Unity Technologies Limited,2026-03-12,2026-04-11,GBP,12128.2,0.0,12128.2,CAPEX-11118,MKT,Office equipment,REVIEW
INV-2026-000969,V0059,Seacrest Solutions Limited,2026-03-12,2026-04-11,USD,19822.77,1982.28,21805.05,PO-62328,LOG,Professional consulting,PAID
INV-2026-001226,V0013,Delta Solutions Corporation,2026-03-12,2026-04-11,EUR,14026.3,1402.63,15428.93,OPEX-61496,IT,Professional consulting,REVIEW
INV-2026-001301,V0036,Unity Packaging Corporation,2026-03-12,2026-03-27,USD,15454.22,1236.34,16690.56,CAPEX-84852,HR,Cloud infrastructure services,OPEN
INV-2026-001302,V0079,Global Trading Limited,2026-03-12,2026-04-11,USD,13225.49,2380.59,15606.08,PO-26293,OPS,Security services,PAID
INV-2026-001378,V0078,Northstar Packaging Corporation,2026-03-12,2026-05-11,GBP,18195.49,0.0,18195.49,PR-10350,MKT,Professional consulting,PAID
INV-2026-001388,V0033,BrightPath Logistics Corporation,2026-03-12,2026-03-27,EUR,16487.72,2967.79,19455.5,OPEX-89632,PROC,Packaging materials,REVIEW
INV-2026-001571,V0009,Orbit Consulting Limited,2026-03-12,2026-05-11,USD,18953.34,3411.6,22364.94,PO-88346,HR,Maintenance services,REVIEW
INV-2026-001668,V0025,Lanka Foods Limited,2026-03-12,2026-04-11,USD,16973.72,0.0,16973.72,OPEX-42320,FIN,Training services,PAID
INV-2026-001885,V0086,Orbit Supplies Limited,2026-03-12,2026-04-11,USD,16467.6,0.0,16467.6,PO-33513,FIN,Professional consulting,OPEN
INV-2026-000145,V0041,Metro Foods Limited,2026-03-13,2026-04-12,USD,635.16,0.0,635.16,OPEX-77861,HR,Data services,PAID
INV-2026-000178,V0032,Keystone Logistics Limited,2026-03-13,2026-05-12,USD,4590.36,367.23,4957.59,CAPEX-37168,PROC,Warehouse supplies,REVIEW
INV-2026-000361,V0040,Summit Textiles Incorporated,2026-03-13,2026-04-27,LKR,1399961.12,0.0,1399961.12,PR-27614,OPS,Warehouse supplies,PAID
INV-2026-000581,V0072,Westbridge Logistics Limited,2026-03-13,2026-04-12,USD,6914.71,691.47,7606.18,PR-21507,PROC,Maintenance services,PAID
INV-2026-000658,V0079,Global Trading Limited,2026-03-13,2026-04-12,LKR,532487.55,95847.76,628335.31,PO-89144,FIN,Security services,REVIEW
INV-2026-001106,V0019,Titan Foods Incorporated,2026-03-13,2026-04-12,USD,17482.85,0.0,17482.85,PR-37521,LOG,Software licensing,REVIEW
INV-2026-001295,V0035,Global Engineering Limited,2026-03-13,2026-05-12,USD,6092.21,0.0,6092.21,PO-46581,MKT,Security services,PAID
INV-2026-001599,V0049,Seacrest Consulting Incorporated,2026-03-13,2026-04-12,LKR,1563970.06,125117.6,1689087.66,PO-92121,PROC,Maintenance services,PAID
INV-2026-001847,V0020,Global Solutions Limited,2026-03-13,2026-04-12,LKR,838758.92,0.0,838758.92,CAPEX-19845,HR,Office equipment,REVIEW
INV-2026-000628,V0019,Titan Foods Incorporated,2026-03-14,2026-05-13,USD,3524.95,282.0,3806.94,CAPEX-80854,HR,Cloud infrastructure services,PAID
INV-2026-000668,V0029,Zenith Supplies Limited,2026-03-14,2026-04-13,USD,796.75,119.51,916.26,PO-17455,LOG,Training services,PAID
INV-2026-000823,V0056,Silverline Technologies Incorporated,2026-03-14,2026-04-13,EUR,16612.23,1328.98,17941.21,CAPEX-67117,FIN,Network equipment,PAID
INV-2026-001035,V0077,Pioneer Packaging Limited,2026-03-14,2026-04-13,GBP,13347.17,2402.49,15749.66,PO-88496,OPS,Office equipment,PAID
INV-2026-001359,V0062,Vertex Packaging Incorporated,2026-03-14,2026-05-13,EUR,4982.93,0.0,4982.93,OPEX-61595,OPS,Data services,REVIEW
INV-2026-001375,V0036,Unity Packaging Corporation,2026-03-14,2026-04-28,EUR,14618.94,1169.52,15788.46,OPEX-43390,LOG,Data services,PAID
INV-2026-001444,V0003,Harbor Services Incorporated,2026-03-14,2026-05-13,GBP,9876.25,0.0,9876.25,OPEX-80463,FIN,Maintenance services,PAID
INV-2026-001602,V0051,Nova Systems Corporation,2026-03-14,2026-05-13,USD,5779.93,866.99,6646.92,CAPEX-24220,MKT,Software licensing,PAID
INV-2026-001812,V0089,Pioneer Supplies Limited,2026-03-14,2026-03-29,USD,17060.87,3070.96,20131.83,PR-71952,MKT,Packaging materials,PAID
INV-2026-000185,V0042,Evergreen Packaging Limited,2026-03-15,2026-03-30,LKR,201684.92,30252.74,231937.66,PR-80143,PROC,Warehouse supplies,PAID
INV-2026-000296,V0065,Pioneer Industries Incorporated,2026-03-15,2026-05-14,LKR,845478.19,152186.07,997664.26,OPEX-20803,PROC,Data services,PAID
INV-2026-000513,V0079,Global Trading Limited,2026-03-15,2026-04-29,GBP,19137.1,0.0,19137.1,CAPEX-65288,PROC,Security services,OPEN
INV-2026-000601,V0058,Harbor Logistics Limited,2026-03-15,2026-04-14,USD,17983.01,0.0,17983.01,PO-91600,MKT,Office equipment,PAID
INV-2026-000610,V0078,Northstar Packaging Corporation,2026-03-15,2026-04-29,EUR,16974.22,1357.94,18332.16,CAPEX-27001,LOG,Security services,PAID
INV-2026-000791,V0035,Global Engineering Limited,2026-03-15,2026-04-14,USD,13774.68,0.0,13774.68,OPEX-41258,IT,Freight and logistics,PAID
INV-2026-000999,V0039,Zenith Consulting Incorporated,2026-03-15,2026-05-14,USD,19358.39,0.0,19358.39,CAPEX-73068,IT,Network equipment,REVIEW
INV-2026-001228,V0077,Pioneer Packaging Limited,2026-03-15,2026-03-30,USD,3799.37,683.89,4483.25,OPEX-50019,MKT,Warehouse supplies,PAID
INV-2026-001272,V0057,Keystone Packaging Limited,2026-03-15,2026-04-14,USD,14874.02,1487.4,16361.42,PR-21274,LOG,Cloud infrastructure services,REVIEW
INV-2026-001694,V0077,Pioneer Packaging Limited,2026-03-15,2026-04-14,USD,12373.44,0.0,12373.44,PO-91169,IT,Cloud infrastructure services,OPEN
INV-2026-001704,V0007,Quantum Technologies Incorporated,2026-03-15,2026-04-14,USD,12009.22,1200.92,13210.14,OPEX-81380,FIN,Network equipment,PAID
INV-2026-001746,V0035,Global Engineering Limited,2026-03-15,2026-05-14,EUR,4649.5,371.96,5021.46,PR-84188,FIN,Network equipment,REVIEW
INV-2026-001774,V0023,Metro Consulting Corporation,2026-03-15,2026-05-14,USD,18847.28,0.0,18847.28,PR-12252,MKT,Professional consulting,REVIEW
INV-2026-000028,V0071,Harbor Technologies Limited,2026-03-16,2026-04-15,GBP,17385.01,1738.5,19123.51,PO-11607,LOG,Office equipment,PAID
INV-2026-000730,V0061,Silverline Services Limited,2026-03-16,2026-05-15,GBP,3044.02,456.6,3500.62,OPEX-54392,PROC,Software licensing,PAID
INV-2026-001149,V0044,Evergreen Systems Incorporated,2026-03-16,2026-04-15,EUR,17136.34,1713.63,18849.97,PO-99505,HR,Professional consulting,PAID
INV-2026-001232,V0073,Crescent Logistics Corporation,2026-03-16,2026-04-15,EUR,10122.55,0.0,10122.55,PO-23106,OPS,Warehouse supplies,PAID
INV-2026-001458,V0008,Global Textiles Limited,2026-03-16,2026-04-30,LKR,1649073.62,0.0,1649073.62,CAPEX-62354,PROC,Data services,PAID
INV-2026-001553,V0013,Delta Solutions Corporation,2026-03-16,2026-04-30,LKR,81039.8,8103.98,89143.78,CAPEX-57000,MKT,Training services,REVIEW
INV-2026-001596,V0015,Titan Consulting Limited,2026-03-16,2026-03-31,USD,13232.73,1058.62,14291.35,PR-61107,MKT,Professional consulting,OPEN
INV-2026-001633,V0042,Evergreen Packaging Limited,2026-03-16,2026-03-31,USD,12103.91,1210.39,13314.31,PO-91508,LOG,Maintenance services,OPEN
INV-2026-001767,V0032,Keystone Logistics Limited,2026-03-16,2026-04-15,USD,12056.66,1205.67,13262.33,PO-99979,LOG,Professional consulting,PAID
INV-2026-001825,V0071,Harbor Technologies Limited,2026-03-16,2026-05-15,LKR,926461.82,74116.95,1000578.77,CAPEX-12348,HR,Security services,PAID
INV-2026-001916,V0050,Keystone Trading Corporation,2026-03-16,2026-04-30,USD,7170.96,573.68,7744.64,CAPEX-15546,FIN,Maintenance services,PAID
INV-2026-000140,V0085,Royal Holdings Limited,2026-03-17,2026-04-16,USD,12100.12,1210.01,13310.13,PR-68183,OPS,Packaging materials,PAID
INV-2026-000705,V0029,Zenith Supplies Limited,2026-03-17,2026-05-16,USD,15816.19,2846.91,18663.11,PR-85775,LOG,Professional consulting,REVIEW
INV-2026-000710,V0046,Metro Holdings Incorporated,2026-03-17,2026-04-16,GBP,19979.16,0.0,19979.16,OPEX-97691,OPS,Freight and logistics,REVIEW
INV-2026-000953,V0011,Nova Engineering Corporation,2026-03-17,2026-05-16,EUR,10987.44,0.0,10987.44,CAPEX-39850,IT,Software licensing,PAID
INV-2026-001131,V0018,Royal Networks Incorporated,2026-03-17,2026-05-01,USD,16724.82,2508.72,19233.54,OPEX-41784,FIN,Professional consulting,REVIEW
INV-2026-001152,V0022,Crescent Supplies Limited,2026-03-17,2026-04-16,USD,5688.73,455.1,6143.83,CAPEX-21695,IT,Freight and logistics,OPEN
INV-2026-001241,V0009,Orbit Consulting Limited,2026-03-17,2026-04-01,USD,934.15,74.73,1008.88,PO-16972,HR,Office equipment,PAID
INV-2026-001316,V0074,Crescent Supplies Corporation,2026-03-17,2026-04-16,USD,4952.3,396.18,5348.48,PR-69745,OPS,Warehouse supplies,PAID
INV-2026-001400,V0023,Metro Consulting Corporation,2026-03-17,2026-04-16,GBP,8859.21,0.0,8859.21,OPEX-56550,LOG,Network equipment,PAID
INV-2026-001428,V0087,Orbit Trading Limited,2026-03-17,2026-04-01,EUR,5432.64,434.61,5867.25,CAPEX-64664,IT,Packaging materials,REVIEW
INV-2026-001516,V0027,Pioneer Solutions Incorporated,2026-03-17,2026-04-16,EUR,8367.74,0.0,8367.74,OPEX-32599,FIN,Data services,PAID
INV-2026-001715,V0004,Delta Solutions Incorporated,2026-03-17,2026-04-01,USD,3812.0,686.16,4498.16,PO-18784,OPS,Packaging materials,PAID
INV-2026-001787,V0013,Delta Solutions Corporation,2026-03-17,2026-04-16,USD,7089.04,708.9,7797.94,OPEX-20239,LOG,Office equipment,REVIEW
INV-2026-001846,V0055,Lanka Systems Incorporated,2026-03-17,2026-04-01,LKR,235484.13,18838.73,254322.87,PR-43853,MKT,Maintenance services,PAID
INV-2026-001999,V0079,Global Trading Limited,2026-03-17,2026-04-16,GBP,5022.9,0.0,5022.9,CAPEX-61299,MKT,Professional consulting,PAID
INV-2026-000032,V0057,Keystone Packaging Limited,2026-03-18,2026-05-17,USD,6190.96,928.64,7119.6,PO-89905,PROC,Software licensing,PAID
INV-2026-000448,V0019,Titan Foods Incorporated,2026-03-18,2026-04-17,USD,11124.06,1668.61,12792.67,PR-26152,IT,Cloud infrastructure services,PAID
INV-2026-001054,V0032,Keystone Logistics Limited,2026-03-18,2026-04-02,EUR,18103.84,1448.31,19552.14,OPEX-28331,LOG,Packaging materials,PAID
INV-2026-001429,V0042,Evergreen Packaging Limited,2026-03-18,2026-04-02,EUR,2340.26,421.25,2761.51,PO-79634,PROC,Maintenance services,PAID
INV-2026-001672,V0002,Zenith Consulting Limited,2026-03-18,2026-04-17,USD,2983.9,0.0,2983.9,PO-95411,PROC,Maintenance services,PAID
INV-2026-001697,V0003,Harbor Services Incorporated,2026-03-18,2026-04-02,USD,6124.76,489.98,6614.74,OPEX-36825,IT,Training services,PAID
INV-2026-000158,V0083,Metro Engineering Limited,2026-03-19,2026-05-03,USD,16117.2,2901.1,19018.3,OPEX-48985,HR,Software licensing,PAID
INV-2026-000283,V0017,Delta Pharma Limited,2026-03-19,2026-04-18,LKR,1867132.99,149370.64,2016503.63,PO-95798,OPS,Office equipment,REVIEW
INV-2026-000551,V0010,Silverline Systems Incorporated,2026-03-19,2026-04-03,USD,19216.46,0.0,19216.46,PO-40279,LOG,Maintenance services,OPEN
INV-2026-000580,V0081,Nova Textiles Corporation,2026-03-19,2026-04-18,EUR,5604.46,0.0,5604.46,CAPEX-60747,MKT,Cloud infrastructure services,REVIEW
INV-2026-000636,V0010,Silverline Systems Incorporated,2026-03-19,2026-05-18,USD,8088.23,808.82,8897.05,PR-91379,FIN,Data services,REVIEW
INV-2026-000656,V0077,Pioneer Packaging Limited,2026-03-19,2026-05-18,USD,1340.99,134.1,1475.08,PR-85085,IT,Training services,PAID
INV-2026-000786,V0084,Harbor Industries Limited,2026-03-19,2026-05-18,LKR,617320.32,111117.66,728437.97,CAPEX-36224,HR,Maintenance services,PAID
INV-2026-000820,V0049,Seacrest Consulting Incorporated,2026-03-19,2026-05-03,GBP,7493.52,1124.03,8617.54,PO-86085,FIN,Office equipment,PAID
INV-2026-000847,V0051,Nova Systems Corporation,2026-03-19,2026-04-03,USD,2806.07,0.0,2806.07,PO-12082,PROC,Professional consulting,PAID
INV-2026-000859,V0064,Redwood Textiles Limited,2026-03-19,2026-04-18,USD,11189.79,0.0,11189.79,CAPEX-44184,OPS,Training services,OPEN
INV-2026-000913,V0081,Nova Textiles Corporation,2026-03-19,2026-04-18,USD,19604.77,1568.38,21173.15,PO-46799,HR,Warehouse supplies,PAID
INV-2026-001010,V0033,BrightPath Logistics Corporation,2026-03-19,2026-05-18,EUR,13210.7,1321.07,14531.77,CAPEX-63950,MKT,Warehouse supplies,REVIEW
INV-2026-001208,V0054,Jade Industries Limited,2026-03-19,2026-04-18,USD,15103.4,1510.34,16613.74,PO-82935,MKT,Network equipment,OPEN
INV-2026-001245,V0034,Metro Consulting Limited,2026-03-19,2026-05-18,USD,3565.24,356.52,3921.77,CAPEX-85781,FIN,Training services,PAID
INV-2026-001262,V0075,Vertex Packaging Limited,2026-03-19,2026-04-03,GBP,13050.4,2349.07,15399.47,OPEX-15587,OPS,Freight and logistics,PAID
INV-2026-001265,V0036,Unity Packaging Corporation,2026-03-19,2026-05-03,USD,18333.26,3299.99,21633.25,OPEX-59351,HR,Security services,REVIEW
INV-2026-001466,V0075,Vertex Packaging Limited,2026-03-19,2026-04-18,EUR,359.89,28.79,388.68,OPEX-72517,LOG,Freight and logistics,OPEN
INV-2026-001717,V0027,Pioneer Solutions Incorporated,2026-03-19,2026-05-03,EUR,11843.05,1184.31,13027.36,PO-99013,HR,Cloud infrastructure services,PAID
INV-2026-001785,V0018,Royal Networks Incorporated,2026-03-19,2026-05-03,USD,2949.23,0.0,2949.23,OPEX-43150,HR,Maintenance services,PAID
INV-2026-000025,V0035,Global Engineering Limited,2026-03-20,2026-04-19,USD,2518.64,0.0,2518.64,CAPEX-25670,PROC,Data services,PAID
INV-2026-000217,V0046,Metro Holdings Incorporated,2026-03-20,2026-04-19,USD,10314.79,1031.48,11346.27,OPEX-22924,MKT,Warehouse supplies,PAID
INV-2026-000573,V0015,Titan Consulting Limited,2026-03-20,2026-05-04,USD,572.23,0.0,572.23,PR-36712,LOG,Data services,PAID
INV-2026-000724,V0017,Delta Pharma Limited,2026-03-20,2026-04-19,LKR,538514.73,53851.47,592366.2,CAPEX-47767,MKT,Cloud infrastructure services,OPEN
INV-2026-000808,V0081,Nova Textiles Corporation,2026-03-20,2026-04-19,EUR,1754.77,0.0,1754.77,PR-77681,PROC,Training services,PAID
INV-2026-001012,V0090,Nova Packaging Corporation,2026-03-20,2026-04-04,USD,16349.82,0.0,16349.82,PO-19154,MKT,Warehouse supplies,PAID
INV-2026-001220,V0022,Crescent Supplies Limited,2026-03-20,2026-05-19,GBP,2149.04,214.9,2363.94,PO-24444,FIN,Cloud infrastructure services,PAID
INV-2026-001407,V0046,Metro Holdings Incorporated,2026-03-20,2026-04-19,USD,10989.95,0.0,10989.95,OPEX-90820,HR,Security services,OPEN
INV-2026-001506,V0027,Pioneer Solutions Incorporated,2026-03-20,2026-04-19,USD,641.34,96.2,737.54,PO-26688,LOG,Network equipment,REVIEW
INV-2026-001714,V0089,Pioneer Supplies Limited,2026-03-20,2026-04-19,LKR,827086.74,0.0,827086.74,PO-35035,IT,Cloud infrastructure services,PAID
INV-2026-001762,V0031,Pioneer Supplies Incorporated,2026-03-20,2026-05-04,EUR,17234.6,1723.46,18958.06,OPEX-37969,FIN,Software licensing,REVIEW
INV-2026-001804,V0016,Zenith Holdings Incorporated,2026-03-20,2026-04-19,USD,17596.62,1759.66,19356.29,OPEX-87125,FIN,Maintenance services,PAID
INV-2026-001830,V0082,Redwood Logistics Incorporated,2026-03-20,2026-05-19,GBP,1137.77,170.67,1308.44,PR-80004,PROC,Data services,PAID
INV-2026-001914,V0086,Orbit Supplies Limited,2026-03-20,2026-05-04,USD,3272.83,0.0,3272.83,OPEX-27106,OPS,Warehouse supplies,PAID
INV-2026-001973,V0038,Insight Services Limited,2026-03-20,2026-04-19,EUR,1097.78,0.0,1097.78,CAPEX-16263,FIN,Maintenance services,REVIEW
INV-2026-000522,V0069,Keystone Technologies Incorporated,2026-03-21,2026-04-20,USD,10848.6,0.0,10848.6,OPEX-50352,OPS,Maintenance services,PAID
INV-2026-000654,V0075,Vertex Packaging Limited,2026-03-21,2026-05-20,USD,18083.28,2712.49,20795.77,PO-71455,HR,Data services,PAID
INV-2026-000774,V0018,Royal Networks Incorporated,2026-03-21,2026-05-05,USD,15308.54,2296.28,17604.82,OPEX-96517,LOG,Training services,PAID
INV-2026-000835,V0056,Silverline Technologies Incorporated,2026-03-21,2026-05-20,USD,7257.8,0.0,7257.8,CAPEX-77194,FIN,Packaging materials,PAID
INV-2026-001151,V0019,Titan Foods Incorporated,2026-03-21,2026-05-20,LKR,1938670.56,0.0,1938670.56,OPEX-22335,HR,Network equipment,PAID
INV-2026-001197,V0076,Royal Services Incorporated,2026-03-21,2026-04-20,LKR,431517.81,77673.21,509191.02,OPEX-66815,HR,Maintenance services,PAID
INV-2026-001395,V0001,Unity Trading Limited,2026-03-21,2026-04-20,EUR,7091.61,567.33,7658.94,OPEX-84471,MKT,Warehouse supplies,PAID
INV-2026-001469,V0029,Zenith Supplies Limited,2026-03-21,2026-04-20,USD,3103.76,465.56,3569.32,PO-95196,FIN,Network equipment,PAID
INV-2026-001538,V0072,Westbridge Logistics Limited,2026-03-21,2026-04-20,GBP,12308.77,0.0,12308.77,PO-63788,FIN,Freight and logistics,PAID
INV-2026-001542,V0067,Unity Foods Corporation,2026-03-21,2026-05-20,USD,15460.56,2319.08,17779.65,OPEX-40432,PROC,Packaging materials,REVIEW
INV-2026-001598,V0081,Nova Textiles Corporation,2026-03-21,2026-04-20,GBP,14764.28,1181.14,15945.42,OPEX-11340,HR,Maintenance services,PAID
INV-2026-000100,V0010,Silverline Systems Incorporated,2026-03-22,2026-05-21,USD,11519.19,2073.45,13592.64,OPEX-47947,IT,Maintenance services,PAID
INV-2026-000455,V0001,Unity Trading Limited,2026-03-22,2026-04-21,LKR,462513.27,83252.39,545765.65,OPEX-46264,MKT,Network equipment,OPEN
INV-2026-000618,V0087,Orbit Trading Limited,2026-03-22,2026-05-21,EUR,492.12,73.82,565.94,CAPEX-56346,IT,Freight and logistics,PAID
INV-2026-000620,V0040,Summit Textiles Incorporated,2026-03-22,2026-04-06,USD,8347.73,834.77,9182.5,PR-58704,HR,Office equipment,PAID
INV-2026-000664,V0049,Seacrest Consulting Incorporated,2026-03-22,2026-05-21,GBP,19122.71,0.0,19122.71,CAPEX-66595,LOG,Training services,PAID
INV-2026-000843,V0039,Zenith Consulting Incorporated,2026-03-22,2026-05-21,GBP,9165.36,1649.77,10815.13,OPEX-91764,MKT,Office equipment,PAID
INV-2026-001034,V0059,Seacrest Solutions Limited,2026-03-22,2026-04-21,LKR,1887207.57,0.0,1887207.57,OPEX-99126,HR,Freight and logistics,PAID
INV-2026-001055,V0089,Pioneer Supplies Limited,2026-03-22,2026-05-21,USD,12170.7,1825.61,13996.31,PR-22977,PROC,Cloud infrastructure services,REVIEW
INV-2026-001145,V0025,Lanka Foods Limited,2026-03-22,2026-05-06,GBP,7194.05,0.0,7194.05,PO-53426,HR,Warehouse supplies,PAID
INV-2026-001155,V0080,Vertex Textiles Corporation,2026-03-22,2026-04-21,USD,13682.15,2052.32,15734.48,OPEX-44449,PROC,Cloud infrastructure services,PAID
INV-2026-001218,V0066,Jade Pharma Incorporated,2026-03-22,2026-04-21,GBP,9145.96,0.0,9145.96,PO-27047,FIN,Network equipment,REVIEW
INV-2026-001248,V0089,Pioneer Supplies Limited,2026-03-22,2026-05-21,GBP,14286.46,1428.65,15715.1,CAPEX-66055,HR,Maintenance services,PAID
INV-2026-001320,V0044,Evergreen Systems Incorporated,2026-03-22,2026-04-06,USD,8241.04,1236.16,9477.19,PR-85499,HR,Training services,PAID
INV-2026-001486,V0046,Metro Holdings Incorporated,2026-03-22,2026-05-06,USD,8574.92,857.49,9432.41,OPEX-10743,MKT,Maintenance services,REVIEW
INV-2026-001969,V0017,Delta Pharma Limited,2026-03-22,2026-04-21,GBP,18620.55,0.0,18620.55,CAPEX-62600,IT,Packaging materials,PAID
INV-2026-000160,V0041,Metro Foods Limited,2026-03-23,2026-04-22,USD,2719.63,217.57,2937.2,PO-51827,FIN,Packaging materials,PAID
INV-2026-000179,V0063,Fusion Consulting Incorporated,2026-03-23,2026-05-07,USD,11262.49,2027.25,13289.74,CAPEX-47721,IT,Security services,PAID
INV-2026-000208,V0074,Crescent Supplies Corporation,2026-03-23,2026-05-22,EUR,15478.06,1238.24,16716.3,PR-49552,FIN,Training services,PAID
INV-2026-000218,V0061,Silverline Services Limited,2026-03-23,2026-04-22,USD,6340.89,0.0,6340.89,PR-29126,IT,Office equipment,REVIEW
INV-2026-000247,V0051,Nova Systems Corporation,2026-03-23,2026-04-22,GBP,13935.76,1393.58,15329.34,PR-52714,HR,Office equipment,PAID
INV-2026-000330,V0076,Royal Services Incorporated,2026-03-23,2026-04-22,EUR,680.75,122.53,803.28,CAPEX-84403,LOG,Freight and logistics,PAID
INV-2026-000338,V0078,Northstar Packaging Corporation,2026-03-23,2026-05-22,USD,12836.18,0.0,12836.18,OPEX-28434,OPS,Warehouse supplies,REVIEW
INV-2026-000729,V0059,Seacrest Solutions Limited,2026-03-23,2026-04-22,USD,19406.59,2910.99,22317.57,CAPEX-94835,PROC,Office equipment,PAID
INV-2026-000734,V0063,Fusion Consulting Incorporated,2026-03-23,2026-05-22,EUR,10289.73,0.0,10289.73,CAPEX-62108,FIN,Warehouse supplies,OPEN
INV-2026-000745,V0019,Titan Foods Incorporated,2026-03-23,2026-05-07,GBP,2813.69,0.0,2813.69,PO-45739,OPS,Maintenance services,REVIEW
INV-2026-000898,V0013,Delta Solutions Corporation,2026-03-23,2026-04-22,USD,17873.06,1429.84,19302.9,OPEX-25855,IT,Professional consulting,PAID
INV-2026-001065,V0022,Crescent Supplies Limited,2026-03-23,2026-05-07,USD,6982.04,1256.77,8238.8,OPEX-72503,LOG,Freight and logistics,REVIEW
INV-2026-001125,V0019,Titan Foods Incorporated,2026-03-23,2026-04-22,USD,9000.3,900.03,9900.33,PO-24832,LOG,Maintenance services,OPEN
INV-2026-001161,V0028,Unity Systems Incorporated,2026-03-23,2026-05-22,USD,19757.68,1975.77,21733.45,PO-57381,MKT,Maintenance services,PAID
INV-2026-001180,V0077,Pioneer Packaging Limited,2026-03-23,2026-04-22,USD,19188.11,1918.81,21106.92,PR-82841,HR,Professional consulting,PAID
INV-2026-001347,V0034,Metro Consulting Limited,2026-03-23,2026-05-07,USD,16203.53,1620.35,17823.88,OPEX-44170,IT,Office equipment,PAID
INV-2026-001475,V0007,Quantum Technologies Incorporated,2026-03-23,2026-04-07,USD,9628.59,962.86,10591.44,PO-72394,FIN,Software licensing,PAID
INV-2026-001610,V0071,Harbor Technologies Limited,2026-03-23,2026-04-07,USD,13733.09,1373.31,15106.39,PO-91079,PROC,Freight and logistics,OPEN
INV-2026-001718,V0064,Redwood Textiles Limited,2026-03-23,2026-04-22,USD,5204.95,520.49,5725.44,OPEX-80650,MKT,Software licensing,PAID
INV-2026-001816,V0089,Pioneer Supplies Limited,2026-03-23,2026-05-22,USD,14406.57,1440.66,15847.23,OPEX-26071,PROC,Training services,PAID
INV-2026-000043,V0033,BrightPath Logistics Corporation,2026-03-24,2026-04-08,LKR,823245.74,123486.86,946732.6,PO-96200,MKT,Data services,PAID
INV-2026-000333,V0023,Metro Consulting Corporation,2026-03-24,2026-04-08,USD,3056.51,550.17,3606.69,PR-24538,MKT,Data services,PAID
INV-2026-000362,V0057,Keystone Packaging Limited,2026-03-24,2026-04-23,GBP,8405.44,1512.98,9918.42,PO-34633,HR,Professional consulting,REVIEW
INV-2026-000464,V0006,Crescent Industries Limited,2026-03-24,2026-04-08,GBP,19372.62,3487.07,22859.69,CAPEX-44513,LOG,Data services,OPEN
INV-2026-000569,V0056,Silverline Technologies Incorporated,2026-03-24,2026-05-23,USD,2357.09,235.71,2592.8,OPEX-57876,OPS,Professional consulting,PAID
INV-2026-000830,V0014,Delta Foods Corporation,2026-03-24,2026-04-23,USD,1731.54,311.68,2043.21,OPEX-69513,PROC,Office equipment,PAID
INV-2026-000947,V0023,Metro Consulting Corporation,2026-03-24,2026-04-23,EUR,13926.85,2506.83,16433.69,OPEX-72096,OPS,Security services,PAID
INV-2026-000996,V0067,Unity Foods Corporation,2026-03-24,2026-04-23,USD,12640.08,0.0,12640.08,OPEX-19173,FIN,Cloud infrastructure services,PAID
INV-2026-001303,V0085,Royal Holdings Limited,2026-03-24,2026-04-23,LKR,378099.18,37809.92,415909.1,PO-67659,IT,Packaging materials,PAID
INV-2026-001327,V0049,Seacrest Consulting Incorporated,2026-03-24,2026-05-08,USD,10232.3,1534.85,11767.15,CAPEX-22700,FIN,Office equipment,REVIEW
INV-2026-001405,V0076,Royal Services Incorporated,2026-03-24,2026-04-23,EUR,7632.85,1144.93,8777.78,PO-52253,PROC,Software licensing,OPEN
INV-2026-001562,V0011,Nova Engineering Corporation,2026-03-24,2026-04-23,USD,16543.54,0.0,16543.54,PR-97493,OPS,Cloud infrastructure services,PAID
INV-2026-001667,V0080,Vertex Textiles Corporation,2026-03-24,2026-04-08,EUR,9879.9,1481.98,11361.88,CAPEX-18772,HR,Maintenance services,PAID
INV-2026-001842,V0050,Keystone Trading Corporation,2026-03-24,2026-04-23,USD,18011.41,0.0,18011.41,OPEX-34652,IT,Security services,PAID
INV-2026-001938,V0010,Silverline Systems Incorporated,2026-03-24,2026-04-23,USD,19061.4,0.0,19061.4,CAPEX-54634,OPS,Cloud infrastructure services,PAID
INV-2026-000101,V0003,Harbor Services Incorporated,2026-03-25,2026-04-24,LKR,1896538.26,189653.83,2086192.09,CAPEX-21551,HR,Software licensing,OPEN
INV-2026-000561,V0010,Silverline Systems Incorporated,2026-03-25,2026-05-09,USD,9826.93,1768.85,11595.78,PO-88018,PROC,Office equipment,PAID
INV-2026-000639,V0060,Zenith Packaging Limited,2026-03-25,2026-05-24,USD,16461.82,0.0,16461.82,CAPEX-63188,IT,Security services,PAID
INV-2026-000780,V0069,Keystone Technologies Incorporated,2026-03-25,2026-04-09,USD,13196.42,1319.64,14516.07,OPEX-44946,IT,Warehouse supplies,PAID
INV-2026-001023,V0006,Crescent Industries Limited,2026-03-25,2026-05-09,USD,12182.45,1218.24,13400.69,PO-55656,HR,Packaging materials,PAID
INV-2026-001049,V0013,Delta Solutions Corporation,2026-03-25,2026-04-09,GBP,18188.54,2728.28,20916.83,PR-63127,MKT,Warehouse supplies,OPEN
INV-2026-001108,V0038,Insight Services Limited,2026-03-25,2026-04-09,GBP,16340.53,1307.24,17647.78,PR-46659,FIN,Office equipment,PAID
INV-2026-001194,V0004,Delta Solutions Incorporated,2026-03-25,2026-04-24,USD,1778.84,320.19,2099.03,PR-45073,OPS,Packaging materials,PAID
INV-2026-001438,V0003,Harbor Services Incorporated,2026-03-25,2026-04-24,USD,12274.36,2209.38,14483.74,OPEX-87059,HR,Training services,PAID
INV-2026-001493,V0010,Silverline Systems Incorporated,2026-03-25,2026-05-09,LKR,324750.86,0.0,324750.86,CAPEX-85246,FIN,Data services,REVIEW
INV-2026-001507,V0009,Orbit Consulting Limited,2026-03-25,2026-04-24,USD,13204.36,0.0,13204.36,CAPEX-31402,HR,Office equipment,PAID
INV-2026-001669,V0001,Unity Trading Limited,2026-03-25,2026-04-24,LKR,1250788.73,187618.31,1438407.04,PR-45750,OPS,Packaging materials,PAID
INV-2026-001791,V0080,Vertex Textiles Corporation,2026-03-25,2026-04-24,USD,1132.22,169.83,1302.05,PO-67461,MKT,Packaging materials,OPEN
INV-2026-001814,V0086,Orbit Supplies Limited,2026-03-25,2026-04-24,USD,9290.38,1672.27,10962.65,PR-14823,IT,Cloud infrastructure services,OPEN
INV-2026-001983,V0045,Nova Solutions Corporation,2026-03-25,2026-04-24,USD,19843.96,3571.91,23415.87,CAPEX-11944,MKT,Network equipment,PAID
INV-2026-000113,V0009,Orbit Consulting Limited,2026-03-26,2026-04-10,EUR,13606.18,1088.49,14694.68,CAPEX-96057,LOG,Freight and logistics,OPEN
INV-2026-000137,V0084,Harbor Industries Limited,2026-03-26,2026-04-25,USD,16010.93,1601.09,17612.02,OPEX-67637,HR,Network equipment,REVIEW
INV-2026-000213,V0027,Pioneer Solutions Incorporated,2026-03-26,2026-04-10,USD,16961.01,0.0,16961.01,PR-16755,OPS,Maintenance services,PAID
INV-2026-000230,V0083,Metro Engineering Limited,2026-03-26,2026-05-25,LKR,1948333.5,292250.02,2240583.52,PO-40115,FIN,Warehouse supplies,PAID
INV-2026-000259,V0021,Vertex Supplies Corporation,2026-03-26,2026-05-25,USD,19174.24,0.0,19174.24,OPEX-92543,FIN,Freight and logistics,REVIEW
INV-2026-000436,V0043,Silverline Logistics Limited,2026-03-26,2026-04-25,USD,4462.69,669.4,5132.1,OPEX-83575,MKT,Training services,PAID
INV-2026-000456,V0018,Royal Networks Incorporated,2026-03-26,2026-05-10,USD,8973.72,717.9,9691.61,OPEX-82308,IT,Freight and logistics,REVIEW
INV-2026-000970,V0068,Harbor Supplies Limited,2026-03-26,2026-05-25,USD,9268.87,1390.33,10659.2,PO-21941,OPS,Training services,PAID
INV-2026-001352,V0048,Zenith Trading Incorporated,2026-03-26,2026-05-10,USD,11112.67,0.0,11112.67,PO-14728,MKT,Cloud infrastructure services,PAID
INV-2026-001439,V0077,Pioneer Packaging Limited,2026-03-26,2026-05-25,USD,9574.99,1436.25,11011.23,PO-54951,OPS,Network equipment,OPEN
INV-2026-001502,V0020,Global Solutions Limited,2026-03-26,2026-04-10,USD,12999.06,1039.92,14038.98,OPEX-79168,MKT,Warehouse supplies,OPEN
INV-2026-001525,V0039,Zenith Consulting Incorporated,2026-03-26,2026-05-10,GBP,11864.8,1779.72,13644.52,CAPEX-27263,OPS,Maintenance services,OPEN
INV-2026-001576,V0016,Zenith Holdings Incorporated,2026-03-26,2026-04-10,USD,18929.41,2839.41,21768.82,OPEX-63421,HR,Warehouse supplies,REVIEW
INV-2026-001665,V0074,Crescent Supplies Corporation,2026-03-26,2026-04-25,USD,19313.62,3476.45,22790.07,PR-87704,LOG,Professional consulting,PAID
INV-2026-001883,V0053,Pioneer Trading Incorporated,2026-03-26,2026-04-10,USD,10133.57,0.0,10133.57,CAPEX-10012,HR,Warehouse supplies,OPEN
INV-2026-000378,V0024,Unity Foods Limited,2026-03-27,2026-04-11,USD,7183.03,1292.95,8475.98,CAPEX-65112,MKT,Network equipment,PAID
INV-2026-000579,V0040,Summit Textiles Incorporated,2026-03-27,2026-05-11,USD,14918.49,0.0,14918.49,CAPEX-99694,OPS,Network equipment,PAID
INV-2026-000613,V0006,Crescent Industries Limited,2026-03-27,2026-04-26,EUR,16144.15,0.0,16144.15,PO-93967,FIN,Warehouse supplies,REVIEW
INV-2026-000617,V0069,Keystone Technologies Incorporated,2026-03-27,2026-05-11,LKR,1632979.08,293936.23,1926915.32,PO-78298,OPS,Security services,REVIEW
INV-2026-000665,V0035,Global Engineering Limited,2026-03-27,2026-04-26,USD,16070.05,1285.6,17355.65,OPEX-70438,MKT,Training services,REVIEW
INV-2026-000698,V0033,BrightPath Logistics Corporation,2026-03-27,2026-05-26,LKR,1782907.2,178290.72,1961197.92,PO-23686,PROC,Cloud infrastructure services,OPEN
INV-2026-000738,V0068,Harbor Supplies Limited,2026-03-27,2026-04-11,EUR,15151.55,0.0,15151.55,PO-63668,PROC,Office equipment,PAID
INV-2026-000989,V0018,Royal Networks Incorporated,2026-03-27,2026-04-26,GBP,15262.92,2747.33,18010.25,CAPEX-97342,HR,Software licensing,PAID
INV-2026-001311,V0047,Insight Technologies Incorporated,2026-03-27,2026-05-11,GBP,7569.35,605.55,8174.89,PO-31012,OPS,Cloud infrastructure services,PAID
INV-2026-001392,V0003,Harbor Services Incorporated,2026-03-27,2026-04-26,GBP,3483.97,522.59,4006.56,CAPEX-77677,IT,Training services,REVIEW
INV-2026-001877,V0069,Keystone Technologies Incorporated,2026-03-27,2026-05-11,USD,8684.77,1302.71,9987.48,PO-19996,IT,Security services,REVIEW
INV-2026-000085,V0053,Pioneer Trading Incorporated,2026-03-28,2026-05-12,USD,8389.87,0.0,8389.87,CAPEX-65936,OPS,Training services,REVIEW
INV-2026-000156,V0078,Northstar Packaging Corporation,2026-03-28,2026-05-27,USD,16525.7,0.0,16525.7,PO-15958,PROC,Security services,PAID
INV-2026-000168,V0048,Zenith Trading Incorporated,2026-03-28,2026-05-27,USD,15128.71,0.0,15128.71,OPEX-75546,IT,Cloud infrastructure services,PAID
INV-2026-000373,V0009,Orbit Consulting Limited,2026-03-28,2026-04-27,GBP,6583.72,526.7,7110.42,CAPEX-95998,PROC,Training services,REVIEW
INV-2026-000688,V0055,Lanka Systems Incorporated,2026-03-28,2026-05-12,USD,2521.55,453.88,2975.43,PR-52151,MKT,Professional consulting,PAID
INV-2026-000856,V0076,Royal Services Incorporated,2026-03-28,2026-05-27,LKR,1688872.59,303997.07,1992869.66,OPEX-27191,OPS,Warehouse supplies,PAID
INV-2026-001117,V0070,Royal Supplies Incorporated,2026-03-28,2026-04-12,USD,2887.89,433.18,3321.08,OPEX-31383,OPS,Network equipment,PAID
INV-2026-001280,V0005,Nova Logistics Limited,2026-03-28,2026-05-12,USD,4106.16,0.0,4106.16,PR-36769,LOG,Warehouse supplies,PAID
INV-2026-001433,V0011,Nova Engineering Corporation,2026-03-28,2026-04-27,USD,8086.7,0.0,8086.7,CAPEX-95576,PROC,Software licensing,PAID
INV-2026-001585,V0079,Global Trading Limited,2026-03-28,2026-05-12,GBP,11013.85,1101.39,12115.24,OPEX-25254,PROC,Data services,PAID
INV-2026-001586,V0009,Orbit Consulting Limited,2026-03-28,2026-04-27,USD,2930.66,293.07,3223.73,PR-62990,IT,Network equipment,PAID
INV-2026-001627,V0061,Silverline Services Limited,2026-03-28,2026-04-27,USD,6148.42,922.26,7070.68,PR-29925,FIN,Maintenance services,PAID
INV-2026-001680,V0046,Metro Holdings Incorporated,2026-03-28,2026-04-12,USD,6950.23,0.0,6950.23,OPEX-62502,LOG,Cloud infrastructure services,PAID
INV-2026-001721,V0049,Seacrest Consulting Incorporated,2026-03-28,2026-04-27,EUR,19681.92,0.0,19681.92,CAPEX-50607,LOG,Warehouse supplies,REVIEW
INV-2026-000021,V0034,Metro Consulting Limited,2026-03-29,2026-04-28,EUR,14059.53,1124.76,15184.3,PO-77715,FIN,Software licensing,OPEN
INV-2026-000177,V0069,Keystone Technologies Incorporated,2026-03-29,2026-05-28,USD,13556.27,2440.13,15996.4,CAPEX-89963,HR,Professional consulting,REVIEW
INV-2026-000497,V0052,Apex Consulting Incorporated,2026-03-29,2026-04-13,EUR,18636.16,1863.62,20499.77,CAPEX-56338,FIN,Security services,OPEN
INV-2026-000615,V0043,Silverline Logistics Limited,2026-03-29,2026-05-13,GBP,11430.16,0.0,11430.16,PR-35430,OPS,Network equipment,OPEN
INV-2026-000660,V0005,Nova Logistics Limited,2026-03-29,2026-04-13,USD,11959.42,0.0,11959.42,OPEX-64125,MKT,Maintenance services,PAID
INV-2026-000907,V0041,Metro Foods Limited,2026-03-29,2026-04-28,LKR,1422814.34,113825.15,1536639.48,PR-96805,OPS,Network equipment,REVIEW
INV-2026-000995,V0043,Silverline Logistics Limited,2026-03-29,2026-04-28,USD,10841.52,1951.47,12792.99,PR-39156,LOG,Maintenance services,OPEN
INV-2026-001239,V0067,Unity Foods Corporation,2026-03-29,2026-05-28,USD,8737.18,873.72,9610.9,CAPEX-47802,IT,Cloud infrastructure services,REVIEW
INV-2026-001274,V0010,Silverline Systems Incorporated,2026-03-29,2026-04-28,GBP,14631.95,2633.75,17265.7,OPEX-34921,MKT,Professional consulting,PAID
INV-2026-001328,V0064,Redwood Textiles Limited,2026-03-29,2026-04-13,EUR,10411.43,1561.71,11973.15,OPEX-47389,OPS,Maintenance services,OPEN
INV-2026-001492,V0082,Redwood Logistics Incorporated,2026-03-29,2026-04-28,EUR,7464.64,597.17,8061.81,PO-71845,FIN,Warehouse supplies,REVIEW
INV-2026-001797,V0059,Seacrest Solutions Limited,2026-03-29,2026-05-28,GBP,19591.63,1959.16,21550.79,CAPEX-85634,LOG,Data services,PAID
INV-2026-001845,V0071,Harbor Technologies Limited,2026-03-29,2026-04-13,EUR,16239.29,2923.07,19162.36,CAPEX-42248,OPS,Data services,PAID
INV-2026-000148,V0086,Orbit Supplies Limited,2026-03-30,2026-04-14,EUR,10898.37,871.87,11770.24,PR-93584,FIN,Network equipment,PAID
INV-2026-000181,V0011,Nova Engineering Corporation,2026-03-30,2026-05-14,GBP,5218.11,521.81,5739.92,PR-36485,MKT,Data services,REVIEW
INV-2026-000310,V0070,Royal Supplies Incorporated,2026-03-30,2026-04-14,USD,149.07,26.83,175.9,OPEX-50306,IT,Professional consulting,PAID
INV-2026-000511,V0033,BrightPath Logistics Corporation,2026-03-30,2026-04-14,USD,2530.2,455.44,2985.64,PR-85609,LOG,Training services,PAID
INV-2026-000570,V0042,Evergreen Packaging Limited,2026-03-30,2026-05-29,GBP,601.23,48.1,649.33,PR-55838,LOG,Packaging materials,PAID
INV-2026-000956,V0037,Seacrest Holdings Limited,2026-03-30,2026-05-14,USD,16458.6,2962.55,19421.15,PO-71866,PROC,Data services,PAID
INV-2026-000971,V0059,Seacrest Solutions Limited,2026-03-30,2026-04-29,USD,12306.99,0.0,12306.99,OPEX-42654,FIN,Security services,OPEN
INV-2026-001107,V0001,Unity Trading Limited,2026-03-30,2026-05-29,USD,6572.29,1183.01,7755.3,CAPEX-27512,HR,Security services,PAID
INV-2026-001417,V0010,Silverline Systems Incorporated,2026-03-30,2026-05-14,GBP,14839.73,2225.96,17065.69,PO-39057,LOG,Freight and logistics,PAID
INV-2026-001431,V0036,Unity Packaging Corporation,2026-03-30,2026-05-14,GBP,12390.75,2230.34,14621.09,OPEX-15326,IT,Network equipment,PAID
INV-2026-001858,V0038,Insight Services Limited,2026-03-30,2026-04-29,USD,19477.58,1947.76,21425.34,CAPEX-45305,FIN,Security services,PAID
INV-2026-000478,V0049,Seacrest Consulting Incorporated,2026-03-31,2026-05-30,LKR,1489253.23,268065.58,1757318.82,PO-65769,FIN,Office equipment,REVIEW
INV-2026-001238,V0087,Orbit Trading Limited,2026-03-31,2026-04-30,USD,11832.26,946.58,12778.84,CAPEX-34978,IT,Security services,PAID
INV-2026-001540,V0032,Keystone Logistics Limited,2026-03-31,2026-04-15,USD,19271.54,1541.72,20813.27,PR-62617,IT,Warehouse supplies,REVIEW
INV-2026-001558,V0063,Fusion Consulting Incorporated,2026-03-31,2026-04-30,LKR,889593.97,71167.52,960761.49,PR-32091,OPS,Cloud infrastructure services,PAID
INV-2026-000141,V0006,Crescent Industries Limited,2026-04-01,2026-05-31,USD,5578.16,0.0,5578.16,PO-97973,PROC,Maintenance services,PAID
INV-2026-000725,V0019,Titan Foods Incorporated,2026-04-01,2026-05-01,USD,19129.53,2869.43,21998.96,PR-80165,OPS,Freight and logistics,OPEN
INV-2026-001078,V0039,Zenith Consulting Incorporated,2026-04-01,2026-04-16,USD,7072.47,1273.04,8345.51,PR-62699,OPS,Cloud infrastructure services,PAID
INV-2026-001231,V0077,Pioneer Packaging Limited,2026-04-01,2026-05-16,EUR,140.01,0.0,140.01,OPEX-24337,IT,Cloud infrastructure services,PAID
INV-2026-001554,V0045,Nova Solutions Corporation,2026-04-01,2026-05-01,USD,8986.62,0.0,8986.62,CAPEX-70057,PROC,Training services,PAID
INV-2026-001654,V0089,Pioneer Supplies Limited,2026-04-01,2026-05-16,USD,17613.9,1409.11,19023.01,OPEX-70768,MKT,Packaging materials,PAID
INV-2026-001781,V0067,Unity Foods Corporation,2026-04-01,2026-05-31,EUR,14400.91,2592.16,16993.08,OPEX-42955,LOG,Maintenance services,REVIEW
INV-2026-000057,V0038,Insight Services Limited,2026-04-02,2026-05-02,USD,3013.93,452.09,3466.02,OPEX-84177,PROC,Freight and logistics,PAID
INV-2026-000328,V0068,Harbor Supplies Limited,2026-04-02,2026-06-01,USD,19482.72,0.0,19482.72,PR-96096,FIN,Office equipment,PAID
INV-2026-000434,V0071,Harbor Technologies Limited,2026-04-02,2026-04-17,LKR,1422671.08,213400.66,1636071.75,PR-34100,LOG,Software licensing,OPEN
INV-2026-000732,V0058,Harbor Logistics Limited,2026-04-02,2026-04-17,USD,1214.07,218.53,1432.6,PR-86471,LOG,Professional consulting,PAID
INV-2026-000746,V0082,Redwood Logistics Incorporated,2026-04-02,2026-04-17,USD,5918.28,1065.29,6983.57,PO-77353,FIN,Training services,PAID
INV-2026-001057,V0076,Royal Services Incorporated,2026-04-02,2026-05-02,USD,14614.6,1461.46,16076.06,PO-82069,OPS,Office equipment,PAID
INV-2026-001304,V0005,Nova Logistics Limited,2026-04-02,2026-05-17,GBP,16905.19,0.0,16905.19,OPEX-17678,LOG,Software licensing,PAID
INV-2026-001406,V0081,Nova Textiles Corporation,2026-04-02,2026-04-17,USD,8497.59,679.81,9177.39,CAPEX-94919,IT,Freight and logistics,OPEN
INV-2026-001511,V0078,Northstar Packaging Corporation,2026-04-02,2026-05-02,USD,3916.71,0.0,3916.71,CAPEX-72649,OPS,Data services,REVIEW
INV-2026-001731,V0034,Metro Consulting Limited,2026-04-02,2026-05-17,USD,10201.42,0.0,10201.42,PR-25861,IT,Freight and logistics,PAID
INV-2026-001808,V0087,Orbit Trading Limited,2026-04-02,2026-06-01,USD,923.75,73.9,997.64,CAPEX-23103,IT,Security services,REVIEW
INV-2026-001884,V0045,Nova Solutions Corporation,2026-04-02,2026-05-17,EUR,13955.27,0.0,13955.27,PO-92209,LOG,Cloud infrastructure services,REVIEW
INV-2026-000239,V0057,Keystone Packaging Limited,2026-04-03,2026-05-03,USD,2754.24,0.0,2754.24,OPEX-68830,LOG,Data services,REVIEW
INV-2026-000468,V0021,Vertex Supplies Corporation,2026-04-03,2026-06-02,GBP,16361.07,2944.99,19306.06,PR-64344,MKT,Network equipment,PAID
INV-2026-000748,V0035,Global Engineering Limited,2026-04-03,2026-04-18,EUR,11651.33,0.0,11651.33,PO-27950,LOG,Office equipment,PAID
INV-2026-000954,V0010,Silverline Systems Incorporated,2026-04-03,2026-04-18,EUR,4102.1,0.0,4102.1,CAPEX-42771,OPS,Warehouse supplies,REVIEW
INV-2026-001062,V0012,Evergreen Industries Corporation,2026-04-03,2026-05-03,LKR,564674.68,0.0,564674.68,CAPEX-11292,IT,Maintenance services,PAID
INV-2026-001096,V0043,Silverline Logistics Limited,2026-04-03,2026-05-03,GBP,15602.71,2340.41,17943.12,CAPEX-41228,PROC,Office equipment,PAID
INV-2026-001122,V0016,Zenith Holdings Incorporated,2026-04-03,2026-04-18,USD,12137.59,0.0,12137.59,OPEX-79531,OPS,Security services,REVIEW
INV-2026-001189,V0064,Redwood Textiles Limited,2026-04-03,2026-05-03,USD,2121.35,0.0,2121.35,OPEX-19643,HR,Training services,PAID
INV-2026-001615,V0069,Keystone Technologies Incorporated,2026-04-03,2026-05-03,USD,5822.85,1048.11,6870.96,PR-60915,OPS,Freight and logistics,PAID
INV-2026-001854,V0061,Silverline Services Limited,2026-04-03,2026-05-18,EUR,2244.99,0.0,2244.99,PR-20749,OPS,Freight and logistics,PAID
INV-2026-000112,V0021,Vertex Supplies Corporation,2026-04-04,2026-05-04,USD,7821.84,625.75,8447.59,PO-92691,PROC,Network equipment,REVIEW
INV-2026-000248,V0051,Nova Systems Corporation,2026-04-04,2026-04-19,EUR,4092.02,613.8,4705.83,PR-99353,MKT,Data services,PAID
INV-2026-000759,V0061,Silverline Services Limited,2026-04-04,2026-06-03,USD,8860.56,0.0,8860.56,PR-56507,HR,Maintenance services,PAID
INV-2026-001095,V0063,Fusion Consulting Incorporated,2026-04-04,2026-05-04,USD,2337.19,420.69,2757.88,PO-99517,LOG,Freight and logistics,REVIEW
INV-2026-001154,V0006,Crescent Industries Limited,2026-04-04,2026-05-04,USD,8251.58,1237.74,9489.32,PR-67780,OPS,Data services,PAID
INV-2026-001460,V0022,Crescent Supplies Limited,2026-04-04,2026-05-19,GBP,6875.91,0.0,6875.91,OPEX-37536,OPS,Software licensing,OPEN
INV-2026-001634,V0022,Crescent Supplies Limited,2026-04-04,2026-05-04,USD,10326.85,1549.03,11875.87,PO-74174,OPS,Freight and logistics,OPEN
INV-2026-001907,V0007,Quantum Technologies Incorporated,2026-04-04,2026-05-04,LKR,361215.43,54182.31,415397.75,OPEX-15488,LOG,Warehouse supplies,PAID
INV-2026-001982,V0002,Zenith Consulting Limited,2026-04-04,2026-04-19,USD,10867.54,0.0,10867.54,PR-33651,FIN,Training services,PAID
INV-2026-000074,V0013,Delta Solutions Corporation,2026-04-05,2026-06-04,GBP,7250.44,725.04,7975.48,CAPEX-34878,IT,Packaging materials,PAID
INV-2026-000144,V0058,Harbor Logistics Limited,2026-04-05,2026-05-05,USD,15290.12,2293.52,17583.64,PR-79397,OPS,Maintenance services,PAID
INV-2026-000150,V0074,Crescent Supplies Corporation,2026-04-05,2026-05-20,LKR,1966448.62,0.0,1966448.62,PO-18617,OPS,Maintenance services,REVIEW
INV-2026-000308,V0002,Zenith Consulting Limited,2026-04-05,2026-05-05,USD,11328.48,906.28,12234.76,PR-70807,OPS,Security services,PAID
INV-2026-000430,V0083,Metro Engineering Limited,2026-04-05,2026-06-04,EUR,14800.39,0.0,14800.39,PR-48558,HR,Freight and logistics,PAID
INV-2026-000644,V0008,Global Textiles Limited,2026-04-05,2026-06-04,USD,136.77,20.51,157.28,CAPEX-24378,MKT,Office equipment,OPEN
INV-2026-000735,V0055,Lanka Systems Incorporated,2026-04-05,2026-05-20,USD,362.35,28.99,391.34,CAPEX-50381,HR,Data services,OPEN
INV-2026-000884,V0072,Westbridge Logistics Limited,2026-04-05,2026-04-20,EUR,17064.08,0.0,17064.08,PO-58442,LOG,Office equipment,PAID
INV-2026-000942,V0031,Pioneer Supplies Incorporated,2026-04-05,2026-05-05,GBP,3526.63,528.99,4055.63,OPEX-18569,IT,Freight and logistics,REVIEW
INV-2026-001006,V0082,Redwood Logistics Incorporated,2026-04-05,2026-04-20,GBP,7780.42,778.04,8558.47,PR-41765,HR,Cloud infrastructure services,PAID
INV-2026-001124,V0064,Redwood Textiles Limited,2026-04-05,2026-05-05,LKR,1816294.69,0.0,1816294.69,PO-29482,MKT,Training services,OPEN
INV-2026-001286,V0079,Global Trading Limited,2026-04-05,2026-05-05,USD,6941.34,0.0,6941.34,PR-40413,IT,Security services,PAID
INV-2026-001418,V0031,Pioneer Supplies Incorporated,2026-04-05,2026-05-05,USD,10088.94,0.0,10088.94,OPEX-20127,PROC,Professional consulting,PAID
INV-2026-001611,V0042,Evergreen Packaging Limited,2026-04-05,2026-04-20,USD,18042.21,3247.6,21289.81,PR-10773,HR,Cloud infrastructure services,PAID
INV-2026-001673,V0011,Nova Engineering Corporation,2026-04-05,2026-05-20,LKR,1821868.08,0.0,1821868.08,OPEX-92036,HR,Data services,PAID
INV-2026-001917,V0030,Orbit Pharma Corporation,2026-04-05,2026-05-05,EUR,13701.69,1096.13,14797.82,PR-13049,PROC,Software licensing,PAID
INV-2026-000086,V0033,BrightPath Logistics Corporation,2026-04-06,2026-05-06,GBP,18468.94,0.0,18468.94,PO-21188,IT,Maintenance services,PAID
INV-2026-000087,V0013,Delta Solutions Corporation,2026-04-06,2026-05-06,EUR,1312.42,196.86,1509.29,CAPEX-97819,IT,Maintenance services,PAID
INV-2026-000123,V0062,Vertex Packaging Incorporated,2026-04-06,2026-06-05,USD,14262.65,2139.4,16402.05,PO-47363,IT,Freight and logistics,PAID
INV-2026-000195,V0078,Northstar Packaging Corporation,2026-04-06,2026-05-21,GBP,11038.78,1103.88,12142.66,PR-42435,PROC,Security services,PAID
INV-2026-000284,V0011,Nova Engineering Corporation,2026-04-06,2026-05-06,USD,7999.27,639.94,8639.21,PR-66260,PROC,Software licensing,PAID
INV-2026-000306,V0074,Crescent Supplies Corporation,2026-04-06,2026-04-21,EUR,13505.72,0.0,13505.72,PR-39253,MKT,Data services,PAID
INV-2026-000372,V0066,Jade Pharma Incorporated,2026-04-06,2026-06-05,GBP,11924.2,953.94,12878.13,CAPEX-99707,IT,Packaging materials,REVIEW
INV-2026-000506,V0090,Nova Packaging Corporation,2026-04-06,2026-05-06,LKR,816170.38,81617.04,897787.42,PR-84895,FIN,Security services,PAID
INV-2026-000525,V0071,Harbor Technologies Limited,2026-04-06,2026-05-06,USD,17657.38,1765.74,19423.12,OPEX-42754,FIN,Warehouse supplies,REVIEW
INV-2026-000555,V0042,Evergreen Packaging Limited,2026-04-06,2026-05-21,LKR,1275650.62,229617.11,1505267.74,CAPEX-89745,FIN,Security services,REVIEW
INV-2026-000876,V0008,Global Textiles Limited,2026-04-06,2026-05-06,GBP,10209.09,0.0,10209.09,PO-95322,IT,Packaging materials,PAID
INV-2026-001004,V0051,Nova Systems Corporation,2026-04-06,2026-05-21,USD,6239.28,935.89,7175.17,PO-63580,IT,Software licensing,PAID
INV-2026-001414,V0072,Westbridge Logistics Limited,2026-04-06,2026-04-21,USD,3287.48,0.0,3287.48,OPEX-82067,PROC,Maintenance services,REVIEW
INV-2026-001518,V0081,Nova Textiles Corporation,2026-04-06,2026-05-06,EUR,6502.93,0.0,6502.93,CAPEX-13735,HR,Cloud infrastructure services,REVIEW
INV-2026-001581,V0073,Crescent Logistics Corporation,2026-04-06,2026-04-21,USD,3867.02,580.05,4447.08,OPEX-33827,LOG,Professional consulting,PAID
INV-2026-001705,V0085,Royal Holdings Limited,2026-04-06,2026-06-05,EUR,3016.43,542.96,3559.39,CAPEX-63346,FIN,Security services,PAID
INV-2026-001706,V0052,Apex Consulting Incorporated,2026-04-06,2026-05-21,USD,15374.19,0.0,15374.19,OPEX-98566,LOG,Maintenance services,PAID
INV-2026-001943,V0083,Metro Engineering Limited,2026-04-06,2026-06-05,GBP,2587.85,0.0,2587.85,CAPEX-69183,PROC,Warehouse supplies,PAID
INV-2026-000093,V0028,Unity Systems Incorporated,2026-04-07,2026-05-22,USD,6897.01,551.76,7448.77,CAPEX-52517,MKT,Security services,REVIEW
INV-2026-000202,V0049,Seacrest Consulting Incorporated,2026-04-07,2026-04-22,GBP,19287.19,2893.08,22180.27,PR-95660,MKT,Network equipment,PAID
INV-2026-000541,V0003,Harbor Services Incorporated,2026-04-07,2026-05-07,GBP,2798.48,0.0,2798.48,OPEX-67344,LOG,Office equipment,PAID
INV-2026-000691,V0079,Global Trading Limited,2026-04-07,2026-05-07,USD,17606.98,0.0,17606.98,PO-10946,FIN,Software licensing,REVIEW
INV-2026-000776,V0076,Royal Services Incorporated,2026-04-07,2026-06-06,GBP,7132.94,570.64,7703.58,CAPEX-18050,IT,Security services,PAID
INV-2026-001000,V0051,Nova Systems Corporation,2026-04-07,2026-05-07,USD,8894.56,1334.18,10228.74,OPEX-30431,MKT,Packaging materials,PAID
INV-2026-001063,V0029,Zenith Supplies Limited,2026-04-07,2026-04-22,LKR,1853130.82,0.0,1853130.82,CAPEX-87178,MKT,Packaging materials,PAID
INV-2026-001157,V0038,Insight Services Limited,2026-04-07,2026-05-07,EUR,8057.69,0.0,8057.69,PR-60885,MKT,Packaging materials,PAID
INV-2026-001276,V0081,Nova Textiles Corporation,2026-04-07,2026-04-22,EUR,1673.5,251.02,1924.52,CAPEX-23226,IT,Packaging materials,PAID
INV-2026-001285,V0050,Keystone Trading Corporation,2026-04-07,2026-05-07,USD,14062.6,2109.39,16171.98,PR-25149,HR,Software licensing,PAID
INV-2026-001766,V0088,Unity Technologies Limited,2026-04-07,2026-05-07,LKR,822912.46,0.0,822912.46,CAPEX-56303,HR,Office equipment,REVIEW
INV-2026-001806,V0076,Royal Services Incorporated,2026-04-07,2026-04-22,USD,1752.05,315.37,2067.41,PO-29666,LOG,Maintenance services,REVIEW
INV-2026-001905,V0032,Keystone Logistics Limited,2026-04-07,2026-05-07,GBP,6908.8,552.7,7461.51,CAPEX-79472,FIN,Maintenance services,PAID
INV-2026-001912,V0025,Lanka Foods Limited,2026-04-07,2026-05-07,EUR,12997.12,1299.71,14296.83,CAPEX-41749,FIN,Training services,REVIEW
INV-2026-001918,V0061,Silverline Services Limited,2026-04-07,2026-05-07,USD,15866.82,1269.35,17136.17,PO-39604,PROC,Software licensing,REVIEW
INV-2026-000006,V0074,Crescent Supplies Corporation,2026-04-08,2026-05-23,USD,18861.7,1508.94,20370.64,OPEX-64921,LOG,Warehouse supplies,REVIEW
INV-2026-000174,V0080,Vertex Textiles Corporation,2026-04-08,2026-05-08,LKR,1369435.62,0.0,1369435.62,PO-35006,IT,Packaging materials,PAID
INV-2026-000242,V0088,Unity Technologies Limited,2026-04-08,2026-05-08,USD,5466.11,437.29,5903.4,OPEX-29127,IT,Freight and logistics,PAID
INV-2026-000326,V0003,Harbor Services Incorporated,2026-04-08,2026-05-08,USD,10945.01,1094.5,12039.52,CAPEX-84141,LOG,Network equipment,PAID
INV-2026-000504,V0027,Pioneer Solutions Incorporated,2026-04-08,2026-06-07,USD,6589.67,988.45,7578.12,CAPEX-34530,LOG,Office equipment,REVIEW
INV-2026-000592,V0078,Northstar Packaging Corporation,2026-04-08,2026-05-08,USD,12276.72,2209.81,14486.53,PO-78242,IT,Packaging materials,PAID
INV-2026-000770,V0023,Metro Consulting Corporation,2026-04-08,2026-06-07,GBP,6619.88,529.59,7149.47,PO-20029,PROC,Data services,PAID
INV-2026-001001,V0003,Harbor Services Incorporated,2026-04-08,2026-05-23,LKR,189384.89,15150.79,204535.68,PR-82463,PROC,Freight and logistics,REVIEW
INV-2026-001002,V0033,BrightPath Logistics Corporation,2026-04-08,2026-05-23,USD,9137.63,913.76,10051.39,OPEX-19429,OPS,Freight and logistics,PAID
INV-2026-001046,V0060,Zenith Packaging Limited,2026-04-08,2026-05-08,GBP,13105.53,1048.44,14153.97,PO-25728,IT,Software licensing,PAID
INV-2026-001091,V0007,Quantum Technologies Incorporated,2026-04-08,2026-05-23,EUR,6212.15,1118.19,7330.33,PR-39068,OPS,Maintenance services,PAID
INV-2026-001509,V0027,Pioneer Solutions Incorporated,2026-04-08,2026-04-23,USD,8838.31,0.0,8838.31,PR-59873,LOG,Software licensing,PAID
INV-2026-001971,V0001,Unity Trading Limited,2026-04-08,2026-04-23,USD,15036.71,0.0,15036.71,CAPEX-27348,HR,Packaging materials,REVIEW
INV-2026-001992,V0036,Unity Packaging Corporation,2026-04-08,2026-04-23,EUR,1382.0,248.76,1630.76,OPEX-74867,LOG,Data services,PAID
INV-2026-000052,V0049,Seacrest Consulting Incorporated,2026-04-09,2026-05-09,USD,19300.71,0.0,19300.71,CAPEX-23154,MKT,Packaging materials,PAID
INV-2026-000061,V0026,Vertex Consulting Incorporated,2026-04-09,2026-05-24,USD,4835.65,725.35,5561.0,CAPEX-85341,OPS,Warehouse supplies,PAID
INV-2026-000167,V0010,Silverline Systems Incorporated,2026-04-09,2026-06-08,USD,15316.35,1225.31,16541.66,PO-26864,IT,Maintenance services,PAID
INV-2026-000577,V0084,Harbor Industries Limited,2026-04-09,2026-05-09,USD,10229.78,1841.36,12071.14,PO-51347,HR,Security services,PAID
INV-2026-000762,V0015,Titan Consulting Limited,2026-04-09,2026-05-09,USD,12055.74,964.46,13020.2,OPEX-39605,LOG,Maintenance services,PAID
INV-2026-000802,V0071,Harbor Technologies Limited,2026-04-09,2026-05-09,GBP,19174.65,1533.97,20708.63,PO-80111,MKT,Professional consulting,PAID
INV-2026-000963,V0069,Keystone Technologies Incorporated,2026-04-09,2026-05-09,USD,2279.73,341.96,2621.69,OPEX-93755,OPS,Software licensing,PAID
INV-2026-000965,V0009,Orbit Consulting Limited,2026-04-09,2026-05-09,USD,4752.82,855.51,5608.33,PO-69593,IT,Network equipment,OPEN
INV-2026-001009,V0083,Metro Engineering Limited,2026-04-09,2026-05-24,GBP,11772.87,0.0,11772.87,PR-65436,FIN,Maintenance services,REVIEW
INV-2026-001206,V0076,Royal Services Incorporated,2026-04-09,2026-05-09,EUR,542.82,0.0,542.82,PO-70525,OPS,Freight and logistics,PAID
INV-2026-001993,V0064,Redwood Textiles Limited,2026-04-09,2026-06-08,USD,17157.63,2573.64,19731.28,OPEX-76296,HR,Warehouse supplies,OPEN
INV-2026-000352,V0008,Global Textiles Limited,2026-04-10,2026-06-09,USD,19316.68,3477.0,22793.68,OPEX-85066,FIN,Packaging materials,PAID
INV-2026-000526,V0083,Metro Engineering Limited,2026-04-10,2026-05-25,USD,5348.05,534.8,5882.85,PR-77713,MKT,Security services,PAID
INV-2026-000676,V0005,Nova Logistics Limited,2026-04-10,2026-05-10,USD,14037.1,1403.71,15440.81,PO-77552,PROC,Packaging materials,PAID
INV-2026-000803,V0057,Keystone Packaging Limited,2026-04-10,2026-04-25,USD,18558.85,1484.71,20043.55,CAPEX-21829,MKT,Professional consulting,REVIEW
INV-2026-000834,V0021,Vertex Supplies Corporation,2026-04-10,2026-05-25,USD,12985.7,2337.43,15323.13,PR-25807,OPS,Packaging materials,PAID
INV-2026-000836,V0058,Harbor Logistics Limited,2026-04-10,2026-05-25,USD,11313.57,1131.36,12444.93,PO-65382,MKT,Network equipment,REVIEW
INV-2026-000890,V0053,Pioneer Trading Incorporated,2026-04-10,2026-05-10,USD,6859.28,0.0,6859.28,OPEX-46356,PROC,Software licensing,PAID
INV-2026-000986,V0002,Zenith Consulting Limited,2026-04-10,2026-05-10,USD,4495.51,809.19,5304.7,CAPEX-95189,LOG,Network equipment,PAID
INV-2026-001085,V0065,Pioneer Industries Incorporated,2026-04-10,2026-05-10,USD,19158.65,0.0,19158.65,PR-30387,OPS,Data services,REVIEW
INV-2026-001166,V0074,Crescent Supplies Corporation,2026-04-10,2026-04-25,EUR,15687.48,2353.12,18040.6,PR-20198,PROC,Training services,PAID
INV-2026-001323,V0068,Harbor Supplies Limited,2026-04-10,2026-05-25,USD,2653.77,477.68,3131.44,PR-48455,IT,Network equipment,PAID
INV-2026-001441,V0087,Orbit Trading Limited,2026-04-10,2026-05-10,USD,761.46,114.22,875.68,PO-92756,HR,Data services,PAID
INV-2026-001684,V0042,Evergreen Packaging Limited,2026-04-10,2026-05-25,USD,10263.71,821.1,11084.81,OPEX-13081,PROC,Warehouse supplies,OPEN
INV-2026-001690,V0006,Crescent Industries Limited,2026-04-10,2026-04-25,GBP,18669.7,0.0,18669.7,PR-84738,PROC,Warehouse supplies,OPEN
INV-2026-001765,V0079,Global Trading Limited,2026-04-10,2026-05-25,EUR,4204.74,0.0,4204.74,PO-88768,MKT,Warehouse supplies,PAID
INV-2026-001869,V0062,Vertex Packaging Incorporated,2026-04-10,2026-05-10,USD,9669.36,966.94,10636.3,PR-12247,MKT,Professional consulting,PAID
INV-2026-001937,V0047,Insight Technologies Incorporated,2026-04-10,2026-05-25,EUR,1876.99,0.0,1876.99,OPEX-30184,PROC,Packaging materials,PAID
INV-2026-000277,V0087,Orbit Trading Limited,2026-04-11,2026-05-26,USD,11599.22,927.94,12527.16,OPEX-59174,HR,Software licensing,PAID
INV-2026-000314,V0041,Metro Foods Limited,2026-04-11,2026-05-11,USD,9120.83,0.0,9120.83,PO-36569,FIN,Security services,PAID
INV-2026-001038,V0063,Fusion Consulting Incorporated,2026-04-11,2026-05-11,LKR,1327019.36,0.0,1327019.36,PO-81819,HR,Network equipment,PAID
INV-2026-001050,V0003,Harbor Services Incorporated,2026-04-11,2026-06-10,LKR,1084423.16,162663.47,1247086.63,OPEX-18379,LOG,Security services,PAID
INV-2026-001139,V0029,Zenith Supplies Limited,2026-04-11,2026-05-11,LKR,1498341.58,224751.24,1723092.82,PO-71398,HR,Network equipment,REVIEW
INV-2026-001712,V0085,Royal Holdings Limited,2026-04-11,2026-05-11,EUR,7100.55,710.06,7810.61,PO-39597,PROC,Training services,REVIEW
INV-2026-001734,V0018,Royal Networks Incorporated,2026-04-11,2026-04-26,USD,1312.68,0.0,1312.68,PO-78755,PROC,Office equipment,PAID
INV-2026-001740,V0048,Zenith Trading Incorporated,2026-04-11,2026-05-26,EUR,16747.08,0.0,16747.08,PR-72831,LOG,Data services,PAID
INV-2026-001818,V0021,Vertex Supplies Corporation,2026-04-11,2026-05-11,USD,1433.18,0.0,1433.18,CAPEX-61060,FIN,Packaging materials,PAID
INV-2026-000216,V0027,Pioneer Solutions Incorporated,2026-04-12,2026-05-12,EUR,6513.71,521.1,7034.8,OPEX-71112,LOG,Training services,PAID
INV-2026-000318,V0046,Metro Holdings Incorporated,2026-04-12,2026-06-11,USD,13582.41,1086.59,14669.0,PR-14073,HR,Packaging materials,PAID
INV-2026-000366,V0065,Pioneer Industries Incorporated,2026-04-12,2026-04-27,GBP,727.6,58.21,785.8,OPEX-87862,HR,Freight and logistics,REVIEW
INV-2026-000482,V0036,Unity Packaging Corporation,2026-04-12,2026-05-12,USD,11095.85,1664.38,12760.22,OPEX-33425,OPS,Data services,PAID
INV-2026-000568,V0063,Fusion Consulting Incorporated,2026-04-12,2026-06-11,USD,11276.01,2029.68,13305.69,PR-41760,IT,Office equipment,PAID
INV-2026-000957,V0020,Global Solutions Limited,2026-04-12,2026-05-12,USD,14499.92,0.0,14499.92,OPEX-40634,LOG,Security services,OPEN
INV-2026-001111,V0081,Nova Textiles Corporation,2026-04-12,2026-05-12,USD,4726.66,850.8,5577.45,OPEX-58318,FIN,Packaging materials,REVIEW
INV-2026-001159,V0014,Delta Foods Corporation,2026-04-12,2026-05-27,USD,8102.23,0.0,8102.23,CAPEX-54882,LOG,Packaging materials,OPEN
INV-2026-001572,V0018,Royal Networks Incorporated,2026-04-12,2026-05-12,GBP,9107.98,1366.2,10474.18,CAPEX-53323,FIN,Security services,PAID
INV-2026-001819,V0060,Zenith Packaging Limited,2026-04-12,2026-05-12,USD,2762.12,220.97,2983.09,OPEX-96298,OPS,Security services,PAID
INV-2026-000307,V0006,Crescent Industries Limited,2026-04-13,2026-04-28,USD,17336.72,1386.94,18723.66,CAPEX-21322,LOG,Packaging materials,PAID
INV-2026-000554,V0071,Harbor Technologies Limited,2026-04-13,2026-06-12,USD,13191.73,1978.76,15170.49,OPEX-56179,OPS,Data services,REVIEW
INV-2026-000567,V0011,Nova Engineering Corporation,2026-04-13,2026-06-12,USD,15503.64,0.0,15503.64,PR-73035,LOG,Professional consulting,REVIEW
INV-2026-000833,V0012,Evergreen Industries Corporation,2026-04-13,2026-05-13,USD,4892.79,489.28,5382.07,PO-12688,MKT,Professional consulting,PAID
INV-2026-001020,V0047,Insight Technologies Incorporated,2026-04-13,2026-05-28,EUR,1257.96,100.64,1358.6,CAPEX-23130,IT,Packaging materials,PAID
INV-2026-001021,V0090,Nova Packaging Corporation,2026-04-13,2026-05-13,USD,12085.95,1812.89,13898.85,CAPEX-42576,OPS,Packaging materials,PAID
INV-2026-001279,V0040,Summit Textiles Incorporated,2026-04-13,2026-06-12,USD,10973.32,0.0,10973.32,OPEX-44478,PROC,Cloud infrastructure services,REVIEW
INV-2026-001409,V0087,Orbit Trading Limited,2026-04-13,2026-05-13,USD,19418.82,0.0,19418.82,PO-65179,HR,Office equipment,PAID
INV-2026-001410,V0074,Crescent Supplies Corporation,2026-04-13,2026-06-12,USD,3380.84,0.0,3380.84,CAPEX-88230,PROC,Data services,REVIEW
INV-2026-001423,V0063,Fusion Consulting Incorporated,2026-04-13,2026-05-28,LKR,132659.79,13265.98,145925.77,CAPEX-93115,IT,Security services,PAID
INV-2026-001436,V0078,Northstar Packaging Corporation,2026-04-13,2026-05-13,GBP,5784.06,0.0,5784.06,OPEX-37149,IT,Maintenance services,PAID
INV-2026-001471,V0005,Nova Logistics Limited,2026-04-13,2026-04-28,USD,10207.44,816.6,11024.04,PO-17336,HR,Security services,PAID
INV-2026-001552,V0005,Nova Logistics Limited,2026-04-13,2026-05-28,GBP,18172.66,0.0,18172.66,PR-13164,PROC,Network equipment,PAID
INV-2026-001565,V0075,Vertex Packaging Limited,2026-04-13,2026-06-12,USD,14966.24,2693.92,17660.16,CAPEX-44544,HR,Network equipment,REVIEW
INV-2026-001597,V0048,Zenith Trading Incorporated,2026-04-13,2026-04-28,USD,2936.39,0.0,2936.39,CAPEX-65422,PROC,Security services,REVIEW
INV-2026-001617,V0030,Orbit Pharma Corporation,2026-04-13,2026-05-13,LKR,1262337.32,0.0,1262337.32,OPEX-65199,HR,Packaging materials,OPEN
INV-2026-001958,V0035,Global Engineering Limited,2026-04-13,2026-06-12,USD,4903.14,392.25,5295.4,CAPEX-92056,IT,Cloud infrastructure services,PAID
INV-2026-000008,V0086,Orbit Supplies Limited,2026-04-14,2026-05-14,LKR,948095.54,0.0,948095.54,PO-61645,LOG,Security services,PAID
INV-2026-000166,V0047,Insight Technologies Incorporated,2026-04-14,2026-05-14,USD,8083.56,1212.53,9296.1,PR-57516,LOG,Office equipment,OPEN
INV-2026-000364,V0065,Pioneer Industries Incorporated,2026-04-14,2026-05-14,LKR,1706308.3,255946.24,1962254.54,PO-32772,FIN,Professional consulting,OPEN
INV-2026-000514,V0074,Crescent Supplies Corporation,2026-04-14,2026-04-29,USD,3340.55,0.0,3340.55,CAPEX-51533,PROC,Office equipment,OPEN
INV-2026-000768,V0078,Northstar Packaging Corporation,2026-04-14,2026-05-29,EUR,5664.35,566.43,6230.78,PO-26015,OPS,Packaging materials,PAID
INV-2026-000872,V0019,Titan Foods Incorporated,2026-04-14,2026-05-29,GBP,4198.06,629.71,4827.76,OPEX-55252,MKT,Training services,PAID
INV-2026-000961,V0088,Unity Technologies Limited,2026-04-14,2026-06-13,USD,6602.46,0.0,6602.46,PO-28236,FIN,Network equipment,PAID
INV-2026-001182,V0023,Metro Consulting Corporation,2026-04-14,2026-05-14,EUR,3269.86,0.0,3269.86,PO-26558,LOG,Software licensing,PAID
INV-2026-001251,V0017,Delta Pharma Limited,2026-04-14,2026-04-29,USD,16172.72,2425.91,18598.63,OPEX-17123,IT,Cloud infrastructure services,OPEN
INV-2026-001257,V0039,Zenith Consulting Incorporated,2026-04-14,2026-05-29,USD,16426.99,2464.05,18891.03,CAPEX-90315,PROC,Packaging materials,PAID
INV-2026-001422,V0013,Delta Solutions Corporation,2026-04-14,2026-04-29,USD,6462.23,969.33,7431.57,OPEX-99954,HR,Cloud infrastructure services,PAID
INV-2026-001524,V0013,Delta Solutions Corporation,2026-04-14,2026-05-14,EUR,2211.94,0.0,2211.94,CAPEX-34199,PROC,Training services,PAID
INV-2026-001852,V0013,Delta Solutions Corporation,2026-04-14,2026-04-29,USD,18386.51,1838.65,20225.16,PO-96231,OPS,Office equipment,REVIEW
INV-2026-000022,V0031,Pioneer Supplies Incorporated,2026-04-15,2026-05-30,EUR,15192.31,2734.62,17926.93,OPEX-94659,PROC,Packaging materials,PAID
INV-2026-000073,V0079,Global Trading Limited,2026-04-15,2026-05-15,USD,13842.78,0.0,13842.78,OPEX-68287,FIN,Network equipment,PAID
INV-2026-000211,V0054,Jade Industries Limited,2026-04-15,2026-05-15,USD,7604.03,1140.6,8744.63,OPEX-41584,MKT,Professional consulting,PAID
INV-2026-000240,V0066,Jade Pharma Incorporated,2026-04-15,2026-04-30,USD,1901.62,285.24,2186.87,PO-88240,LOG,Network equipment,OPEN
INV-2026-000268,V0064,Redwood Textiles Limited,2026-04-15,2026-05-30,USD,14237.63,1423.76,15661.39,OPEX-31922,IT,Security services,PAID
INV-2026-000369,V0084,Harbor Industries Limited,2026-04-15,2026-06-14,USD,17308.84,3115.59,20424.43,PO-72140,FIN,Training services,PAID
INV-2026-000868,V0053,Pioneer Trading Incorporated,2026-04-15,2026-05-30,LKR,1044406.7,187993.21,1232399.91,CAPEX-13901,HR,Freight and logistics,PAID
INV-2026-001069,V0040,Summit Textiles Incorporated,2026-04-15,2026-05-15,LKR,203027.67,0.0,203027.67,PO-41462,IT,Freight and logistics,REVIEW
INV-2026-001325,V0058,Harbor Logistics Limited,2026-04-15,2026-05-30,GBP,16715.92,1337.27,18053.19,OPEX-27643,PROC,Freight and logistics,REVIEW
INV-2026-001487,V0008,Global Textiles Limited,2026-04-15,2026-05-15,GBP,16130.77,1613.08,17743.85,CAPEX-12553,MKT,Warehouse supplies,PAID
INV-2026-001519,V0019,Titan Foods Incorporated,2026-04-15,2026-04-30,EUR,7615.49,1142.32,8757.81,PR-30731,IT,Cloud infrastructure services,PAID
INV-2026-001573,V0066,Jade Pharma Incorporated,2026-04-15,2026-05-15,LKR,1090734.91,196332.28,1287067.2,CAPEX-10888,LOG,Cloud infrastructure services,PAID
INV-2026-001763,V0011,Nova Engineering Corporation,2026-04-15,2026-05-30,USD,3109.66,310.97,3420.63,OPEX-13018,LOG,Office equipment,PAID
INV-2026-001848,V0039,Zenith Consulting Incorporated,2026-04-15,2026-04-30,USD,19627.33,1570.19,21197.51,PR-22199,MKT,Freight and logistics,PAID
INV-2026-000044,V0060,Zenith Packaging Limited,2026-04-16,2026-05-01,USD,10426.58,1563.99,11990.56,OPEX-91973,HR,Cloud infrastructure services,OPEN
INV-2026-000312,V0067,Unity Foods Corporation,2026-04-16,2026-05-16,USD,19494.15,0.0,19494.15,PO-76247,FIN,Training services,PAID
INV-2026-000381,V0039,Zenith Consulting Incorporated,2026-04-16,2026-05-01,LKR,1712123.55,0.0,1712123.55,PR-54914,HR,Security services,REVIEW
INV-2026-000496,V0041,Metro Foods Limited,2026-04-16,2026-05-16,EUR,10768.76,1938.38,12707.14,CAPEX-42539,OPS,Software licensing,PAID
INV-2026-000590,V0035,Global Engineering Limited,2026-04-16,2026-05-16,GBP,13466.22,0.0,13466.22,PR-18668,FIN,Packaging materials,REVIEW
INV-2026-000706,V0012,Evergreen Industries Corporation,2026-04-16,2026-06-15,USD,17260.52,0.0,17260.52,OPEX-70655,OPS,Cloud infrastructure services,PAID
INV-2026-000927,V0080,Vertex Textiles Corporation,2026-04-16,2026-05-16,LKR,1209162.31,217649.22,1426811.53,PO-69429,HR,Packaging materials,PAID
INV-2026-000172,V0015,Titan Consulting Limited,2026-04-17,2026-06-16,USD,15959.49,2872.71,18832.19,PO-88238,HR,Office equipment,OPEN
INV-2026-000550,V0072,Westbridge Logistics Limited,2026-04-17,2026-05-17,LKR,1424156.73,213623.51,1637780.23,CAPEX-79339,IT,Warehouse supplies,PAID
INV-2026-000606,V0014,Delta Foods Corporation,2026-04-17,2026-05-17,USD,13481.16,2022.17,15503.33,PR-69682,PROC,Security services,PAID
INV-2026-000721,V0038,Insight Services Limited,2026-04-17,2026-06-16,USD,9541.23,954.12,10495.35,OPEX-94500,IT,Office equipment,OPEN
INV-2026-000737,V0055,Lanka Systems Incorporated,2026-04-17,2026-05-17,LKR,1184680.63,0.0,1184680.63,PR-37234,OPS,Packaging materials,REVIEW
INV-2026-000857,V0050,Keystone Trading Corporation,2026-04-17,2026-05-17,LKR,957841.57,0.0,957841.57,PR-47022,PROC,Warehouse supplies,REVIEW
INV-2026-001261,V0060,Zenith Packaging Limited,2026-04-17,2026-06-01,USD,676.06,67.61,743.66,PO-83952,HR,Cloud infrastructure services,OPEN
INV-2026-001310,V0048,Zenith Trading Incorporated,2026-04-17,2026-05-02,GBP,8598.33,687.87,9286.2,PR-13236,OPS,Security services,REVIEW
INV-2026-001393,V0052,Apex Consulting Incorporated,2026-04-17,2026-05-02,USD,3955.65,593.35,4548.99,PR-44948,IT,Freight and logistics,REVIEW
INV-2026-001661,V0028,Unity Systems Incorporated,2026-04-17,2026-06-01,USD,19142.31,3445.62,22587.93,PR-54378,PROC,Office equipment,PAID
INV-2026-001681,V0068,Harbor Supplies Limited,2026-04-17,2026-06-01,GBP,3201.08,0.0,3201.08,PR-68785,FIN,Software licensing,PAID
INV-2026-001685,V0090,Nova Packaging Corporation,2026-04-17,2026-06-16,USD,917.78,137.67,1055.45,PO-37372,FIN,Security services,REVIEW
INV-2026-001742,V0004,Delta Solutions Incorporated,2026-04-17,2026-05-02,EUR,1806.67,0.0,1806.67,PO-58433,OPS,Maintenance services,PAID
INV-2026-000129,V0031,Pioneer Supplies Incorporated,2026-04-18,2026-06-17,USD,1368.61,136.86,1505.47,PO-92831,LOG,Security services,PAID
INV-2026-000175,V0041,Metro Foods Limited,2026-04-18,2026-05-18,USD,13847.15,1384.71,15231.86,OPEX-18163,PROC,Freight and logistics,REVIEW
INV-2026-000305,V0084,Harbor Industries Limited,2026-04-18,2026-05-18,USD,5055.47,909.98,5965.46,CAPEX-45554,MKT,Software licensing,REVIEW
INV-2026-000394,V0018,Royal Networks Incorporated,2026-04-18,2026-05-03,EUR,14409.07,0.0,14409.07,CAPEX-24943,MKT,Software licensing,PAID
INV-2026-000531,V0044,Evergreen Systems Incorporated,2026-04-18,2026-05-18,LKR,1603938.15,128315.05,1732253.2,OPEX-14159,OPS,Software licensing,PAID
INV-2026-000967,V0069,Keystone Technologies Incorporated,2026-04-18,2026-06-02,GBP,1487.01,0.0,1487.01,PR-36958,OPS,Maintenance services,PAID
INV-2026-001083,V0051,Nova Systems Corporation,2026-04-18,2026-05-18,USD,3307.01,0.0,3307.01,OPEX-97194,OPS,Software licensing,PAID
INV-2026-001093,V0045,Nova Solutions Corporation,2026-04-18,2026-05-18,USD,17914.71,0.0,17914.71,PO-10070,IT,Training services,PAID
INV-2026-001170,V0025,Lanka Foods Limited,2026-04-18,2026-06-17,LKR,353049.53,35304.95,388354.48,PR-55624,FIN,Professional consulting,REVIEW
INV-2026-001344,V0037,Seacrest Holdings Limited,2026-04-18,2026-06-02,USD,5038.24,503.82,5542.06,PO-33094,HR,Network equipment,REVIEW
INV-2026-001547,V0043,Silverline Logistics Limited,2026-04-18,2026-05-18,USD,1771.9,0.0,1771.9,OPEX-41816,LOG,Packaging materials,REVIEW
INV-2026-001551,V0078,Northstar Packaging Corporation,2026-04-18,2026-06-02,GBP,14916.88,1193.35,16110.23,OPEX-70390,LOG,Data services,OPEN
INV-2026-001859,V0016,Zenith Holdings Incorporated,2026-04-18,2026-05-18,GBP,12152.49,0.0,12152.49,PO-63155,LOG,Professional consulting,PAID
INV-2026-000088,V0046,Metro Holdings Incorporated,2026-04-19,2026-05-04,USD,12056.15,964.49,13020.64,PO-85748,LOG,Professional consulting,OPEN
INV-2026-000095,V0057,Keystone Packaging Limited,2026-04-19,2026-06-03,EUR,8907.84,712.63,9620.47,PR-77154,IT,Network equipment,PAID
INV-2026-000441,V0088,Unity Technologies Limited,2026-04-19,2026-05-04,USD,10810.55,1945.9,12756.45,OPEX-94746,MKT,Software licensing,PAID
INV-2026-000649,V0078,Northstar Packaging Corporation,2026-04-19,2026-06-18,USD,9153.36,915.34,10068.7,OPEX-60425,OPS,Professional consulting,REVIEW
INV-2026-000650,V0024,Unity Foods Limited,2026-04-19,2026-06-18,USD,11609.42,2089.7,13699.11,PR-75762,OPS,Maintenance services,OPEN
INV-2026-000880,V0008,Global Textiles Limited,2026-04-19,2026-05-19,USD,4389.91,0.0,4389.91,CAPEX-98712,LOG,Maintenance services,OPEN
INV-2026-000903,V0069,Keystone Technologies Incorporated,2026-04-19,2026-06-18,USD,950.83,95.08,1045.91,CAPEX-95597,FIN,Cloud infrastructure services,PAID
INV-2026-000921,V0029,Zenith Supplies Limited,2026-04-19,2026-05-04,USD,4033.91,322.71,4356.62,CAPEX-18237,PROC,Training services,PAID
INV-2026-001123,V0024,Unity Foods Limited,2026-04-19,2026-05-19,GBP,13780.76,2067.11,15847.87,CAPEX-55663,IT,Office equipment,PAID
INV-2026-001137,V0051,Nova Systems Corporation,2026-04-19,2026-06-03,EUR,14262.77,1141.02,15403.79,CAPEX-39794,HR,Freight and logistics,PAID
INV-2026-001357,V0042,Evergreen Packaging Limited,2026-04-19,2026-06-18,GBP,585.83,46.87,632.69,OPEX-36563,IT,Office equipment,PAID
INV-2026-001420,V0024,Unity Foods Limited,2026-04-19,2026-05-19,USD,6304.51,1134.81,7439.32,OPEX-14564,OPS,Maintenance services,OPEN
INV-2026-001638,V0066,Jade Pharma Incorporated,2026-04-19,2026-06-03,GBP,6921.52,553.72,7475.24,CAPEX-82401,FIN,Packaging materials,PAID
INV-2026-001716,V0016,Zenith Holdings Incorporated,2026-04-19,2026-05-19,GBP,8131.66,1463.7,9595.35,CAPEX-54979,HR,Network equipment,PAID
INV-2026-000323,V0049,Seacrest Consulting Incorporated,2026-04-20,2026-05-20,USD,4388.56,0.0,4388.56,CAPEX-46681,HR,Freight and logistics,REVIEW
INV-2026-000763,V0038,Insight Services Limited,2026-04-20,2026-05-20,LKR,162478.08,16247.81,178725.89,CAPEX-33500,IT,Training services,REVIEW
INV-2026-000778,V0013,Delta Solutions Corporation,2026-04-20,2026-05-20,USD,8309.16,0.0,8309.16,PR-42455,FIN,Training services,PAID
INV-2026-001120,V0030,Orbit Pharma Corporation,2026-04-20,2026-06-04,USD,7143.8,571.5,7715.31,PR-99707,HR,Training services,OPEN
INV-2026-001504,V0042,Evergreen Packaging Limited,2026-04-20,2026-05-20,USD,17128.82,2569.32,19698.15,CAPEX-79778,HR,Training services,PAID
INV-2026-001531,V0047,Insight Technologies Incorporated,2026-04-20,2026-05-05,EUR,2629.42,0.0,2629.42,OPEX-24566,IT,Data services,PAID
INV-2026-001832,V0002,Zenith Consulting Limited,2026-04-20,2026-05-05,USD,12979.24,1297.92,14277.16,PO-23036,FIN,Warehouse supplies,PAID
INV-2026-000139,V0011,Nova Engineering Corporation,2026-04-21,2026-06-20,LKR,381401.56,30512.12,411913.68,CAPEX-23447,IT,Network equipment,REVIEW
INV-2026-000226,V0065,Pioneer Industries Incorporated,2026-04-21,2026-05-21,USD,18370.81,2755.62,21126.43,PR-41584,FIN,Security services,REVIEW
INV-2026-000260,V0082,Redwood Logistics Incorporated,2026-04-21,2026-06-05,USD,14779.28,0.0,14779.28,OPEX-87621,HR,Maintenance services,PAID
INV-2026-000444,V0052,Apex Consulting Incorporated,2026-04-21,2026-05-21,USD,7863.3,0.0,7863.3,PO-94072,PROC,Security services,REVIEW
INV-2026-000754,V0062,Vertex Packaging Incorporated,2026-04-21,2026-05-06,USD,2263.41,407.41,2670.82,PO-71483,IT,Office equipment,REVIEW
INV-2026-001079,V0013,Delta Solutions Corporation,2026-04-21,2026-06-05,USD,1804.71,270.71,2075.41,PR-63833,IT,Packaging materials,PAID
INV-2026-001242,V0001,Unity Trading Limited,2026-04-21,2026-05-21,GBP,16702.11,0.0,16702.11,CAPEX-28051,OPS,Office equipment,OPEN
INV-2026-001297,V0024,Unity Foods Limited,2026-04-21,2026-06-20,USD,13248.8,0.0,13248.8,CAPEX-13406,LOG,Network equipment,PAID
INV-2026-001481,V0009,Orbit Consulting Limited,2026-04-21,2026-05-21,USD,18514.87,1851.49,20366.36,CAPEX-93608,PROC,Data services,REVIEW
INV-2026-001546,V0064,Redwood Textiles Limited,2026-04-21,2026-06-05,USD,12804.63,1024.37,13829.0,CAPEX-42986,PROC,Data services,PAID
INV-2026-001707,V0047,Insight Technologies Incorporated,2026-04-21,2026-05-06,EUR,5153.62,0.0,5153.62,CAPEX-57011,PROC,Packaging materials,REVIEW
INV-2026-001729,V0090,Nova Packaging Corporation,2026-04-21,2026-05-06,GBP,10560.48,1900.89,12461.37,CAPEX-93208,LOG,Software licensing,PAID
INV-2026-001915,V0068,Harbor Supplies Limited,2026-04-21,2026-05-21,USD,6274.55,501.96,6776.51,PO-70550,MKT,Cloud infrastructure services,PAID
INV-2026-000102,V0032,Keystone Logistics Limited,2026-04-22,2026-06-21,USD,10536.38,1053.64,11590.01,CAPEX-54500,FIN,Network equipment,PAID
INV-2026-000643,V0039,Zenith Consulting Incorporated,2026-04-22,2026-05-22,USD,11704.61,1755.69,13460.3,OPEX-26718,MKT,Office equipment,REVIEW
INV-2026-000677,V0062,Vertex Packaging Incorporated,2026-04-22,2026-06-06,LKR,1462340.66,0.0,1462340.66,PR-10433,HR,Warehouse supplies,OPEN
INV-2026-000783,V0047,Insight Technologies Incorporated,2026-04-22,2026-05-22,USD,12752.63,0.0,12752.63,PR-47664,OPS,Cloud infrastructure services,PAID
INV-2026-000789,V0079,Global Trading Limited,2026-04-22,2026-06-21,GBP,12579.96,1886.99,14466.95,PR-57746,HR,Freight and logistics,PAID
INV-2026-001174,V0037,Seacrest Holdings Limited,2026-04-22,2026-05-22,GBP,12453.08,0.0,12453.08,PO-23606,IT,Training services,REVIEW
INV-2026-001369,V0016,Zenith Holdings Incorporated,2026-04-22,2026-05-22,GBP,18448.77,3320.78,21769.55,CAPEX-78482,OPS,Security services,REVIEW
INV-2026-001408,V0074,Crescent Supplies Corporation,2026-04-22,2026-06-06,USD,16701.84,1336.15,18037.98,CAPEX-88766,OPS,Packaging materials,PAID
INV-2026-001769,V0063,Fusion Consulting Incorporated,2026-04-22,2026-06-06,USD,1898.48,151.88,2050.36,CAPEX-39957,OPS,Network equipment,PAID
INV-2026-001803,V0008,Global Textiles Limited,2026-04-22,2026-06-06,LKR,878531.23,87853.12,966384.35,OPEX-14010,OPS,Network equipment,OPEN
INV-2026-000207,V0052,Apex Consulting Incorporated,2026-04-23,2026-05-23,EUR,4439.31,0.0,4439.31,PR-76046,OPS,Professional consulting,OPEN
INV-2026-000661,V0031,Pioneer Supplies Incorporated,2026-04-23,2026-05-23,USD,11605.82,928.47,12534.28,PO-94182,OPS,Software licensing,REVIEW
INV-2026-000924,V0080,Vertex Textiles Corporation,2026-04-23,2026-05-08,GBP,8995.55,0.0,8995.55,PO-17954,IT,Maintenance services,PAID
INV-2026-001459,V0081,Nova Textiles Corporation,2026-04-23,2026-06-07,LKR,270012.27,0.0,270012.27,CAPEX-85997,MKT,Software licensing,REVIEW
INV-2026-001494,V0012,Evergreen Industries Corporation,2026-04-23,2026-05-23,USD,11505.94,2071.07,13577.0,CAPEX-82964,LOG,Office equipment,PAID
INV-2026-001609,V0004,Delta Solutions Incorporated,2026-04-23,2026-05-08,LKR,510407.84,76561.18,586969.02,CAPEX-82987,FIN,Freight and logistics,PAID
INV-2026-001793,V0043,Silverline Logistics Limited,2026-04-23,2026-05-23,USD,2947.16,0.0,2947.16,PO-90854,HR,Office equipment,PAID
INV-2026-000519,V0037,Seacrest Holdings Limited,2026-04-24,2026-05-24,USD,10591.64,0.0,10591.64,PO-14607,PROC,Network equipment,OPEN
INV-2026-000586,V0039,Zenith Consulting Incorporated,2026-04-24,2026-05-24,USD,15608.66,0.0,15608.66,PR-34215,IT,Security services,PAID
INV-2026-000826,V0006,Crescent Industries Limited,2026-04-24,2026-05-24,GBP,11269.79,1126.98,12396.77,OPEX-24744,MKT,Warehouse supplies,OPEN
INV-2026-000850,V0020,Global Solutions Limited,2026-04-24,2026-06-08,USD,510.2,51.02,561.22,PR-36389,OPS,Security services,REVIEW
INV-2026-000912,V0025,Lanka Foods Limited,2026-04-24,2026-05-09,USD,14893.71,1191.5,16085.21,CAPEX-35101,IT,Security services,REVIEW
INV-2026-001334,V0055,Lanka Systems Incorporated,2026-04-24,2026-06-23,USD,16641.03,1331.28,17972.31,PO-25720,HR,Maintenance services,PAID
INV-2026-001383,V0072,Westbridge Logistics Limited,2026-04-24,2026-06-08,GBP,15804.63,2844.83,18649.46,PO-83125,HR,Training services,REVIEW
INV-2026-001440,V0045,Nova Solutions Corporation,2026-04-24,2026-05-24,USD,17104.6,1710.46,18815.06,PR-79761,PROC,Freight and logistics,PAID
INV-2026-001462,V0089,Pioneer Supplies Limited,2026-04-24,2026-05-24,LKR,914492.91,73159.43,987652.35,CAPEX-87912,IT,Freight and logistics,PAID
INV-2026-001618,V0058,Harbor Logistics Limited,2026-04-24,2026-06-08,USD,7347.58,587.81,7935.38,OPEX-27447,PROC,Data services,REVIEW
INV-2026-000127,V0061,Silverline Services Limited,2026-04-25,2026-06-24,USD,18128.45,0.0,18128.45,CAPEX-38266,MKT,Freight and logistics,REVIEW
INV-2026-000410,V0074,Crescent Supplies Corporation,2026-04-25,2026-05-10,LKR,1009450.89,80756.07,1090206.96,PO-75191,PROC,Training services,PAID
INV-2026-000565,V0051,Nova Systems Corporation,2026-04-25,2026-06-24,EUR,10154.02,0.0,10154.02,OPEX-47982,MKT,Maintenance services,OPEN
INV-2026-000659,V0020,Global Solutions Limited,2026-04-25,2026-05-25,LKR,371413.75,66854.47,438268.22,PR-73559,FIN,Data services,OPEN
INV-2026-000920,V0069,Keystone Technologies Incorporated,2026-04-25,2026-05-25,USD,7910.15,632.81,8542.97,PO-84949,MKT,Cloud infrastructure services,PAID
INV-2026-001600,V0006,Crescent Industries Limited,2026-04-25,2026-05-25,GBP,13827.25,0.0,13827.25,PO-25109,FIN,Packaging materials,REVIEW
INV-2026-001651,V0011,Nova Engineering Corporation,2026-04-25,2026-05-10,GBP,13529.08,1082.33,14611.41,CAPEX-99270,LOG,Training services,REVIEW
INV-2026-001863,V0027,Pioneer Solutions Incorporated,2026-04-25,2026-05-25,USD,14519.37,0.0,14519.37,CAPEX-52613,HR,Maintenance services,PAID
INV-2026-001984,V0070,Royal Supplies Incorporated,2026-04-25,2026-05-10,GBP,5386.38,807.96,6194.34,PR-19550,LOG,Training services,REVIEW
INV-2026-000002,V0061,Silverline Services Limited,2026-04-26,2026-05-26,LKR,513298.48,92393.73,605692.21,CAPEX-78327,HR,Training services,PAID
INV-2026-000108,V0060,Zenith Packaging Limited,2026-04-26,2026-05-11,USD,7450.5,596.04,8046.54,PO-94497,MKT,Software licensing,REVIEW
INV-2026-000124,V0035,Global Engineering Limited,2026-04-26,2026-06-25,USD,16641.21,0.0,16641.21,PR-69130,OPS,Cloud infrastructure services,PAID
INV-2026-000152,V0010,Silverline Systems Incorporated,2026-04-26,2026-06-10,GBP,10405.12,0.0,10405.12,PR-26912,HR,Data services,PAID
INV-2026-000316,V0027,Pioneer Solutions Incorporated,2026-04-26,2026-05-26,USD,5388.36,0.0,5388.36,PO-30658,MKT,Training services,PAID
INV-2026-000421,V0038,Insight Services Limited,2026-04-26,2026-05-26,USD,8325.38,1498.57,9823.95,CAPEX-81802,MKT,Network equipment,PAID
INV-2026-000888,V0073,Crescent Logistics Corporation,2026-04-26,2026-05-26,LKR,770178.62,138632.15,908810.77,PR-28156,LOG,Training services,REVIEW
INV-2026-000889,V0059,Seacrest Solutions Limited,2026-04-26,2026-06-10,USD,17342.95,1387.44,18730.39,PO-91889,PROC,Security services,REVIEW
INV-2026-001169,V0001,Unity Trading Limited,2026-04-26,2026-05-26,GBP,9052.65,1357.9,10410.55,PO-14782,FIN,Warehouse supplies,REVIEW
INV-2026-001219,V0050,Keystone Trading Corporation,2026-04-26,2026-06-25,EUR,4156.05,415.61,4571.66,PR-18996,OPS,Maintenance services,PAID
INV-2026-001233,V0043,Silverline Logistics Limited,2026-04-26,2026-06-10,GBP,7093.53,1064.03,8157.56,CAPEX-96954,HR,Office equipment,PAID
INV-2026-001271,V0090,Nova Packaging Corporation,2026-04-26,2026-06-10,USD,19778.75,2966.81,22745.57,PR-35653,OPS,Packaging materials,PAID
INV-2026-001360,V0014,Delta Foods Corporation,2026-04-26,2026-05-26,EUR,19506.79,1950.68,21457.47,PR-68600,OPS,Packaging materials,PAID
INV-2026-001448,V0037,Seacrest Holdings Limited,2026-04-26,2026-05-26,LKR,375812.59,30065.01,405877.6,PO-79817,MKT,Network equipment,OPEN
INV-2026-001772,V0033,BrightPath Logistics Corporation,2026-04-26,2026-05-26,USD,2935.68,293.57,3229.25,CAPEX-34382,FIN,Maintenance services,REVIEW
INV-2026-001827,V0029,Zenith Supplies Limited,2026-04-26,2026-05-26,USD,17843.28,0.0,17843.28,PR-97612,LOG,Office equipment,REVIEW
INV-2026-000035,V0037,Seacrest Holdings Limited,2026-04-27,2026-05-12,GBP,4760.47,380.84,5141.3,PR-65723,IT,Data services,OPEN
INV-2026-000224,V0065,Pioneer Industries Incorporated,2026-04-27,2026-05-27,USD,12402.56,2232.46,14635.03,OPEX-96413,HR,Cloud infrastructure services,PAID
INV-2026-000413,V0029,Zenith Supplies Limited,2026-04-27,2026-05-27,EUR,15376.24,2306.44,17682.67,OPEX-96136,OPS,Warehouse supplies,PAID
INV-2026-000474,V0044,Evergreen Systems Incorporated,2026-04-27,2026-06-26,EUR,1488.6,148.86,1637.46,OPEX-27329,IT,Cloud infrastructure services,REVIEW
INV-2026-001104,V0066,Jade Pharma Incorporated,2026-04-27,2026-06-26,GBP,14445.11,1155.61,15600.72,CAPEX-38879,OPS,Warehouse supplies,REVIEW
INV-2026-001512,V0015,Titan Consulting Limited,2026-04-27,2026-05-12,USD,7674.98,767.5,8442.48,OPEX-23115,OPS,Network equipment,REVIEW
INV-2026-001675,V0078,Northstar Packaging Corporation,2026-04-27,2026-05-27,USD,11779.23,942.34,12721.57,PO-26241,IT,Network equipment,PAID
INV-2026-001923,V0077,Pioneer Packaging Limited,2026-04-27,2026-06-26,USD,14458.48,0.0,14458.48,PO-89489,FIN,Professional consulting,OPEN
INV-2026-001947,V0077,Pioneer Packaging Limited,2026-04-27,2026-05-12,EUR,5995.48,899.32,6894.81,CAPEX-85927,HR,Training services,PAID
INV-2026-000135,V0009,Orbit Consulting Limited,2026-04-28,2026-05-13,USD,4127.63,0.0,4127.63,PO-51365,OPS,Data services,REVIEW
INV-2026-000534,V0026,Vertex Consulting Incorporated,2026-04-28,2026-05-13,EUR,13360.24,0.0,13360.24,OPEX-61003,PROC,Office equipment,OPEN
INV-2026-000602,V0002,Zenith Consulting Limited,2026-04-28,2026-06-12,LKR,1009818.42,0.0,1009818.42,OPEX-41179,FIN,Security services,PAID
INV-2026-000703,V0018,Royal Networks Incorporated,2026-04-28,2026-05-28,GBP,7248.77,579.9,7828.67,PR-54025,FIN,Cloud infrastructure services,REVIEW
INV-2026-000773,V0057,Keystone Packaging Limited,2026-04-28,2026-05-13,USD,3636.16,654.51,4290.67,CAPEX-31514,HR,Maintenance services,PAID
INV-2026-000817,V0083,Metro Engineering Limited,2026-04-28,2026-05-13,USD,9441.37,755.31,10196.68,OPEX-37815,PROC,Maintenance services,REVIEW
INV-2026-000908,V0027,Pioneer Solutions Incorporated,2026-04-28,2026-06-27,USD,435.59,78.41,513.99,PR-94730,IT,Security services,PAID
INV-2026-000972,V0056,Silverline Technologies Incorporated,2026-04-28,2026-06-12,GBP,3766.87,565.03,4331.9,PO-61583,PROC,Cloud infrastructure services,REVIEW
INV-2026-001188,V0015,Titan Consulting Limited,2026-04-28,2026-06-27,USD,2248.68,179.89,2428.58,CAPEX-33675,IT,Software licensing,PAID
INV-2026-001234,V0047,Insight Technologies Incorporated,2026-04-28,2026-05-13,LKR,721437.1,129858.68,851295.77,CAPEX-77873,MKT,Training services,REVIEW
INV-2026-001263,V0060,Zenith Packaging Limited,2026-04-28,2026-05-28,USD,19637.26,1570.98,21208.24,PR-55722,PROC,Data services,PAID
INV-2026-001412,V0045,Nova Solutions Corporation,2026-04-28,2026-06-12,USD,9276.48,1669.77,10946.25,PR-36267,FIN,Office equipment,REVIEW
INV-2026-001470,V0064,Redwood Textiles Limited,2026-04-28,2026-06-27,GBP,18137.28,3264.71,21402.0,PR-36546,OPS,Training services,PAID
INV-2026-001569,V0007,Quantum Technologies Incorporated,2026-04-28,2026-06-27,USD,10003.0,1000.3,11003.3,PO-32458,IT,Data services,PAID
INV-2026-001636,V0085,Royal Holdings Limited,2026-04-28,2026-05-13,USD,11079.33,0.0,11079.33,PO-85189,IT,Office equipment,PAID
INV-2026-001780,V0037,Seacrest Holdings Limited,2026-04-28,2026-06-27,LKR,992664.12,99266.41,1091930.54,OPEX-78819,HR,Training services,PAID
INV-2026-001909,V0072,Westbridge Logistics Limited,2026-04-28,2026-06-27,USD,15756.08,0.0,15756.08,PR-26484,IT,Cloud infrastructure services,REVIEW
INV-2026-000059,V0030,Orbit Pharma Corporation,2026-04-29,2026-05-29,USD,5195.89,0.0,5195.89,OPEX-47700,PROC,Data services,PAID
INV-2026-000204,V0039,Zenith Consulting Incorporated,2026-04-29,2026-06-28,USD,10694.84,0.0,10694.84,PR-70375,OPS,Freight and logistics,PAID
INV-2026-000249,V0004,Delta Solutions Incorporated,2026-04-29,2026-05-29,USD,15977.99,2876.04,18854.03,PO-63627,PROC,Packaging materials,REVIEW
INV-2026-000712,V0081,Nova Textiles Corporation,2026-04-29,2026-05-14,LKR,1263927.42,126392.74,1390320.16,CAPEX-79588,IT,Office equipment,PAID
INV-2026-000841,V0013,Delta Solutions Corporation,2026-04-29,2026-06-28,LKR,525426.15,42034.09,567460.25,PO-75987,IT,Software licensing,OPEN
INV-2026-000842,V0085,Royal Holdings Limited,2026-04-29,2026-05-29,LKR,384861.07,38486.11,423347.17,PO-20917,HR,Warehouse supplies,PAID
INV-2026-000900,V0041,Metro Foods Limited,2026-04-29,2026-06-28,USD,1421.31,0.0,1421.31,OPEX-93039,FIN,Cloud infrastructure services,PAID
INV-2026-001077,V0005,Nova Logistics Limited,2026-04-29,2026-06-28,LKR,989326.26,79146.1,1068472.36,PO-90678,HR,Network equipment,PAID
INV-2026-001247,V0081,Nova Textiles Corporation,2026-04-29,2026-06-28,USD,7594.2,759.42,8353.62,PO-28167,LOG,Packaging materials,PAID
INV-2026-001249,V0053,Pioneer Trading Incorporated,2026-04-29,2026-05-14,EUR,645.27,64.53,709.8,PO-28426,LOG,Office equipment,PAID
INV-2026-001743,V0036,Unity Packaging Corporation,2026-04-29,2026-05-29,USD,16746.13,2511.92,19258.05,CAPEX-50388,MKT,Packaging materials,PAID
INV-2026-001801,V0032,Keystone Logistics Limited,2026-04-29,2026-05-29,USD,13983.95,2097.59,16081.54,CAPEX-64086,PROC,Maintenance services,PAID
INV-2026-001811,V0009,Orbit Consulting Limited,2026-04-29,2026-06-28,LKR,538464.89,96923.68,635388.57,PO-75066,LOG,Professional consulting,PAID
INV-2026-000067,V0015,Titan Consulting Limited,2026-04-30,2026-05-15,USD,15112.53,0.0,15112.53,OPEX-83048,OPS,Software licensing,PAID
INV-2026-000771,V0064,Redwood Textiles Limited,2026-04-30,2026-05-30,USD,13282.41,1328.24,14610.65,CAPEX-81098,OPS,Data services,REVIEW
INV-2026-000958,V0071,Harbor Technologies Limited,2026-04-30,2026-06-14,USD,15863.27,1269.06,17132.33,PR-66202,MKT,Warehouse supplies,PAID
INV-2026-000998,V0055,Lanka Systems Incorporated,2026-04-30,2026-05-30,USD,14466.87,0.0,14466.87,OPEX-33125,LOG,Professional consulting,PAID
INV-2026-001068,V0046,Metro Holdings Incorporated,2026-04-30,2026-06-29,USD,5603.36,560.34,6163.7,PR-50001,PROC,Software licensing,PAID
INV-2026-001217,V0028,Unity Systems Incorporated,2026-04-30,2026-06-14,USD,9814.39,785.15,10599.55,PR-87401,MKT,Data services,PAID
INV-2026-001443,V0058,Harbor Logistics Limited,2026-04-30,2026-05-15,USD,12542.27,0.0,12542.27,CAPEX-84041,HR,Maintenance services,PAID
INV-2026-001501,V0074,Crescent Supplies Corporation,2026-04-30,2026-06-29,GBP,19859.84,0.0,19859.84,OPEX-46289,HR,Packaging materials,REVIEW
INV-2026-001537,V0061,Silverline Services Limited,2026-04-30,2026-05-30,USD,14464.37,1157.15,15621.52,PO-19813,OPS,Warehouse supplies,PAID
INV-2026-001786,V0060,Zenith Packaging Limited,2026-04-30,2026-05-30,USD,9330.39,933.04,10263.43,PO-42160,FIN,Training services,OPEN
INV-2026-000041,V0012,Evergreen Industries Corporation,2026-05-01,2026-05-31,USD,6746.17,1214.31,7960.48,PO-31079,OPS,Maintenance services,REVIEW
INV-2026-000121,V0040,Summit Textiles Incorporated,2026-05-01,2026-05-31,USD,13604.74,2040.71,15645.45,OPEX-70513,MKT,Office equipment,PAID
INV-2026-000165,V0087,Orbit Trading Limited,2026-05-01,2026-05-31,EUR,282.57,0.0,282.57,OPEX-27555,OPS,Warehouse supplies,PAID
INV-2026-000408,V0065,Pioneer Industries Incorporated,2026-05-01,2026-06-15,LKR,351672.65,35167.26,386839.91,CAPEX-41574,OPS,Office equipment,PAID
INV-2026-000805,V0063,Fusion Consulting Incorporated,2026-05-01,2026-06-15,LKR,682126.37,68212.64,750339.01,PO-31016,PROC,Office equipment,REVIEW
INV-2026-001177,V0026,Vertex Consulting Incorporated,2026-05-01,2026-05-16,USD,19356.21,1935.62,21291.83,OPEX-94523,PROC,Warehouse supplies,REVIEW
INV-2026-000024,V0048,Zenith Trading Incorporated,2026-05-02,2026-07-01,EUR,6953.9,1251.7,8205.6,CAPEX-56112,PROC,Packaging materials,OPEN
INV-2026-000231,V0073,Crescent Logistics Corporation,2026-05-02,2026-06-01,USD,18492.29,3328.61,21820.9,CAPEX-81176,LOG,Training services,PAID
INV-2026-000447,V0004,Delta Solutions Incorporated,2026-05-02,2026-06-01,EUR,4490.93,808.37,5299.3,OPEX-81529,OPS,Training services,PAID
INV-2026-000508,V0020,Global Solutions Limited,2026-05-02,2026-05-17,USD,8499.83,0.0,8499.83,CAPEX-73782,OPS,Office equipment,PAID
INV-2026-000520,V0042,Evergreen Packaging Limited,2026-05-02,2026-06-16,LKR,1092653.72,87412.3,1180066.02,OPEX-27709,PROC,Data services,PAID
INV-2026-000538,V0075,Vertex Packaging Limited,2026-05-02,2026-07-01,USD,7503.41,0.0,7503.41,PR-30669,HR,Software licensing,PAID
INV-2026-000603,V0085,Royal Holdings Limited,2026-05-02,2026-06-16,USD,8904.48,1335.67,10240.15,PO-42075,LOG,Office equipment,REVIEW
INV-2026-000663,V0050,Keystone Trading Corporation,2026-05-02,2026-06-01,USD,10665.19,1066.52,11731.71,PO-47852,MKT,Packaging materials,PAID
INV-2026-000866,V0032,Keystone Logistics Limited,2026-05-02,2026-06-01,USD,10159.85,0.0,10159.85,CAPEX-58815,PROC,Maintenance services,REVIEW
INV-2026-000968,V0086,Orbit Supplies Limited,2026-05-02,2026-06-01,EUR,11552.82,924.23,12477.04,PR-75860,PROC,Training services,PAID
INV-2026-001019,V0063,Fusion Consulting Incorporated,2026-05-02,2026-06-01,EUR,8657.54,692.6,9350.14,CAPEX-51317,MKT,Professional consulting,PAID
INV-2026-001022,V0080,Vertex Textiles Corporation,2026-05-02,2026-07-01,USD,13245.34,0.0,13245.34,CAPEX-12179,PROC,Network equipment,PAID
INV-2026-001039,V0055,Lanka Systems Incorporated,2026-05-02,2026-06-01,LKR,797941.36,0.0,797941.36,CAPEX-47010,PROC,Professional consulting,REVIEW
INV-2026-001160,V0028,Unity Systems Incorporated,2026-05-02,2026-05-17,USD,9157.02,1373.55,10530.58,PR-71599,FIN,Training services,REVIEW
INV-2026-001230,V0086,Orbit Supplies Limited,2026-05-02,2026-06-16,USD,534.04,42.72,576.76,PO-32377,PROC,Cloud infrastructure services,REVIEW
INV-2026-001275,V0074,Crescent Supplies Corporation,2026-05-02,2026-07-01,USD,7206.93,1081.04,8287.96,PR-18802,HR,Maintenance services,PAID
INV-2026-001613,V0003,Harbor Services Incorporated,2026-05-02,2026-07-01,GBP,7794.77,1403.06,9197.83,OPEX-68939,PROC,Professional consulting,PAID
INV-2026-001730,V0054,Jade Industries Limited,2026-05-02,2026-05-17,USD,8793.47,1582.82,10376.29,OPEX-18773,IT,Software licensing,PAID
INV-2026-001888,V0021,Vertex Supplies Corporation,2026-05-02,2026-06-16,USD,3526.94,0.0,3526.94,PR-99710,MKT,Maintenance services,PAID
INV-2026-000029,V0061,Silverline Services Limited,2026-05-03,2026-06-17,USD,3785.15,0.0,3785.15,CAPEX-72616,IT,Software licensing,PAID
INV-2026-000251,V0077,Pioneer Packaging Limited,2026-05-03,2026-07-02,USD,10743.22,1933.78,12677.0,OPEX-81256,IT,Network equipment,REVIEW
INV-2026-000616,V0087,Orbit Trading Limited,2026-05-03,2026-06-17,LKR,95227.55,0.0,95227.55,OPEX-30366,PROC,Packaging materials,OPEN
INV-2026-000839,V0011,Nova Engineering Corporation,2026-05-03,2026-06-02,USD,19685.62,3543.41,23229.03,CAPEX-42591,LOG,Maintenance services,PAID
INV-2026-001071,V0018,Royal Networks Incorporated,2026-05-03,2026-06-17,EUR,13740.22,2473.24,16213.46,PO-63145,IT,Security services,PAID
INV-2026-001587,V0008,Global Textiles Limited,2026-05-03,2026-07-02,USD,16973.75,0.0,16973.75,CAPEX-79119,LOG,Security services,PAID
INV-2026-001676,V0071,Harbor Technologies Limited,2026-05-03,2026-06-02,USD,6387.54,1149.76,7537.3,OPEX-82106,IT,Training services,PAID
INV-2026-001683,V0029,Zenith Supplies Limited,2026-05-03,2026-05-18,USD,4473.74,0.0,4473.74,PR-28045,LOG,Network equipment,PAID
INV-2026-001770,V0034,Metro Consulting Limited,2026-05-03,2026-06-02,USD,4476.44,671.47,5147.9,PR-14757,HR,Network equipment,OPEN
INV-2026-001942,V0031,Pioneer Supplies Incorporated,2026-05-03,2026-07-02,GBP,17887.25,0.0,17887.25,OPEX-16045,FIN,Professional consulting,REVIEW
INV-2026-001959,V0022,Crescent Supplies Limited,2026-05-03,2026-06-02,USD,249.49,37.42,286.91,OPEX-88694,HR,Maintenance services,PAID
INV-2026-001981,V0059,Seacrest Solutions Limited,2026-05-03,2026-05-18,USD,17234.77,1723.48,18958.25,PR-63095,LOG,Freight and logistics,OPEN
INV-2026-000089,V0020,Global Solutions Limited,2026-05-04,2026-06-03,LKR,238731.3,35809.7,274541.0,CAPEX-25058,MKT,Office equipment,PAID
INV-2026-000404,V0017,Delta Pharma Limited,2026-05-04,2026-06-18,USD,17765.37,1776.54,19541.9,PO-18301,OPS,Training services,REVIEW
INV-2026-000469,V0015,Titan Consulting Limited,2026-05-04,2026-06-18,USD,4308.79,0.0,4308.79,OPEX-12942,FIN,Cloud infrastructure services,PAID
INV-2026-000483,V0072,Westbridge Logistics Limited,2026-05-04,2026-06-03,USD,11603.7,2088.67,13692.37,OPEX-28096,MKT,Training services,PAID
INV-2026-000622,V0004,Delta Solutions Incorporated,2026-05-04,2026-07-03,USD,3901.41,390.14,4291.55,CAPEX-52904,FIN,Software licensing,REVIEW
INV-2026-000637,V0021,Vertex Supplies Corporation,2026-05-04,2026-06-18,USD,6893.4,1240.81,8134.21,OPEX-67062,LOG,Network equipment,REVIEW
INV-2026-000858,V0012,Evergreen Industries Corporation,2026-05-04,2026-06-03,USD,4085.75,612.86,4698.61,OPEX-23225,MKT,Maintenance services,PAID
INV-2026-000904,V0008,Global Textiles Limited,2026-05-04,2026-06-03,EUR,5107.67,919.38,6027.05,OPEX-56061,MKT,Training services,PAID
INV-2026-000937,V0031,Pioneer Supplies Incorporated,2026-05-04,2026-06-03,LKR,1486660.74,0.0,1486660.74,OPEX-34149,MKT,Cloud infrastructure services,PAID
INV-2026-001127,V0055,Lanka Systems Incorporated,2026-05-04,2026-06-18,EUR,15894.81,1271.58,17166.4,PR-95715,FIN,Maintenance services,PAID
INV-2026-001235,V0077,Pioneer Packaging Limited,2026-05-04,2026-05-19,USD,13753.39,2475.61,16229.0,PO-29385,HR,Professional consulting,PAID
INV-2026-001528,V0074,Crescent Supplies Corporation,2026-05-04,2026-06-18,LKR,704206.0,126757.08,830963.07,OPEX-69258,FIN,Packaging materials,REVIEW
INV-2026-001796,V0034,Metro Consulting Limited,2026-05-04,2026-05-19,USD,9429.94,0.0,9429.94,OPEX-24973,IT,Training services,REVIEW
INV-2026-000363,V0053,Pioneer Trading Incorporated,2026-05-05,2026-07-04,LKR,763472.66,0.0,763472.66,PR-18600,OPS,Warehouse supplies,REVIEW
INV-2026-000648,V0019,Titan Foods Incorporated,2026-05-05,2026-06-19,USD,1803.11,324.56,2127.67,OPEX-69772,MKT,Warehouse supplies,PAID
INV-2026-000702,V0075,Vertex Packaging Limited,2026-05-05,2026-05-20,USD,3001.43,450.21,3451.65,OPEX-33338,HR,Network equipment,REVIEW
INV-2026-000749,V0048,Zenith Trading Incorporated,2026-05-05,2026-06-19,USD,18427.64,0.0,18427.64,PO-38557,FIN,Data services,REVIEW
INV-2026-000853,V0079,Global Trading Limited,2026-05-05,2026-06-04,GBP,1326.81,0.0,1326.81,OPEX-85550,OPS,Data services,REVIEW
INV-2026-000977,V0060,Zenith Packaging Limited,2026-05-05,2026-06-19,USD,1761.07,316.99,2078.06,PR-67373,FIN,Packaging materials,PAID
INV-2026-001087,V0037,Seacrest Holdings Limited,2026-05-05,2026-05-20,LKR,872180.07,130827.01,1003007.08,PR-77009,FIN,Professional consulting,REVIEW
INV-2026-001255,V0001,Unity Trading Limited,2026-05-05,2026-07-04,GBP,4109.91,0.0,4109.91,PO-30056,LOG,Software licensing,PAID
INV-2026-001480,V0024,Unity Foods Limited,2026-05-05,2026-05-20,USD,17880.14,2682.02,20562.16,OPEX-74983,FIN,Freight and logistics,PAID
INV-2026-001491,V0050,Keystone Trading Corporation,2026-05-05,2026-06-04,USD,19740.15,2961.02,22701.18,OPEX-17774,IT,Cloud infrastructure services,PAID
INV-2026-001498,V0051,Nova Systems Corporation,2026-05-05,2026-05-20,LKR,1068584.83,160287.72,1228872.55,CAPEX-12123,LOG,Maintenance services,PAID
INV-2026-001530,V0044,Evergreen Systems Incorporated,2026-05-05,2026-07-04,USD,13305.37,2394.97,15700.34,CAPEX-78035,OPS,Software licensing,REVIEW
INV-2026-001744,V0066,Jade Pharma Incorporated,2026-05-05,2026-06-19,LKR,1745539.13,314197.04,2059736.17,PR-71515,OPS,Software licensing,PAID
INV-2026-001870,V0083,Metro Engineering Limited,2026-05-05,2026-06-19,USD,19731.48,2959.72,22691.21,PR-24394,OPS,Warehouse supplies,REVIEW
INV-2026-000030,V0052,Apex Consulting Incorporated,2026-05-06,2026-05-21,EUR,12633.38,0.0,12633.38,PR-29555,MKT,Security services,PAID
INV-2026-000198,V0075,Vertex Packaging Limited,2026-05-06,2026-05-21,EUR,8976.2,0.0,8976.2,OPEX-27294,LOG,Maintenance services,PAID
INV-2026-000221,V0083,Metro Engineering Limited,2026-05-06,2026-06-20,USD,14687.51,1175.0,15862.51,PR-28344,PROC,Data services,REVIEW
INV-2026-000524,V0002,Zenith Consulting Limited,2026-05-06,2026-06-20,USD,301.56,30.16,331.71,CAPEX-88250,FIN,Cloud infrastructure services,REVIEW
INV-2026-000542,V0070,Royal Supplies Incorporated,2026-05-06,2026-06-05,EUR,3830.14,306.41,4136.55,CAPEX-71393,OPS,Security services,PAID
INV-2026-000548,V0085,Royal Holdings Limited,2026-05-06,2026-07-05,EUR,14062.12,1124.97,15187.09,PO-58018,FIN,Security services,PAID
INV-2026-000589,V0050,Keystone Trading Corporation,2026-05-06,2026-06-20,USD,3376.07,0.0,3376.07,PO-63554,MKT,Cloud infrastructure services,REVIEW
INV-2026-000591,V0079,Global Trading Limited,2026-05-06,2026-06-05,LKR,928651.24,0.0,928651.24,OPEX-63066,MKT,Cloud infrastructure services,REVIEW
INV-2026-000673,V0009,Orbit Consulting Limited,2026-05-06,2026-06-05,EUR,7925.57,1426.6,9352.18,OPEX-24212,FIN,Data services,OPEN
INV-2026-000799,V0008,Global Textiles Limited,2026-05-06,2026-07-05,USD,14028.4,0.0,14028.4,CAPEX-81531,HR,Packaging materials,PAID
INV-2026-000882,V0089,Pioneer Supplies Limited,2026-05-06,2026-06-20,LKR,346614.48,51992.17,398606.65,PR-73539,PROC,Packaging materials,PAID
INV-2026-001045,V0051,Nova Systems Corporation,2026-05-06,2026-06-05,GBP,11971.57,0.0,11971.57,OPEX-97914,PROC,Software licensing,PAID
INV-2026-001047,V0016,Zenith Holdings Incorporated,2026-05-06,2026-07-05,USD,577.77,86.67,664.44,OPEX-45877,PROC,Warehouse supplies,PAID
INV-2026-001084,V0054,Jade Industries Limited,2026-05-06,2026-07-05,USD,16020.42,2883.68,18904.1,PR-52583,MKT,Maintenance services,PAID
INV-2026-001121,V0015,Titan Consulting Limited,2026-05-06,2026-06-05,USD,4583.51,366.68,4950.19,CAPEX-19999,LOG,Network equipment,PAID
INV-2026-001343,V0063,Fusion Consulting Incorporated,2026-05-06,2026-06-20,EUR,7219.7,721.97,7941.67,CAPEX-22652,FIN,Software licensing,PAID
INV-2026-001362,V0027,Pioneer Solutions Incorporated,2026-05-06,2026-07-05,USD,1787.71,178.77,1966.48,OPEX-78603,PROC,Security services,OPEN
INV-2026-001614,V0088,Unity Technologies Limited,2026-05-06,2026-07-05,USD,6981.51,1256.67,8238.18,OPEX-72800,FIN,Packaging materials,PAID
INV-2026-001653,V0039,Zenith Consulting Incorporated,2026-05-06,2026-06-05,EUR,19982.06,0.0,19982.06,PR-86969,FIN,Cloud infrastructure services,PAID
INV-2026-001666,V0032,Keystone Logistics Limited,2026-05-06,2026-07-05,USD,17824.27,1425.94,19250.22,PO-60350,MKT,Freight and logistics,PAID
INV-2026-001745,V0089,Pioneer Supplies Limited,2026-05-06,2026-06-05,EUR,10397.91,1871.62,12269.54,PO-42976,PROC,Office equipment,PAID
INV-2026-001764,V0027,Pioneer Solutions Incorporated,2026-05-06,2026-06-20,LKR,1753414.76,140273.18,1893687.94,CAPEX-12715,HR,Data services,PAID
INV-2026-001978,V0044,Evergreen Systems Incorporated,2026-05-06,2026-07-05,USD,4769.23,476.92,5246.15,PR-80694,FIN,Software licensing,REVIEW
INV-2026-000038,V0070,Royal Supplies Incorporated,2026-05-07,2026-06-21,USD,12008.97,1200.9,13209.87,CAPEX-89129,OPS,Cloud infrastructure services,PAID
INV-2026-000042,V0089,Pioneer Supplies Limited,2026-05-07,2026-06-06,GBP,18910.45,2836.57,21747.01,PO-69614,IT,Network equipment,PAID
INV-2026-000071,V0039,Zenith Consulting Incorporated,2026-05-07,2026-05-22,USD,4787.82,718.17,5506.0,PR-60940,HR,Network equipment,PAID
INV-2026-000210,V0072,Westbridge Logistics Limited,2026-05-07,2026-05-22,USD,18838.74,3390.97,22229.71,OPEX-78742,OPS,Warehouse supplies,PAID
INV-2026-000244,V0081,Nova Textiles Corporation,2026-05-07,2026-07-06,EUR,4007.5,0.0,4007.5,PR-49932,IT,Maintenance services,PAID
INV-2026-000270,V0073,Crescent Logistics Corporation,2026-05-07,2026-07-06,EUR,2370.63,0.0,2370.63,CAPEX-81186,MKT,Network equipment,PAID
INV-2026-000293,V0031,Pioneer Supplies Incorporated,2026-05-07,2026-06-21,USD,4912.71,884.29,5796.99,PO-79243,IT,Network equipment,OPEN
INV-2026-000488,V0082,Redwood Logistics Incorporated,2026-05-07,2026-06-21,USD,4129.94,743.39,4873.33,CAPEX-35525,IT,Security services,PAID
INV-2026-000761,V0018,Royal Networks Incorporated,2026-05-07,2026-06-06,GBP,5850.83,1053.15,6903.98,PO-20780,OPS,Packaging materials,PAID
INV-2026-000919,V0060,Zenith Packaging Limited,2026-05-07,2026-06-06,EUR,15209.35,2737.68,17947.03,PR-16155,OPS,Maintenance services,REVIEW
INV-2026-000936,V0006,Crescent Industries Limited,2026-05-07,2026-06-06,USD,12818.69,2307.36,15126.05,PR-71149,LOG,Professional consulting,PAID
INV-2026-001112,V0012,Evergreen Industries Corporation,2026-05-07,2026-06-06,USD,3798.36,0.0,3798.36,PR-84666,HR,Warehouse supplies,PAID
INV-2026-001296,V0050,Keystone Trading Corporation,2026-05-07,2026-05-22,LKR,780611.66,78061.17,858672.82,PO-39418,FIN,Maintenance services,REVIEW
INV-2026-001306,V0034,Metro Consulting Limited,2026-05-07,2026-06-06,USD,12651.12,0.0,12651.12,PO-40496,IT,Training services,PAID
INV-2026-001595,V0027,Pioneer Solutions Incorporated,2026-05-07,2026-06-06,EUR,12851.57,0.0,12851.57,PO-60002,FIN,Warehouse supplies,PAID
INV-2026-001753,V0033,BrightPath Logistics Corporation,2026-05-07,2026-06-21,EUR,11721.64,937.73,12659.37,OPEX-36108,OPS,Cloud infrastructure services,PAID
INV-2026-001857,V0025,Lanka Foods Limited,2026-05-07,2026-07-06,USD,1300.31,0.0,1300.31,OPEX-35227,MKT,Data services,PAID
INV-2026-000138,V0024,Unity Foods Limited,2026-05-08,2026-06-22,USD,18495.29,2774.29,21269.59,CAPEX-20828,PROC,Maintenance services,PAID
INV-2026-001168,V0019,Titan Foods Incorporated,2026-05-08,2026-06-07,USD,15865.29,2855.75,18721.05,OPEX-44446,LOG,Warehouse supplies,PAID
INV-2026-001172,V0090,Nova Packaging Corporation,2026-05-08,2026-06-22,USD,8278.49,662.28,8940.77,OPEX-78572,MKT,Network equipment,PAID
INV-2026-001205,V0064,Redwood Textiles Limited,2026-05-08,2026-05-23,USD,8494.2,0.0,8494.2,OPEX-32431,LOG,Network equipment,PAID
INV-2026-001365,V0070,Royal Supplies Incorporated,2026-05-08,2026-06-07,GBP,4806.5,480.65,5287.15,OPEX-77427,LOG,Warehouse supplies,OPEN
INV-2026-001419,V0018,Royal Networks Incorporated,2026-05-08,2026-06-07,USD,4319.3,431.93,4751.23,PO-54510,HR,Training services,REVIEW
INV-2026-001556,V0023,Metro Consulting Corporation,2026-05-08,2026-05-23,USD,7113.88,1067.08,8180.96,PR-51488,MKT,Office equipment,REVIEW
INV-2026-001659,V0078,Northstar Packaging Corporation,2026-05-08,2026-06-22,USD,18952.94,0.0,18952.94,OPEX-97266,IT,Network equipment,PAID
INV-2026-001693,V0027,Pioneer Solutions Incorporated,2026-05-08,2026-06-22,GBP,6627.89,662.79,7290.68,PR-74445,HR,Data services,PAID
INV-2026-000122,V0049,Seacrest Consulting Incorporated,2026-05-09,2026-07-08,USD,19329.41,0.0,19329.41,PR-42768,IT,Training services,REVIEW
INV-2026-000717,V0035,Global Engineering Limited,2026-05-09,2026-06-23,USD,1202.66,96.21,1298.88,CAPEX-69298,HR,Data services,OPEN
INV-2026-000757,V0021,Vertex Supplies Corporation,2026-05-09,2026-07-08,USD,10157.6,0.0,10157.6,PO-85777,MKT,Cloud infrastructure services,PAID
INV-2026-000796,V0074,Crescent Supplies Corporation,2026-05-09,2026-05-24,EUR,13324.64,1998.7,15323.33,CAPEX-75070,IT,Professional consulting,PAID
INV-2026-000821,V0022,Crescent Supplies Limited,2026-05-09,2026-06-23,USD,17572.59,0.0,17572.59,PO-51591,PROC,Data services,PAID
INV-2026-000893,V0061,Silverline Services Limited,2026-05-09,2026-05-24,USD,13206.1,1980.91,15187.01,PR-12486,OPS,Professional consulting,REVIEW
INV-2026-000915,V0073,Crescent Logistics Corporation,2026-05-09,2026-06-23,USD,11089.49,1996.11,13085.6,PR-18566,LOG,Freight and logistics,PAID
INV-2026-001089,V0090,Nova Packaging Corporation,2026-05-09,2026-07-08,USD,3870.74,580.61,4451.35,PR-40065,IT,Freight and logistics,PAID
INV-2026-001424,V0058,Harbor Logistics Limited,2026-05-09,2026-06-08,LKR,960255.89,76820.47,1037076.36,CAPEX-24637,MKT,Freight and logistics,PAID
INV-2026-001455,V0060,Zenith Packaging Limited,2026-05-09,2026-05-24,LKR,1217913.42,97433.07,1315346.5,PR-42094,HR,Warehouse supplies,PAID
INV-2026-001606,V0085,Royal Holdings Limited,2026-05-09,2026-06-08,LKR,440601.93,35248.15,475850.09,PO-84553,IT,Freight and logistics,PAID
INV-2026-001710,V0015,Titan Consulting Limited,2026-05-09,2026-07-08,USD,10449.03,1567.35,12016.38,PO-43386,LOG,Training services,PAID
INV-2026-001782,V0022,Crescent Supplies Limited,2026-05-09,2026-06-23,USD,16120.19,0.0,16120.19,PO-88616,OPS,Office equipment,OPEN
INV-2026-001823,V0062,Vertex Packaging Incorporated,2026-05-09,2026-06-08,USD,3058.38,550.51,3608.89,CAPEX-79582,HR,Data services,REVIEW
INV-2026-001926,V0060,Zenith Packaging Limited,2026-05-09,2026-06-23,LKR,1116285.9,167442.88,1283728.78,PO-11398,FIN,Professional consulting,PAID
INV-2026-000049,V0044,Evergreen Systems Incorporated,2026-05-10,2026-06-09,LKR,30066.39,5411.95,35478.34,CAPEX-86931,LOG,Training services,PAID
INV-2026-000111,V0011,Nova Engineering Corporation,2026-05-10,2026-06-09,USD,5045.15,504.51,5549.66,OPEX-78690,LOG,Security services,REVIEW
INV-2026-000118,V0013,Delta Solutions Corporation,2026-05-10,2026-07-09,LKR,1483821.91,222573.29,1706395.19,PO-96760,OPS,Security services,PAID
INV-2026-000390,V0076,Royal Services Incorporated,2026-05-10,2026-06-09,USD,7407.84,1333.41,8741.25,PO-59177,PROC,Office equipment,PAID
INV-2026-000409,V0007,Quantum Technologies Incorporated,2026-05-10,2026-06-09,EUR,12909.15,1290.91,14200.06,PR-20332,HR,Packaging materials,PAID
INV-2026-000418,V0076,Royal Services Incorporated,2026-05-10,2026-06-09,USD,206.23,37.12,243.35,PO-82512,HR,Security services,PAID
INV-2026-001283,V0064,Redwood Textiles Limited,2026-05-10,2026-06-09,GBP,7083.12,708.31,7791.44,CAPEX-39852,IT,Cloud infrastructure services,REVIEW
INV-2026-001499,V0005,Nova Logistics Limited,2026-05-10,2026-06-09,LKR,1089148.55,87131.88,1176280.43,CAPEX-93148,IT,Warehouse supplies,PAID
INV-2026-001608,V0038,Insight Services Limited,2026-05-10,2026-05-25,USD,3777.19,0.0,3777.19,CAPEX-96246,PROC,Packaging materials,REVIEW
INV-2026-001723,V0004,Delta Solutions Incorporated,2026-05-10,2026-06-24,USD,10101.2,1010.12,11111.32,CAPEX-84062,HR,Data services,PAID
INV-2026-001789,V0040,Summit Textiles Incorporated,2026-05-10,2026-06-09,USD,19842.94,0.0,19842.94,CAPEX-17849,IT,Data services,PAID
INV-2026-001904,V0006,Crescent Industries Limited,2026-05-10,2026-06-24,USD,641.88,96.28,738.16,PO-10366,PROC,Office equipment,PAID
INV-2026-001990,V0070,Royal Supplies Incorporated,2026-05-10,2026-06-24,LKR,1508569.42,0.0,1508569.42,OPEX-22014,OPS,Freight and logistics,OPEN
INV-2026-000419,V0062,Vertex Packaging Incorporated,2026-05-11,2026-06-10,GBP,11621.66,2091.9,13713.56,PR-23573,HR,Training services,OPEN
INV-2026-000428,V0031,Pioneer Supplies Incorporated,2026-05-11,2026-06-10,GBP,13330.13,1333.01,14663.15,OPEX-64600,MKT,Training services,REVIEW
INV-2026-000439,V0066,Jade Pharma Incorporated,2026-05-11,2026-06-25,USD,991.77,178.52,1170.29,PR-51984,LOG,Software licensing,REVIEW
INV-2026-000599,V0050,Keystone Trading Corporation,2026-05-11,2026-07-10,USD,7648.13,764.81,8412.94,PO-32398,OPS,Security services,PAID
INV-2026-001326,V0076,Royal Services Incorporated,2026-05-11,2026-05-26,USD,17924.51,2688.68,20613.19,CAPEX-98330,PROC,Packaging materials,REVIEW
INV-2026-001380,V0018,Royal Networks Incorporated,2026-05-11,2026-06-25,USD,13337.06,1066.97,14404.03,CAPEX-75585,MKT,Software licensing,PAID
INV-2026-001813,V0046,Metro Holdings Incorporated,2026-05-11,2026-06-10,USD,13111.37,1311.14,14422.51,OPEX-40818,MKT,Office equipment,REVIEW
INV-2026-001856,V0088,Unity Technologies Limited,2026-05-11,2026-06-10,USD,225.1,33.76,258.86,CAPEX-85588,MKT,Warehouse supplies,REVIEW
INV-2026-001939,V0056,Silverline Technologies Incorporated,2026-05-11,2026-07-10,USD,8792.46,0.0,8792.46,OPEX-92100,MKT,Packaging materials,PAID
INV-2026-001974,V0038,Insight Services Limited,2026-05-11,2026-05-26,LKR,211669.58,16933.57,228603.15,CAPEX-16933,FIN,Packaging materials,PAID
INV-2026-000142,V0047,Insight Technologies Incorporated,2026-05-12,2026-06-11,USD,2958.46,443.77,3402.22,OPEX-14561,FIN,Software licensing,REVIEW
INV-2026-000163,V0064,Redwood Textiles Limited,2026-05-12,2026-06-26,USD,17596.02,1759.6,19355.63,PO-21802,HR,Data services,PAID
INV-2026-000714,V0008,Global Textiles Limited,2026-05-12,2026-06-11,USD,2326.01,186.08,2512.1,OPEX-91151,IT,Network equipment,PAID
INV-2026-000760,V0028,Unity Systems Incorporated,2026-05-12,2026-06-11,USD,2363.37,189.07,2552.44,PO-71066,IT,Data services,PAID
INV-2026-000883,V0017,Delta Pharma Limited,2026-05-12,2026-07-11,USD,13926.08,1392.61,15318.69,OPEX-14273,PROC,Freight and logistics,PAID
INV-2026-001074,V0018,Royal Networks Incorporated,2026-05-12,2026-06-11,USD,8523.72,852.37,9376.09,PR-58927,IT,Network equipment,PAID
INV-2026-001102,V0069,Keystone Technologies Incorporated,2026-05-12,2026-05-27,USD,8822.37,1323.36,10145.72,OPEX-83727,MKT,Maintenance services,PAID
INV-2026-001264,V0050,Keystone Trading Corporation,2026-05-12,2026-05-27,USD,13159.67,1052.77,14212.45,CAPEX-70225,PROC,Freight and logistics,REVIEW
INV-2026-001788,V0046,Metro Holdings Incorporated,2026-05-12,2026-07-11,USD,925.63,92.56,1018.19,PO-56200,OPS,Professional consulting,REVIEW
INV-2026-001792,V0056,Silverline Technologies Incorporated,2026-05-12,2026-05-27,GBP,15612.64,2810.28,18422.92,PO-30097,MKT,Maintenance services,REVIEW
INV-2026-001976,V0086,Orbit Supplies Limited,2026-05-12,2026-06-11,USD,1614.55,0.0,1614.55,PO-74431,MKT,Security services,PAID
INV-2026-001989,V0079,Global Trading Limited,2026-05-12,2026-07-11,GBP,1432.42,0.0,1432.42,CAPEX-55453,HR,Training services,OPEN
INV-2026-000040,V0061,Silverline Services Limited,2026-05-13,2026-06-27,USD,3728.0,559.2,4287.2,OPEX-93202,MKT,Packaging materials,PAID
INV-2026-000466,V0029,Zenith Supplies Limited,2026-05-13,2026-06-27,USD,16366.67,1309.33,17676.0,OPEX-73191,LOG,Cloud infrastructure services,OPEN
INV-2026-000489,V0066,Jade Pharma Incorporated,2026-05-13,2026-06-12,EUR,3489.32,0.0,3489.32,CAPEX-41359,PROC,Cloud infrastructure services,PAID
INV-2026-000869,V0002,Zenith Consulting Limited,2026-05-13,2026-05-28,USD,6845.48,684.55,7530.02,PR-66894,IT,Maintenance services,PAID
INV-2026-001351,V0007,Quantum Technologies Incorporated,2026-05-13,2026-06-12,USD,10765.2,0.0,10765.2,OPEX-40059,OPS,Freight and logistics,PAID
INV-2026-001864,V0085,Royal Holdings Limited,2026-05-13,2026-06-12,USD,13302.82,2394.51,15697.33,PR-37103,HR,Network equipment,REVIEW
INV-2026-000406,V0067,Unity Foods Corporation,2026-05-14,2026-07-13,USD,8725.02,1570.5,10295.52,PR-73167,OPS,Training services,PAID
INV-2026-000475,V0026,Vertex Consulting Incorporated,2026-05-14,2026-07-13,GBP,8465.52,0.0,8465.52,PO-33255,HR,Security services,PAID
INV-2026-000611,V0064,Redwood Textiles Limited,2026-05-14,2026-06-28,USD,16182.65,2427.4,18610.05,PR-48074,FIN,Cloud infrastructure services,REVIEW
INV-2026-000684,V0084,Harbor Industries Limited,2026-05-14,2026-06-28,GBP,17419.58,2612.94,20032.51,PR-85936,FIN,Software licensing,REVIEW
INV-2026-000693,V0035,Global Engineering Limited,2026-05-14,2026-06-28,USD,4876.36,0.0,4876.36,PO-88154,FIN,Warehouse supplies,REVIEW
INV-2026-000752,V0077,Pioneer Packaging Limited,2026-05-14,2026-06-13,USD,14232.71,0.0,14232.71,PO-39144,FIN,Warehouse supplies,REVIEW
INV-2026-000885,V0006,Crescent Industries Limited,2026-05-14,2026-06-13,USD,7504.77,600.38,8105.15,CAPEX-48532,HR,Cloud infrastructure services,PAID
INV-2026-001214,V0016,Zenith Holdings Incorporated,2026-05-14,2026-07-13,USD,11608.35,2089.5,13697.85,OPEX-46771,OPS,Warehouse supplies,PAID
INV-2026-001293,V0018,Royal Networks Incorporated,2026-05-14,2026-06-13,USD,14869.14,0.0,14869.14,PO-58809,PROC,Freight and logistics,OPEN
INV-2026-001463,V0019,Titan Foods Incorporated,2026-05-14,2026-06-13,USD,4513.91,361.11,4875.02,CAPEX-48170,OPS,Warehouse supplies,PAID
INV-2026-001474,V0017,Delta Pharma Limited,2026-05-14,2026-06-13,USD,4249.71,0.0,4249.71,OPEX-70852,IT,Data services,REVIEW
INV-2026-001545,V0029,Zenith Supplies Limited,2026-05-14,2026-05-29,USD,19952.39,2992.86,22945.25,CAPEX-41626,MKT,Training services,PAID
INV-2026-001839,V0021,Vertex Supplies Corporation,2026-05-14,2026-07-13,USD,9636.36,1734.55,11370.91,CAPEX-13904,OPS,Maintenance services,PAID
INV-2026-001871,V0048,Zenith Trading Incorporated,2026-05-14,2026-06-13,GBP,2084.83,375.27,2460.1,CAPEX-62915,IT,Software licensing,PAID
INV-2026-000053,V0013,Delta Solutions Corporation,2026-05-15,2026-06-29,USD,14482.18,1448.22,15930.4,PR-19807,HR,Office equipment,REVIEW
INV-2026-000116,V0017,Delta Pharma Limited,2026-05-15,2026-05-30,GBP,13448.67,2017.3,15465.97,CAPEX-12389,OPS,Office equipment,PAID
INV-2026-000151,V0062,Vertex Packaging Incorporated,2026-05-15,2026-06-29,LKR,833631.22,125044.68,958675.9,PO-26426,OPS,Training services,REVIEW
INV-2026-000188,V0070,Royal Supplies Incorporated,2026-05-15,2026-06-29,USD,17039.07,1703.91,18742.97,CAPEX-35272,MKT,Software licensing,OPEN
INV-2026-000196,V0011,Nova Engineering Corporation,2026-05-15,2026-06-29,EUR,14110.87,0.0,14110.87,PO-18094,MKT,Data services,REVIEW
INV-2026-000621,V0028,Unity Systems Incorporated,2026-05-15,2026-06-14,USD,2351.16,0.0,2351.16,PR-22137,HR,Data services,PAID
INV-2026-001013,V0054,Jade Industries Limited,2026-05-15,2026-06-29,GBP,5852.2,585.22,6437.42,PR-33121,OPS,Freight and logistics,PAID
INV-2026-001129,V0054,Jade Industries Limited,2026-05-15,2026-07-14,LKR,1394660.43,251038.88,1645699.31,PR-21436,FIN,Network equipment,PAID
INV-2026-001368,V0081,Nova Textiles Corporation,2026-05-15,2026-06-29,USD,15009.99,2251.5,17261.49,OPEX-62350,IT,Office equipment,PAID
INV-2026-001995,V0088,Unity Technologies Limited,2026-05-15,2026-05-30,USD,12913.76,2324.48,15238.24,PR-58323,IT,Warehouse supplies,PAID
INV-2026-000001,V0086,Orbit Supplies Limited,2026-05-16,2026-07-15,EUR,6427.88,642.79,7070.67,OPEX-81810,HR,Freight and logistics,PAID
INV-2026-000066,V0047,Insight Technologies Incorporated,2026-05-16,2026-07-15,USD,16629.8,1330.38,17960.18,OPEX-48684,PROC,Network equipment,PAID
INV-2026-001064,V0013,Delta Solutions Corporation,2026-05-16,2026-06-15,GBP,11494.5,919.56,12414.06,CAPEX-89621,IT,Cloud infrastructure services,PAID
INV-2026-001135,V0018,Royal Networks Incorporated,2026-05-16,2026-06-15,USD,8301.07,664.09,8965.15,OPEX-94521,PROC,Cloud infrastructure services,PAID
INV-2026-001382,V0041,Metro Foods Limited,2026-05-16,2026-05-31,EUR,16862.76,0.0,16862.76,CAPEX-28728,MKT,Maintenance services,PAID
INV-2026-001649,V0031,Pioneer Supplies Incorporated,2026-05-16,2026-05-31,GBP,17824.25,3208.37,21032.62,CAPEX-46890,MKT,Freight and logistics,OPEN
INV-2026-001735,V0075,Vertex Packaging Limited,2026-05-16,2026-05-31,USD,17622.05,0.0,17622.05,CAPEX-41939,MKT,Packaging materials,REVIEW
INV-2026-000016,V0045,Nova Solutions Corporation,2026-05-17,2026-07-01,GBP,7486.95,1123.04,8609.99,CAPEX-11658,MKT,Maintenance services,PAID
INV-2026-000155,V0079,Global Trading Limited,2026-05-17,2026-06-01,EUR,12862.83,1929.42,14792.25,PR-32439,PROC,Security services,PAID
INV-2026-000171,V0066,Jade Pharma Incorporated,2026-05-17,2026-07-01,GBP,11310.93,1131.09,12442.03,PO-58281,OPS,Training services,PAID
INV-2026-000225,V0001,Unity Trading Limited,2026-05-17,2026-07-16,USD,355.6,53.34,408.94,CAPEX-80220,OPS,Cloud infrastructure services,OPEN
INV-2026-000626,V0036,Unity Packaging Corporation,2026-05-17,2026-06-16,LKR,896203.35,0.0,896203.35,CAPEX-29571,FIN,Office equipment,PAID
INV-2026-000917,V0003,Harbor Services Incorporated,2026-05-17,2026-07-16,USD,13651.93,1365.19,15017.12,PO-65982,PROC,Training services,REVIEW
INV-2026-001099,V0026,Vertex Consulting Incorporated,2026-05-17,2026-06-16,USD,2661.3,266.13,2927.43,CAPEX-83445,OPS,Network equipment,PAID
INV-2026-001425,V0055,Lanka Systems Incorporated,2026-05-17,2026-07-01,LKR,1357569.85,0.0,1357569.85,PO-54186,PROC,Security services,PAID
INV-2026-001561,V0044,Evergreen Systems Incorporated,2026-05-17,2026-06-16,USD,2764.68,276.47,3041.15,PO-48523,LOG,Security services,PAID
INV-2026-001588,V0090,Nova Packaging Corporation,2026-05-17,2026-07-16,USD,15167.64,2730.17,17897.81,PR-47035,OPS,Freight and logistics,PAID
INV-2026-001628,V0016,Zenith Holdings Incorporated,2026-05-17,2026-07-16,USD,3266.61,489.99,3756.61,OPEX-46861,PROC,Professional consulting,REVIEW
INV-2026-001968,V0068,Harbor Supplies Limited,2026-05-17,2026-06-16,USD,19409.5,0.0,19409.5,PR-69489,FIN,Software licensing,PAID
INV-2026-001986,V0076,Royal Services Incorporated,2026-05-17,2026-06-16,USD,8667.63,1300.14,9967.77,CAPEX-81660,MKT,Cloud infrastructure services,PAID
INV-2026-000252,V0090,Nova Packaging Corporation,2026-05-18,2026-07-17,GBP,18298.3,0.0,18298.3,PR-96193,PROC,Network equipment,PAID
INV-2026-000266,V0082,Redwood Logistics Incorporated,2026-05-18,2026-06-17,EUR,3437.29,274.98,3712.27,PR-34523,OPS,Packaging materials,OPEN
INV-2026-000358,V0037,Seacrest Holdings Limited,2026-05-18,2026-06-17,USD,5371.04,966.79,6337.82,OPEX-84976,LOG,Packaging materials,PAID
INV-2026-000512,V0084,Harbor Industries Limited,2026-05-18,2026-06-17,LKR,587102.25,46968.18,634070.42,OPEX-68580,IT,Maintenance services,PAID
INV-2026-000545,V0009,Orbit Consulting Limited,2026-05-18,2026-07-02,USD,10538.51,1053.85,11592.36,PR-90352,OPS,Network equipment,REVIEW
INV-2026-001109,V0003,Harbor Services Incorporated,2026-05-18,2026-07-17,USD,14485.33,2607.36,17092.69,OPEX-95698,OPS,Training services,REVIEW
INV-2026-001193,V0004,Delta Solutions Incorporated,2026-05-18,2026-06-02,EUR,10293.49,0.0,10293.49,PR-57826,IT,Professional consulting,REVIEW
INV-2026-001319,V0017,Delta Pharma Limited,2026-05-18,2026-06-17,LKR,1820799.83,327743.97,2148543.8,PR-89370,OPS,Office equipment,REVIEW
INV-2026-001349,V0022,Crescent Supplies Limited,2026-05-18,2026-06-17,LKR,1259940.85,188991.13,1448931.98,CAPEX-26936,LOG,Data services,REVIEW
INV-2026-001457,V0034,Metro Consulting Limited,2026-05-18,2026-06-02,GBP,15558.74,2800.57,18359.31,PO-67477,HR,Warehouse supplies,REVIEW
INV-2026-001567,V0032,Keystone Logistics Limited,2026-05-18,2026-07-17,USD,2040.83,306.13,2346.96,OPEX-80170,OPS,Software licensing,REVIEW
INV-2026-001593,V0046,Metro Holdings Incorporated,2026-05-18,2026-06-02,LKR,1655153.65,165515.37,1820669.02,PR-76682,OPS,Training services,PAID
INV-2026-001756,V0071,Harbor Technologies Limited,2026-05-18,2026-06-17,USD,15703.35,2826.6,18529.95,OPEX-36855,IT,Training services,PAID
INV-2026-000005,V0043,Silverline Logistics Limited,2026-05-19,2026-07-03,USD,1357.84,135.78,1493.63,OPEX-86556,PROC,Cloud infrastructure services,REVIEW
INV-2026-000055,V0063,Fusion Consulting Incorporated,2026-05-19,2026-06-03,EUR,1480.2,266.44,1746.64,CAPEX-39817,PROC,Software licensing,PAID
INV-2026-000072,V0086,Orbit Supplies Limited,2026-05-19,2026-07-03,EUR,14876.31,0.0,14876.31,OPEX-95841,IT,Packaging materials,REVIEW
INV-2026-000564,V0041,Metro Foods Limited,2026-05-19,2026-07-18,USD,6617.41,1191.13,7808.55,PR-30079,IT,Training services,OPEN
INV-2026-000583,V0058,Harbor Logistics Limited,2026-05-19,2026-06-18,USD,13091.16,1963.67,15054.83,PR-28102,OPS,Warehouse supplies,PAID
INV-2026-000875,V0004,Delta Solutions Incorporated,2026-05-19,2026-07-18,USD,4917.83,393.43,5311.26,OPEX-76227,IT,Warehouse supplies,PAID
INV-2026-001026,V0062,Vertex Packaging Incorporated,2026-05-19,2026-06-18,USD,4327.42,778.94,5106.36,PO-23824,HR,Warehouse supplies,OPEN
INV-2026-001522,V0042,Evergreen Packaging Limited,2026-05-19,2026-06-18,EUR,13408.43,0.0,13408.43,OPEX-74592,PROC,Security services,PAID
INV-2026-001708,V0058,Harbor Logistics Limited,2026-05-19,2026-06-18,USD,6947.86,1250.61,8198.48,PR-88484,OPS,Data services,REVIEW
INV-2026-001737,V0081,Nova Textiles Corporation,2026-05-19,2026-06-03,USD,13381.6,2007.24,15388.84,PR-18912,HR,Data services,PAID
INV-2026-001749,V0047,Insight Technologies Incorporated,2026-05-19,2026-07-18,USD,4184.75,418.48,4603.23,PR-25363,PROC,Warehouse supplies,REVIEW
INV-2026-001851,V0071,Harbor Technologies Limited,2026-05-19,2026-06-03,LKR,1432807.41,214921.11,1647728.53,CAPEX-82399,PROC,Office equipment,PAID
INV-2026-001882,V0036,Unity Packaging Corporation,2026-05-19,2026-06-18,GBP,15175.65,2731.62,17907.27,PO-74166,MKT,Professional consulting,PAID
INV-2026-000136,V0051,Nova Systems Corporation,2026-05-20,2026-07-04,USD,848.02,152.64,1000.66,PR-47501,OPS,Cloud infrastructure services,PAID
INV-2026-000180,V0087,Orbit Trading Limited,2026-05-20,2026-07-04,USD,16389.34,0.0,16389.34,CAPEX-15513,OPS,Warehouse supplies,PAID
INV-2026-000646,V0056,Silverline Technologies Incorporated,2026-05-20,2026-06-19,GBP,3567.39,0.0,3567.39,PR-82800,HR,Network equipment,REVIEW
INV-2026-001119,V0014,Delta Foods Corporation,2026-05-20,2026-06-19,USD,10289.46,1028.95,11318.41,PR-10158,FIN,Cloud infrastructure services,PAID
INV-2026-001290,V0033,BrightPath Logistics Corporation,2026-05-20,2026-06-19,USD,14140.47,1131.24,15271.71,PR-68135,PROC,Office equipment,PAID
INV-2026-001991,V0031,Pioneer Supplies Incorporated,2026-05-20,2026-07-04,USD,7883.06,0.0,7883.06,PR-13436,LOG,Packaging materials,PAID
INV-2026-002000,V0025,Lanka Foods Limited,2026-05-20,2026-07-19,USD,6882.9,0.0,6882.9,CAPEX-20434,PROC,Training services,OPEN
INV-2026-000083,V0075,Vertex Packaging Limited,2026-05-21,2026-06-20,USD,19893.2,2983.98,22877.18,CAPEX-69469,LOG,Security services,OPEN
INV-2026-000184,V0001,Unity Trading Limited,2026-05-21,2026-06-20,USD,13099.51,1309.95,14409.46,OPEX-95267,FIN,Office equipment,OPEN
INV-2026-000319,V0072,Westbridge Logistics Limited,2026-05-21,2026-06-20,USD,9305.42,0.0,9305.42,PO-11567,IT,Professional consulting,OPEN
INV-2026-000415,V0038,Insight Services Limited,2026-05-21,2026-07-20,USD,14077.67,0.0,14077.67,PR-74542,FIN,Warehouse supplies,PAID
INV-2026-000485,V0044,Evergreen Systems Incorporated,2026-05-21,2026-07-20,GBP,13729.14,0.0,13729.14,PR-61000,PROC,Cloud infrastructure services,PAID
INV-2026-000574,V0034,Metro Consulting Limited,2026-05-21,2026-07-05,EUR,14630.88,0.0,14630.88,PO-59362,LOG,Training services,PAID
INV-2026-001040,V0090,Nova Packaging Corporation,2026-05-21,2026-07-05,USD,2722.31,408.35,3130.65,PO-49855,HR,Training services,PAID
INV-2026-001128,V0054,Jade Industries Limited,2026-05-21,2026-07-05,EUR,10731.36,1609.7,12341.06,PR-60413,IT,Security services,PAID
INV-2026-001446,V0052,Apex Consulting Incorporated,2026-05-21,2026-07-05,USD,15055.46,1505.55,16561.01,CAPEX-51864,MKT,Network equipment,REVIEW
INV-2026-001879,V0014,Delta Foods Corporation,2026-05-21,2026-07-05,GBP,2818.14,507.26,3325.4,PR-38635,OPS,Software licensing,PAID
INV-2026-000229,V0049,Seacrest Consulting Incorporated,2026-05-22,2026-07-06,USD,12778.55,2300.14,15078.69,PR-20837,HR,Maintenance services,PAID
INV-2026-000356,V0051,Nova Systems Corporation,2026-05-22,2026-06-21,LKR,570496.62,57049.66,627546.28,PO-91665,LOG,Data services,PAID
INV-2026-000429,V0041,Metro Foods Limited,2026-05-22,2026-06-06,USD,14904.16,0.0,14904.16,OPEX-39563,PROC,Warehouse supplies,PAID
INV-2026-000690,V0048,Zenith Trading Incorporated,2026-05-22,2026-06-21,USD,4963.65,744.55,5708.2,PO-27481,IT,Training services,OPEN
INV-2026-000740,V0038,Insight Services Limited,2026-05-22,2026-07-06,USD,16477.25,1318.18,17795.43,CAPEX-74762,LOG,Warehouse supplies,PAID
INV-2026-000871,V0090,Nova Packaging Corporation,2026-05-22,2026-06-21,GBP,14884.83,1190.79,16075.61,PO-46671,LOG,Security services,REVIEW
INV-2026-000901,V0035,Global Engineering Limited,2026-05-22,2026-07-21,GBP,2138.01,320.7,2458.71,PR-49926,LOG,Maintenance services,OPEN
INV-2026-001105,V0035,Global Engineering Limited,2026-05-22,2026-06-06,USD,4571.72,685.76,5257.48,PR-48252,IT,Training services,PAID
INV-2026-001291,V0047,Insight Technologies Incorporated,2026-05-22,2026-06-21,LKR,1315946.64,197392.0,1513338.64,CAPEX-51793,PROC,Data services,OPEN
INV-2026-001817,V0086,Orbit Supplies Limited,2026-05-22,2026-07-21,USD,18756.23,0.0,18756.23,OPEX-96007,IT,Network equipment,PAID
INV-2026-000443,V0033,BrightPath Logistics Corporation,2026-05-23,2026-06-07,EUR,16453.79,1316.3,17770.1,OPEX-60860,HR,Training services,REVIEW
INV-2026-001489,V0042,Evergreen Packaging Limited,2026-05-23,2026-07-22,GBP,4085.11,0.0,4085.11,OPEX-45908,IT,Software licensing,PAID
INV-2026-001699,V0089,Pioneer Supplies Limited,2026-05-23,2026-06-22,USD,568.47,85.27,653.74,OPEX-18294,PROC,Warehouse supplies,REVIEW
INV-2026-000099,V0065,Pioneer Industries Incorporated,2026-05-24,2026-06-23,USD,8013.77,1442.48,9456.25,PO-67176,IT,Packaging materials,REVIEW
INV-2026-000182,V0035,Global Engineering Limited,2026-05-24,2026-06-23,USD,2291.42,412.46,2703.88,PR-41779,IT,Training services,OPEN
INV-2026-000861,V0016,Zenith Holdings Incorporated,2026-05-24,2026-06-23,USD,5245.5,419.64,5665.14,CAPEX-16117,MKT,Data services,PAID
INV-2026-000881,V0076,Royal Services Incorporated,2026-05-24,2026-07-23,LKR,804695.39,64375.63,869071.02,OPEX-93422,HR,Packaging materials,PAID
INV-2026-000892,V0083,Metro Engineering Limited,2026-05-24,2026-06-08,USD,19108.75,2866.31,21975.06,PO-84743,LOG,Professional consulting,PAID
INV-2026-001243,V0065,Pioneer Industries Incorporated,2026-05-24,2026-06-23,USD,14298.36,0.0,14298.36,PR-66629,LOG,Software licensing,PAID
INV-2026-001381,V0031,Pioneer Supplies Incorporated,2026-05-24,2026-07-08,USD,15505.52,2790.99,18296.52,OPEX-56529,OPS,Data services,PAID
INV-2026-001570,V0058,Harbor Logistics Limited,2026-05-24,2026-06-08,USD,9595.33,1727.16,11322.49,PR-18359,PROC,Network equipment,REVIEW
INV-2026-001940,V0055,Lanka Systems Incorporated,2026-05-24,2026-06-23,EUR,4311.87,646.78,4958.65,CAPEX-48063,PROC,Cloud infrastructure services,PAID
INV-2026-001952,V0040,Summit Textiles Incorporated,2026-05-24,2026-06-23,EUR,12181.81,974.55,13156.36,CAPEX-95221,FIN,Data services,PAID
INV-2026-001953,V0018,Royal Networks Incorporated,2026-05-24,2026-06-08,LKR,1642076.65,131366.13,1773442.78,PO-55178,HR,Training services,PAID
INV-2026-000092,V0019,Titan Foods Incorporated,2026-05-25,2026-07-09,USD,2940.47,529.28,3469.75,PO-22026,PROC,Data services,OPEN
INV-2026-000199,V0059,Seacrest Solutions Limited,2026-05-25,2026-06-09,EUR,9312.08,744.97,10057.05,PO-61897,OPS,Cloud infrastructure services,OPEN
INV-2026-000233,V0021,Vertex Supplies Corporation,2026-05-25,2026-06-24,EUR,16712.85,1671.29,18384.14,CAPEX-60311,MKT,Warehouse supplies,PAID
INV-2026-000828,V0035,Global Engineering Limited,2026-05-25,2026-07-24,USD,11720.92,0.0,11720.92,PR-64580,IT,Professional consulting,PAID
INV-2026-001005,V0050,Keystone Trading Corporation,2026-05-25,2026-06-24,USD,15287.46,1223.0,16510.46,CAPEX-76795,PROC,Packaging materials,PAID
INV-2026-001364,V0089,Pioneer Supplies Limited,2026-05-25,2026-07-24,USD,17443.99,1395.52,18839.51,PR-83716,MKT,Packaging materials,PAID
INV-2026-001370,V0048,Zenith Trading Incorporated,2026-05-25,2026-06-24,USD,5889.11,1060.04,6949.15,PR-90478,PROC,Network equipment,REVIEW
INV-2026-001396,V0012,Evergreen Industries Corporation,2026-05-25,2026-07-09,USD,2431.28,0.0,2431.28,PR-21326,FIN,Network equipment,REVIEW
INV-2026-001500,V0010,Silverline Systems Incorporated,2026-05-25,2026-06-09,EUR,15638.09,2345.71,17983.81,PR-77305,MKT,Software licensing,PAID
INV-2026-001515,V0023,Metro Consulting Corporation,2026-05-25,2026-06-09,USD,10430.21,0.0,10430.21,OPEX-15110,IT,Security services,PAID
INV-2026-001534,V0020,Global Solutions Limited,2026-05-25,2026-07-24,EUR,1054.26,158.14,1212.4,CAPEX-80707,FIN,Warehouse supplies,PAID
INV-2026-001738,V0010,Silverline Systems Incorporated,2026-05-25,2026-06-24,USD,12583.59,1258.36,13841.94,CAPEX-39536,MKT,Office equipment,PAID
INV-2026-001906,V0049,Seacrest Consulting Incorporated,2026-05-25,2026-06-09,USD,8329.89,666.39,8996.28,PR-52158,OPS,Training services,REVIEW
INV-2026-001950,V0052,Apex Consulting Incorporated,2026-05-25,2026-07-24,USD,8227.44,1480.94,9708.38,PO-83126,HR,Freight and logistics,REVIEW
INV-2026-000037,V0077,Pioneer Packaging Limited,2026-05-26,2026-06-25,USD,2592.15,466.59,3058.74,CAPEX-62757,OPS,Data services,PAID
INV-2026-000403,V0062,Vertex Packaging Incorporated,2026-05-26,2026-07-10,USD,12273.1,981.85,13254.95,PO-99714,MKT,Warehouse supplies,REVIEW
INV-2026-000509,V0072,Westbridge Logistics Limited,2026-05-26,2026-06-10,USD,2087.62,0.0,2087.62,PO-38241,MKT,Office equipment,PAID
INV-2026-000704,V0089,Pioneer Supplies Limited,2026-05-26,2026-06-10,USD,2833.65,283.36,3117.01,OPEX-64817,FIN,Network equipment,PAID
INV-2026-000813,V0022,Crescent Supplies Limited,2026-05-26,2026-06-10,USD,14405.44,1440.54,15845.98,OPEX-98291,HR,Software licensing,PAID
INV-2026-000840,V0038,Insight Services Limited,2026-05-26,2026-06-10,EUR,1641.47,0.0,1641.47,PO-76932,HR,Maintenance services,PAID
INV-2026-001300,V0074,Crescent Supplies Corporation,2026-05-26,2026-07-25,USD,3351.47,335.15,3686.62,OPEX-41224,FIN,Cloud infrastructure services,REVIEW
INV-2026-001411,V0026,Vertex Consulting Incorporated,2026-05-26,2026-06-25,USD,13308.52,0.0,13308.52,PO-50537,MKT,Freight and logistics,OPEN
INV-2026-001464,V0021,Vertex Supplies Corporation,2026-05-26,2026-06-25,USD,14296.01,2573.28,16869.29,CAPEX-30242,PROC,Warehouse supplies,PAID
INV-2026-001652,V0009,Orbit Consulting Limited,2026-05-26,2026-06-25,GBP,16813.74,1681.37,18495.11,CAPEX-72973,OPS,Packaging materials,PAID
INV-2026-001678,V0073,Crescent Logistics Corporation,2026-05-26,2026-06-10,EUR,1230.48,221.49,1451.97,PR-75100,IT,Software licensing,PAID
INV-2026-001802,V0054,Jade Industries Limited,2026-05-26,2026-06-25,USD,1732.85,0.0,1732.85,OPEX-96885,IT,Network equipment,REVIEW
INV-2026-001855,V0024,Unity Foods Limited,2026-05-26,2026-06-10,GBP,16267.49,1626.75,17894.24,PR-26601,FIN,Warehouse supplies,REVIEW
INV-2026-001891,V0069,Keystone Technologies Incorporated,2026-05-26,2026-06-25,USD,8566.74,1285.01,9851.75,OPEX-46592,OPS,Office equipment,OPEN
INV-2026-000275,V0038,Insight Services Limited,2026-05-27,2026-06-26,LKR,1040969.6,187374.53,1228344.13,PO-27771,MKT,Maintenance services,OPEN
INV-2026-000376,V0075,Vertex Packaging Limited,2026-05-27,2026-06-26,USD,14563.81,0.0,14563.81,OPEX-98063,OPS,Data services,PAID
INV-2026-000424,V0075,Vertex Packaging Limited,2026-05-27,2026-07-11,GBP,14987.63,2248.14,17235.77,CAPEX-65363,MKT,Cloud infrastructure services,REVIEW
INV-2026-000470,V0017,Delta Pharma Limited,2026-05-27,2026-07-26,USD,2798.31,419.75,3218.06,PO-85008,FIN,Cloud infrastructure services,PAID
INV-2026-000559,V0074,Crescent Supplies Corporation,2026-05-27,2026-06-26,USD,870.2,69.62,939.81,PR-28141,OPS,Network equipment,PAID
INV-2026-000655,V0061,Silverline Services Limited,2026-05-27,2026-06-26,USD,7135.94,570.88,7706.82,CAPEX-31955,IT,Warehouse supplies,PAID
INV-2026-000675,V0010,Silverline Systems Incorporated,2026-05-27,2026-06-26,LKR,905617.05,90561.71,996178.76,PR-95572,PROC,Cloud infrastructure services,PAID
INV-2026-000711,V0059,Seacrest Solutions Limited,2026-05-27,2026-07-26,USD,19531.25,1953.12,21484.37,PR-63131,FIN,Network equipment,OPEN
INV-2026-000775,V0070,Royal Supplies Incorporated,2026-05-27,2026-07-11,USD,11297.64,0.0,11297.64,PO-61299,OPS,Packaging materials,PAID
INV-2026-000784,V0039,Zenith Consulting Incorporated,2026-05-27,2026-07-11,LKR,471124.8,84802.46,555927.27,PO-85784,IT,Security services,OPEN
INV-2026-000811,V0049,Seacrest Consulting Incorporated,2026-05-27,2026-06-26,USD,18968.41,2845.26,21813.67,PR-21662,HR,Professional consulting,PAID
INV-2026-000877,V0039,Zenith Consulting Incorporated,2026-05-27,2026-06-11,USD,6858.93,0.0,6858.93,PR-55919,OPS,Office equipment,REVIEW
INV-2026-000878,V0086,Orbit Supplies Limited,2026-05-27,2026-06-26,GBP,7627.99,1373.04,9001.03,PR-23792,OPS,Data services,PAID
INV-2026-001204,V0010,Silverline Systems Incorporated,2026-05-27,2026-07-11,GBP,15153.28,1212.26,16365.54,CAPEX-35971,FIN,Cloud infrastructure services,REVIEW
INV-2026-001732,V0012,Evergreen Industries Corporation,2026-05-27,2026-06-26,GBP,4026.76,724.82,4751.58,CAPEX-83055,OPS,Packaging materials,PAID
INV-2026-001972,V0070,Royal Supplies Incorporated,2026-05-27,2026-06-26,USD,2530.73,0.0,2530.73,OPEX-19743,PROC,Data services,REVIEW
INV-2026-000480,V0001,Unity Trading Limited,2026-05-28,2026-07-27,USD,10452.87,1045.29,11498.15,PR-51405,HR,Network equipment,PAID
INV-2026-000501,V0064,Redwood Textiles Limited,2026-05-28,2026-06-27,USD,3755.49,563.32,4318.82,CAPEX-62150,FIN,Security services,PAID
INV-2026-000562,V0005,Nova Logistics Limited,2026-05-28,2026-07-12,USD,15628.82,1250.31,16879.13,CAPEX-66925,HR,Software licensing,OPEN
INV-2026-000635,V0078,Northstar Packaging Corporation,2026-05-28,2026-06-27,EUR,2166.29,389.93,2556.22,PO-52712,LOG,Training services,PAID
INV-2026-000642,V0079,Global Trading Limited,2026-05-28,2026-07-12,USD,4208.55,336.68,4545.24,CAPEX-84747,MKT,Training services,PAID
INV-2026-000651,V0070,Royal Supplies Incorporated,2026-05-28,2026-06-27,USD,19567.28,2935.09,22502.37,OPEX-58310,IT,Security services,PAID
INV-2026-001041,V0021,Vertex Supplies Corporation,2026-05-28,2026-06-27,USD,13955.6,1116.45,15072.04,PR-37494,FIN,Warehouse supplies,REVIEW
INV-2026-001171,V0087,Orbit Trading Limited,2026-05-28,2026-06-12,USD,16297.93,0.0,16297.93,CAPEX-50234,LOG,Software licensing,PAID
INV-2026-001183,V0081,Nova Textiles Corporation,2026-05-28,2026-07-12,LKR,1530289.44,122423.16,1652712.6,PR-52258,FIN,Software licensing,PAID
INV-2026-001358,V0084,Harbor Industries Limited,2026-05-28,2026-07-12,USD,5909.82,0.0,5909.82,PR-63258,LOG,Office equipment,REVIEW
INV-2026-001454,V0027,Pioneer Solutions Incorporated,2026-05-28,2026-07-12,USD,4991.53,748.73,5740.26,OPEX-41704,MKT,Freight and logistics,REVIEW
INV-2026-001862,V0015,Titan Consulting Limited,2026-05-28,2026-06-12,GBP,4298.87,0.0,4298.87,PO-64179,IT,Network equipment,REVIEW
INV-2026-000173,V0084,Harbor Industries Limited,2026-05-29,2026-07-28,USD,14461.43,2169.22,16630.65,OPEX-32349,LOG,Training services,PAID
INV-2026-000200,V0028,Unity Systems Incorporated,2026-05-29,2026-06-13,USD,8543.1,1537.76,10080.86,PO-80931,IT,Software licensing,PAID
INV-2026-000380,V0075,Vertex Packaging Limited,2026-05-29,2026-07-28,USD,9507.73,0.0,9507.73,PO-99220,HR,Data services,REVIEW
INV-2026-000894,V0032,Keystone Logistics Limited,2026-05-29,2026-07-13,USD,16161.59,2424.24,18585.83,CAPEX-62664,LOG,Cloud infrastructure services,PAID
INV-2026-000935,V0043,Silverline Logistics Limited,2026-05-29,2026-07-28,USD,12368.13,1236.81,13604.94,CAPEX-31270,IT,Packaging materials,OPEN
INV-2026-001250,V0032,Keystone Logistics Limited,2026-05-29,2026-07-28,USD,2650.22,397.53,3047.76,CAPEX-17017,MKT,Maintenance services,REVIEW
INV-2026-001267,V0076,Royal Services Incorporated,2026-05-29,2026-06-28,EUR,12395.4,1239.54,13634.94,PO-15888,IT,Warehouse supplies,PAID
INV-2026-001313,V0066,Jade Pharma Incorporated,2026-05-29,2026-06-28,USD,7651.33,1147.7,8799.03,PO-96122,PROC,Freight and logistics,REVIEW
INV-2026-001894,V0084,Harbor Industries Limited,2026-05-29,2026-06-28,USD,10416.93,1562.54,11979.47,PR-26571,FIN,Cloud infrastructure services,PAID
INV-2026-000219,V0071,Harbor Technologies Limited,2026-05-30,2026-07-29,GBP,8421.45,0.0,8421.45,PR-53236,FIN,Maintenance services,REVIEW
INV-2026-000445,V0009,Orbit Consulting Limited,2026-05-30,2026-06-14,GBP,16983.23,1358.66,18341.89,PO-47989,MKT,Training services,REVIEW
INV-2026-000905,V0028,Unity Systems Incorporated,2026-05-30,2026-07-29,USD,1024.24,184.36,1208.6,PO-49405,IT,Maintenance services,REVIEW
INV-2026-000939,V0081,Nova Textiles Corporation,2026-05-30,2026-06-29,USD,19509.15,0.0,19509.15,PR-47237,FIN,Professional consulting,PAID
INV-2026-001017,V0004,Delta Solutions Incorporated,2026-05-30,2026-06-29,USD,9765.66,0.0,9765.66,PO-18002,OPS,Cloud infrastructure services,PAID
INV-2026-001018,V0086,Orbit Supplies Limited,2026-05-30,2026-06-14,USD,4316.04,0.0,4316.04,OPEX-89034,LOG,Office equipment,REVIEW
INV-2026-001097,V0027,Pioneer Solutions Incorporated,2026-05-30,2026-07-14,USD,17757.41,0.0,17757.41,PO-15379,LOG,Training services,PAID
INV-2026-001213,V0018,Royal Networks Incorporated,2026-05-30,2026-07-14,USD,2630.62,0.0,2630.62,OPEX-93480,HR,Training services,REVIEW
INV-2026-001253,V0016,Zenith Holdings Incorporated,2026-05-30,2026-07-29,GBP,14372.99,2587.14,16960.13,PR-77667,FIN,Data services,PAID
INV-2026-001759,V0071,Harbor Technologies Limited,2026-05-30,2026-06-29,LKR,459247.8,45924.78,505172.58,PR-81003,LOG,Cloud infrastructure services,OPEN
INV-2026-000255,V0060,Zenith Packaging Limited,2026-05-31,2026-07-30,USD,6977.95,0.0,6977.95,OPEX-23703,OPS,Maintenance services,REVIEW
INV-2026-000263,V0051,Nova Systems Corporation,2026-05-31,2026-06-15,USD,7117.46,711.75,7829.21,PR-98288,PROC,Office equipment,PAID
INV-2026-000273,V0027,Pioneer Solutions Incorporated,2026-05-31,2026-06-30,LKR,1428739.07,257173.03,1685912.1,OPEX-31755,LOG,Freight and logistics,PAID
INV-2026-000290,V0016,Zenith Holdings Incorporated,2026-05-31,2026-07-15,USD,19269.38,1541.55,20810.94,PR-42477,OPS,Training services,PAID
INV-2026-000298,V0051,Nova Systems Corporation,2026-05-31,2026-06-15,USD,14009.68,2521.74,16531.42,PR-17589,FIN,Software licensing,PAID
INV-2026-000367,V0061,Silverline Services Limited,2026-05-31,2026-07-30,USD,6963.67,557.09,7520.76,PO-47364,IT,Maintenance services,OPEN
INV-2026-000387,V0065,Pioneer Industries Incorporated,2026-05-31,2026-06-30,USD,1417.91,0.0,1417.91,CAPEX-48119,HR,Warehouse supplies,PAID
INV-2026-000666,V0031,Pioneer Supplies Incorporated,2026-05-31,2026-06-30,EUR,6827.64,1228.98,8056.62,PR-51060,LOG,Cloud infrastructure services,PAID
INV-2026-000781,V0061,Silverline Services Limited,2026-05-31,2026-06-15,USD,7629.42,762.94,8392.37,CAPEX-85043,IT,Packaging materials,PAID
INV-2026-001476,V0070,Royal Supplies Incorporated,2026-05-31,2026-06-30,EUR,9806.15,1470.92,11277.07,PO-86246,HR,Software licensing,PAID
INV-2026-001574,V0046,Metro Holdings Incorporated,2026-05-31,2026-06-15,LKR,1955273.85,293291.08,2248564.93,PO-79438,HR,Warehouse supplies,REVIEW
INV-2026-001719,V0055,Lanka Systems Incorporated,2026-05-31,2026-07-30,USD,18988.55,3417.94,22406.49,OPEX-13581,HR,Cloud infrastructure services,REVIEW
INV-2026-001841,V0062,Vertex Packaging Incorporated,2026-05-31,2026-06-15,GBP,4627.81,833.01,5460.82,OPEX-83067,MKT,Packaging materials,PAID
INV-2026-001868,V0009,Orbit Consulting Limited,2026-05-31,2026-07-15,USD,6147.53,0.0,6147.53,OPEX-36335,PROC,Office equipment,PAID
INV-2026-000015,V0010,Silverline Systems Incorporated,2026-06-01,2026-07-01,USD,13980.2,1118.42,15098.61,PO-84177,MKT,Cloud infrastructure services,REVIEW
INV-2026-000080,V0066,Jade Pharma Incorporated,2026-06-01,2026-06-16,USD,10136.31,1520.45,11656.76,PO-96363,LOG,Office equipment,PAID
INV-2026-000264,V0079,Global Trading Limited,2026-06-01,2026-06-16,GBP,2782.88,0.0,2782.88,PR-50026,IT,Freight and logistics,REVIEW
INV-2026-000521,V0023,Metro Consulting Corporation,2026-06-01,2026-07-31,USD,12665.22,2279.74,14944.97,OPEX-78610,PROC,Training services,PAID
INV-2026-000689,V0006,Crescent Industries Limited,2026-06-01,2026-07-01,USD,1376.85,110.15,1487.0,PR-64415,FIN,Warehouse supplies,OPEN
INV-2026-000692,V0084,Harbor Industries Limited,2026-06-01,2026-07-01,USD,13906.85,1390.69,15297.54,PR-37021,FIN,Training services,PAID
INV-2026-000700,V0057,Keystone Packaging Limited,2026-06-01,2026-07-31,USD,8451.04,1521.19,9972.22,CAPEX-40154,MKT,Software licensing,OPEN
INV-2026-000765,V0052,Apex Consulting Incorporated,2026-06-01,2026-06-16,GBP,18514.77,0.0,18514.77,PO-57672,FIN,Network equipment,REVIEW
INV-2026-000767,V0075,Vertex Packaging Limited,2026-06-01,2026-07-01,LKR,1584248.15,285164.67,1869412.81,OPEX-56674,HR,Training services,PAID
INV-2026-000779,V0040,Summit Textiles Incorporated,2026-06-01,2026-06-16,GBP,1422.14,113.77,1535.92,PO-54249,FIN,Cloud infrastructure services,PAID
INV-2026-000810,V0088,Unity Technologies Limited,2026-06-01,2026-07-01,LKR,581549.72,0.0,581549.72,OPEX-58182,FIN,Maintenance services,PAID
INV-2026-001044,V0044,Evergreen Systems Incorporated,2026-06-01,2026-07-16,USD,12584.21,1258.42,13842.64,PR-14455,IT,Professional consulting,PAID
INV-2026-001048,V0013,Delta Solutions Corporation,2026-06-01,2026-07-01,USD,9745.73,1754.23,11499.96,OPEX-49107,LOG,Freight and logistics,PAID
INV-2026-001298,V0034,Metro Consulting Limited,2026-06-01,2026-07-01,LKR,79006.65,14221.2,93227.84,OPEX-66039,MKT,Warehouse supplies,PAID
INV-2026-001324,V0044,Evergreen Systems Incorporated,2026-06-01,2026-07-31,EUR,2262.5,407.25,2669.75,PO-19666,PROC,Network equipment,OPEN
INV-2026-001548,V0029,Zenith Supplies Limited,2026-06-01,2026-07-16,GBP,5403.19,972.57,6375.77,OPEX-83488,LOG,Security services,PAID
INV-2026-001800,V0007,Quantum Technologies Incorporated,2026-06-01,2026-07-01,LKR,1729673.68,0.0,1729673.68,PR-82746,FIN,Professional consulting,PAID
INV-2026-000109,V0079,Global Trading Limited,2026-06-02,2026-08-01,USD,9318.71,1397.81,10716.51,PO-68947,MKT,Security services,PAID
INV-2026-000119,V0017,Delta Pharma Limited,2026-06-02,2026-07-17,USD,3345.47,602.19,3947.66,PR-67366,IT,Maintenance services,REVIEW
INV-2026-000206,V0013,Delta Solutions Corporation,2026-06-02,2026-06-17,USD,12003.96,2160.71,14164.68,PO-42077,PROC,Cloud infrastructure services,REVIEW
INV-2026-000388,V0067,Unity Foods Corporation,2026-06-02,2026-08-01,USD,8741.26,1573.43,10314.69,PR-54922,HR,Network equipment,REVIEW
INV-2026-000449,V0074,Crescent Supplies Corporation,2026-06-02,2026-07-17,EUR,11004.81,0.0,11004.81,CAPEX-37532,PROC,Warehouse supplies,PAID
INV-2026-000624,V0088,Unity Technologies Limited,2026-06-02,2026-06-17,USD,9401.49,0.0,9401.49,PO-78233,MKT,Training services,PAID
INV-2026-000630,V0023,Metro Consulting Corporation,2026-06-02,2026-08-01,GBP,16743.15,3013.77,19756.91,OPEX-90781,OPS,Office equipment,PAID
INV-2026-000640,V0014,Delta Foods Corporation,2026-06-02,2026-07-17,USD,9946.59,1790.39,11736.97,PO-21866,FIN,Freight and logistics,REVIEW
INV-2026-000766,V0026,Vertex Consulting Incorporated,2026-06-02,2026-07-17,USD,4749.45,474.94,5224.39,OPEX-46505,MKT,Warehouse supplies,REVIEW
INV-2026-000809,V0017,Delta Pharma Limited,2026-06-02,2026-07-17,LKR,1880350.99,188035.1,2068386.09,OPEX-27499,OPS,Freight and logistics,PAID
INV-2026-000818,V0055,Lanka Systems Incorporated,2026-06-02,2026-07-02,USD,2014.15,0.0,2014.15,PO-53628,FIN,Packaging materials,REVIEW
INV-2026-000852,V0075,Vertex Packaging Limited,2026-06-02,2026-08-01,USD,855.9,85.59,941.49,OPEX-77286,LOG,Warehouse supplies,PAID
INV-2026-000899,V0031,Pioneer Supplies Incorporated,2026-06-02,2026-08-01,USD,9920.43,1488.06,11408.5,OPEX-25083,OPS,Cloud infrastructure services,PAID
INV-2026-001674,V0021,Vertex Supplies Corporation,2026-06-02,2026-07-17,LKR,645321.85,51625.75,696947.6,OPEX-46169,FIN,Warehouse supplies,REVIEW
INV-2026-000370,V0023,Metro Consulting Corporation,2026-06-03,2026-06-18,USD,5137.52,411.0,5548.52,CAPEX-65549,HR,Network equipment,REVIEW
INV-2026-000669,V0028,Unity Systems Incorporated,2026-06-03,2026-06-18,GBP,19160.97,0.0,19160.97,PR-59277,PROC,Training services,PAID
INV-2026-000911,V0049,Seacrest Consulting Incorporated,2026-06-03,2026-07-03,USD,3642.47,655.64,4298.12,PO-26353,HR,Network equipment,PAID
INV-2026-001192,V0079,Global Trading Limited,2026-06-03,2026-08-02,USD,3268.76,588.38,3857.14,CAPEX-25937,FIN,Security services,REVIEW
INV-2026-001452,V0003,Harbor Services Incorporated,2026-06-03,2026-07-18,EUR,10285.35,0.0,10285.35,PR-70000,OPS,Warehouse supplies,PAID
INV-2026-001648,V0038,Insight Services Limited,2026-06-03,2026-07-18,EUR,12855.03,0.0,12855.03,OPEX-42892,MKT,Network equipment,PAID
INV-2026-001988,V0056,Silverline Technologies Incorporated,2026-06-03,2026-07-03,EUR,19385.02,3489.3,22874.33,PR-49077,LOG,Network equipment,PAID
INV-2026-000007,V0070,Royal Supplies Incorporated,2026-06-04,2026-07-04,USD,4482.1,448.21,4930.31,OPEX-13804,HR,Network equipment,PAID
INV-2026-000214,V0087,Orbit Trading Limited,2026-06-04,2026-08-03,USD,17487.57,0.0,17487.57,PR-72835,FIN,Network equipment,OPEN
INV-2026-000235,V0044,Evergreen Systems Incorporated,2026-06-04,2026-08-03,EUR,8006.46,640.52,8646.97,PO-93115,OPS,Packaging materials,REVIEW
INV-2026-000317,V0039,Zenith Consulting Incorporated,2026-06-04,2026-06-19,USD,16738.18,1339.05,18077.24,PR-21955,PROC,Professional consulting,PAID
INV-2026-000515,V0035,Global Engineering Limited,2026-06-04,2026-07-19,USD,17767.31,1421.39,19188.7,OPEX-64262,FIN,Freight and logistics,OPEN
INV-2026-000563,V0030,Orbit Pharma Corporation,2026-06-04,2026-06-19,GBP,15575.08,1557.51,17132.59,PO-49948,LOG,Cloud infrastructure services,REVIEW
INV-2026-000846,V0085,Royal Holdings Limited,2026-06-04,2026-07-19,USD,12415.77,1862.37,14278.13,CAPEX-98316,PROC,Training services,OPEN
INV-2026-001060,V0066,Jade Pharma Incorporated,2026-06-04,2026-07-04,USD,16452.77,1316.22,17768.99,OPEX-59668,IT,Security services,OPEN
INV-2026-001110,V0082,Redwood Logistics Incorporated,2026-06-04,2026-08-03,USD,16358.92,0.0,16358.92,CAPEX-45231,FIN,Security services,PAID
INV-2026-001203,V0037,Seacrest Holdings Limited,2026-06-04,2026-07-04,EUR,4443.17,666.48,5109.65,CAPEX-89679,MKT,Training services,PAID
INV-2026-001356,V0070,Royal Supplies Incorporated,2026-06-04,2026-07-04,USD,14749.16,1474.92,16224.08,PR-89389,MKT,Office equipment,PAID
INV-2026-001371,V0067,Unity Foods Corporation,2026-06-04,2026-07-04,USD,9322.06,745.76,10067.82,PR-31527,LOG,Warehouse supplies,PAID
INV-2026-001645,V0064,Redwood Textiles Limited,2026-06-04,2026-07-04,USD,5846.7,1052.41,6899.11,PO-68001,FIN,Data services,REVIEW
INV-2026-001670,V0041,Metro Foods Limited,2026-06-04,2026-08-03,USD,16503.83,2970.69,19474.52,PR-88326,LOG,Software licensing,REVIEW
INV-2026-001783,V0015,Titan Consulting Limited,2026-06-04,2026-07-19,USD,7593.77,607.5,8201.27,PO-51228,HR,Professional consulting,PAID
INV-2026-001849,V0068,Harbor Supplies Limited,2026-06-04,2026-08-03,LKR,222742.17,0.0,222742.17,PO-44629,MKT,Network equipment,PAID
INV-2026-000128,V0071,Harbor Technologies Limited,2026-06-05,2026-08-04,USD,2330.39,186.43,2516.83,PR-49472,IT,Cloud infrastructure services,PAID
INV-2026-000420,V0077,Pioneer Packaging Limited,2026-06-05,2026-07-05,EUR,17642.04,1764.2,19406.25,PR-45860,HR,Network equipment,PAID
INV-2026-000446,V0039,Zenith Consulting Incorporated,2026-06-05,2026-06-20,USD,15333.65,1533.37,16867.02,OPEX-61788,MKT,Training services,PAID
INV-2026-000457,V0083,Metro Engineering Limited,2026-06-05,2026-06-20,LKR,579216.48,0.0,579216.48,PR-44502,PROC,Training services,REVIEW
INV-2026-000492,V0029,Zenith Supplies Limited,2026-06-05,2026-07-05,USD,18602.71,2790.41,21393.12,PO-44223,FIN,Maintenance services,PAID
INV-2026-000819,V0046,Metro Holdings Incorporated,2026-06-05,2026-08-04,GBP,14995.05,0.0,14995.05,PO-43247,LOG,Security services,PAID
INV-2026-001073,V0088,Unity Technologies Limited,2026-06-05,2026-06-20,EUR,9039.2,0.0,9039.2,PR-32913,IT,Network equipment,REVIEW
INV-2026-001103,V0052,Apex Consulting Incorporated,2026-06-05,2026-07-05,USD,3779.24,0.0,3779.24,PR-87609,PROC,Cloud infrastructure services,PAID
INV-2026-001549,V0049,Seacrest Consulting Incorporated,2026-06-05,2026-08-04,LKR,1852355.11,185235.51,2037590.62,PO-88861,IT,Security services,PAID
INV-2026-001752,V0033,BrightPath Logistics Corporation,2026-06-05,2026-06-20,USD,2593.65,259.37,2853.02,OPEX-10428,IT,Professional consulting,PAID
INV-2026-001895,V0066,Jade Pharma Incorporated,2026-06-05,2026-08-04,USD,4920.92,738.14,5659.05,PO-54448,LOG,Data services,PAID
INV-2026-001944,V0003,Harbor Services Incorporated,2026-06-05,2026-06-20,EUR,7440.67,1116.1,8556.77,PO-47925,OPS,Security services,REVIEW
INV-2026-000020,V0073,Crescent Logistics Corporation,2026-06-06,2026-07-21,USD,690.56,55.24,745.8,PR-73904,FIN,Network equipment,PAID
INV-2026-000170,V0042,Evergreen Packaging Limited,2026-06-06,2026-07-06,USD,7931.94,1189.79,9121.73,CAPEX-87820,OPS,Data services,PAID
INV-2026-000582,V0067,Unity Foods Corporation,2026-06-06,2026-07-06,USD,4898.37,0.0,4898.37,OPEX-50944,LOG,Network equipment,REVIEW
INV-2026-000595,V0038,Insight Services Limited,2026-06-06,2026-06-21,GBP,10397.36,0.0,10397.36,OPEX-94685,HR,Software licensing,REVIEW
INV-2026-000694,V0064,Redwood Textiles Limited,2026-06-06,2026-06-21,GBP,16550.49,1324.04,17874.53,CAPEX-64891,IT,Data services,PAID
INV-2026-001150,V0027,Pioneer Solutions Incorporated,2026-06-06,2026-08-05,USD,19165.35,2874.8,22040.15,OPEX-22767,MKT,Cloud infrastructure services,REVIEW
INV-2026-001209,V0064,Redwood Textiles Limited,2026-06-06,2026-06-21,USD,6053.06,605.31,6658.37,OPEX-94029,IT,Network equipment,OPEN
INV-2026-001282,V0077,Pioneer Packaging Limited,2026-06-06,2026-06-21,EUR,9637.98,0.0,9637.98,CAPEX-15471,IT,Cloud infrastructure services,PAID
INV-2026-001305,V0036,Unity Packaging Corporation,2026-06-06,2026-08-05,USD,19071.47,1907.15,20978.62,PR-43817,MKT,Office equipment,REVIEW
INV-2026-001341,V0072,Westbridge Logistics Limited,2026-06-06,2026-07-06,GBP,3660.93,366.09,4027.02,CAPEX-90396,HR,Training services,OPEN
INV-2026-001824,V0076,Royal Services Incorporated,2026-06-06,2026-08-05,USD,8766.56,1577.98,10344.54,PO-69631,PROC,Security services,PAID
INV-2026-001881,V0031,Pioneer Supplies Incorporated,2026-06-06,2026-06-21,USD,16131.67,2419.75,18551.42,PR-15789,HR,Warehouse supplies,PAID
INV-2026-001920,V0060,Zenith Packaging Limited,2026-06-06,2026-06-21,GBP,13802.56,0.0,13802.56,CAPEX-93765,IT,Office equipment,OPEN
INV-2026-001961,V0025,Lanka Foods Limited,2026-06-06,2026-07-06,LKR,1939747.81,0.0,1939747.81,PO-18679,HR,Data services,PAID
INV-2026-001962,V0008,Global Textiles Limited,2026-06-06,2026-07-06,USD,5945.53,891.83,6837.36,PO-52125,IT,Packaging materials,REVIEW
INV-2026-000297,V0069,Keystone Technologies Incorporated,2026-06-07,2026-07-07,USD,1781.91,0.0,1781.91,PR-30365,LOG,Network equipment,PAID
INV-2026-000324,V0005,Nova Logistics Limited,2026-06-07,2026-08-06,EUR,5006.2,400.5,5406.7,OPEX-64000,LOG,Packaging materials,PAID
INV-2026-000336,V0089,Pioneer Supplies Limited,2026-06-07,2026-07-07,USD,13350.77,0.0,13350.77,OPEX-50215,PROC,Warehouse supplies,REVIEW
INV-2026-000344,V0077,Pioneer Packaging Limited,2026-06-07,2026-07-22,GBP,736.14,132.51,868.65,PR-89602,HR,Freight and logistics,PAID
INV-2026-000454,V0043,Silverline Logistics Limited,2026-06-07,2026-07-07,GBP,11733.3,1759.99,13493.29,CAPEX-51462,HR,Freight and logistics,PAID
INV-2026-000461,V0031,Pioneer Supplies Incorporated,2026-06-07,2026-07-07,LKR,1040419.94,104041.99,1144461.94,PR-33480,LOG,Security services,OPEN
INV-2026-000500,V0064,Redwood Textiles Limited,2026-06-07,2026-06-22,LKR,1717751.44,0.0,1717751.44,OPEX-58653,LOG,Network equipment,PAID
INV-2026-000633,V0019,Titan Foods Incorporated,2026-06-07,2026-07-07,USD,7914.49,1424.61,9339.1,CAPEX-52567,HR,Packaging materials,OPEN
INV-2026-000946,V0061,Silverline Services Limited,2026-06-07,2026-06-22,USD,10231.24,1841.62,12072.87,CAPEX-75350,LOG,Packaging materials,PAID
INV-2026-001167,V0075,Vertex Packaging Limited,2026-06-07,2026-07-07,USD,13321.57,2397.88,15719.45,CAPEX-11859,FIN,Packaging materials,PAID
INV-2026-001175,V0003,Harbor Services Incorporated,2026-06-07,2026-07-22,USD,9988.53,1498.28,11486.81,PO-93037,HR,Data services,PAID
INV-2026-001258,V0085,Royal Holdings Limited,2026-06-07,2026-06-22,USD,3027.38,0.0,3027.38,PR-28571,MKT,Warehouse supplies,OPEN
INV-2026-001330,V0074,Crescent Supplies Corporation,2026-06-07,2026-07-07,USD,7025.23,0.0,7025.23,PO-47728,OPS,Packaging materials,PAID
INV-2026-001837,V0086,Orbit Supplies Limited,2026-06-07,2026-07-07,LKR,189454.5,0.0,189454.5,CAPEX-33120,HR,Professional consulting,REVIEW
INV-2026-000245,V0043,Silverline Logistics Limited,2026-06-08,2026-07-23,LKR,1727841.66,172784.17,1900625.83,CAPEX-66441,MKT,Training services,REVIEW
INV-2026-000539,V0088,Unity Technologies Limited,2026-06-08,2026-07-08,LKR,1259636.35,0.0,1259636.35,CAPEX-94485,FIN,Warehouse supplies,PAID
INV-2026-000928,V0055,Lanka Systems Incorporated,2026-06-08,2026-08-07,USD,6871.58,1236.88,8108.46,PO-69516,LOG,Network equipment,PAID
INV-2026-000992,V0032,Keystone Logistics Limited,2026-06-08,2026-06-23,USD,2854.6,285.46,3140.06,CAPEX-36478,FIN,Maintenance services,PAID
INV-2026-001450,V0004,Delta Solutions Incorporated,2026-06-08,2026-07-08,USD,12240.96,1836.14,14077.1,PO-88586,LOG,Warehouse supplies,PAID
INV-2026-001560,V0051,Nova Systems Corporation,2026-06-08,2026-06-23,USD,1976.07,355.69,2331.76,OPEX-44520,FIN,Warehouse supplies,PAID
INV-2026-001662,V0088,Unity Technologies Limited,2026-06-08,2026-07-23,EUR,2542.33,0.0,2542.33,CAPEX-54708,PROC,Network equipment,REVIEW
INV-2026-000054,V0044,Evergreen Systems Incorporated,2026-06-09,2026-07-24,GBP,1716.67,137.33,1854.0,OPEX-51505,PROC,Warehouse supplies,OPEN
INV-2026-000106,V0082,Redwood Logistics Incorporated,2026-06-09,2026-07-09,LKR,1942671.8,155413.74,2098085.55,PR-67640,IT,Packaging materials,PAID
INV-2026-000391,V0069,Keystone Technologies Incorporated,2026-06-09,2026-06-24,EUR,19894.24,3580.96,23475.21,PO-95664,MKT,Cloud infrastructure services,REVIEW
INV-2026-000657,V0038,Insight Services Limited,2026-06-09,2026-06-24,USD,9757.03,0.0,9757.03,PO-46418,OPS,Freight and logistics,PAID
INV-2026-000787,V0033,BrightPath Logistics Corporation,2026-06-09,2026-08-08,USD,13470.62,2020.59,15491.21,PR-12438,PROC,Warehouse supplies,REVIEW
INV-2026-000951,V0066,Jade Pharma Incorporated,2026-06-09,2026-07-09,USD,9088.89,908.89,9997.77,OPEX-58170,MKT,Packaging materials,PAID
INV-2026-001621,V0039,Zenith Consulting Incorporated,2026-06-09,2026-07-24,USD,4084.27,326.74,4411.01,PR-96461,HR,Data services,PAID
INV-2026-001632,V0018,Royal Networks Incorporated,2026-06-09,2026-07-09,GBP,7945.08,0.0,7945.08,PO-97674,FIN,Training services,OPEN
INV-2026-000033,V0027,Pioneer Solutions Incorporated,2026-06-10,2026-07-10,USD,13249.31,0.0,13249.31,PR-32782,LOG,Software licensing,PAID
INV-2026-000133,V0085,Royal Holdings Limited,2026-06-10,2026-06-25,LKR,1174259.06,93940.72,1268199.78,PR-15811,OPS,Data services,REVIEW
INV-2026-000289,V0028,Unity Systems Incorporated,2026-06-10,2026-07-10,USD,12367.59,1236.76,13604.35,PR-21362,IT,Freight and logistics,OPEN
INV-2026-000355,V0026,Vertex Consulting Incorporated,2026-06-10,2026-07-10,LKR,1200219.12,96017.53,1296236.65,PO-21406,HR,Data services,REVIEW
INV-2026-000604,V0080,Vertex Textiles Corporation,2026-06-10,2026-08-09,LKR,1654873.7,0.0,1654873.7,PR-29432,IT,Training services,REVIEW
INV-2026-000696,V0060,Zenith Packaging Limited,2026-06-10,2026-07-10,USD,1175.01,0.0,1175.01,PR-99816,MKT,Packaging materials,PAID
INV-2026-001338,V0085,Royal Holdings Limited,2026-06-10,2026-06-25,GBP,12590.43,0.0,12590.43,PR-86853,HR,Professional consulting,PAID
INV-2026-001397,V0076,Royal Services Incorporated,2026-06-10,2026-06-25,LKR,359438.29,0.0,359438.29,PR-93616,OPS,Packaging materials,PAID
INV-2026-001754,V0055,Lanka Systems Incorporated,2026-06-10,2026-07-25,EUR,2268.61,226.86,2495.48,OPEX-51044,IT,Freight and logistics,PAID
INV-2026-001908,V0006,Crescent Industries Limited,2026-06-10,2026-07-25,USD,8205.83,0.0,8205.83,OPEX-88918,MKT,Security services,PAID
INV-2026-001946,V0080,Vertex Textiles Corporation,2026-06-10,2026-07-25,LKR,1258355.71,125835.57,1384191.28,CAPEX-82443,PROC,Security services,REVIEW
INV-2026-000107,V0057,Keystone Packaging Limited,2026-06-11,2026-07-11,LKR,567480.49,0.0,567480.49,CAPEX-76497,IT,Office equipment,PAID
INV-2026-000393,V0027,Pioneer Solutions Incorporated,2026-06-11,2026-06-26,USD,8486.92,0.0,8486.92,CAPEX-91631,LOG,Warehouse supplies,PAID
INV-2026-000422,V0071,Harbor Technologies Limited,2026-06-11,2026-07-11,USD,4289.09,772.04,5061.12,CAPEX-99995,OPS,Training services,PAID
INV-2026-000510,V0061,Silverline Services Limited,2026-06-11,2026-06-26,USD,14922.51,1193.8,16116.31,CAPEX-57226,LOG,Data services,PAID
INV-2026-000679,V0008,Global Textiles Limited,2026-06-11,2026-06-26,USD,10748.37,859.87,11608.24,PO-70245,MKT,Office equipment,PAID
INV-2026-000681,V0014,Delta Foods Corporation,2026-06-11,2026-07-11,USD,1807.07,325.27,2132.34,OPEX-34833,FIN,Cloud infrastructure services,PAID
INV-2026-000867,V0047,Insight Technologies Incorporated,2026-06-11,2026-07-11,USD,15093.74,2264.06,17357.8,OPEX-39908,FIN,Maintenance services,REVIEW
INV-2026-000945,V0007,Quantum Technologies Incorporated,2026-06-11,2026-07-11,LKR,274755.6,41213.34,315968.94,OPEX-37425,PROC,Software licensing,REVIEW
INV-2026-000962,V0073,Crescent Logistics Corporation,2026-06-11,2026-08-10,EUR,11528.71,1152.87,12681.58,OPEX-36765,HR,Software licensing,OPEN
INV-2026-001007,V0047,Insight Technologies Incorporated,2026-06-11,2026-06-26,GBP,13353.63,0.0,13353.63,CAPEX-89355,HR,Training services,PAID
INV-2026-001059,V0010,Silverline Systems Incorporated,2026-06-11,2026-07-11,GBP,13972.44,0.0,13972.44,CAPEX-83877,PROC,Training services,REVIEW
INV-2026-001100,V0058,Harbor Logistics Limited,2026-06-11,2026-06-26,USD,1466.04,146.6,1612.65,PO-31880,LOG,Office equipment,REVIEW
INV-2026-001199,V0048,Zenith Trading Incorporated,2026-06-11,2026-06-26,USD,3444.91,0.0,3444.91,CAPEX-86922,HR,Office equipment,REVIEW
INV-2026-001354,V0030,Orbit Pharma Corporation,2026-06-11,2026-07-11,USD,5536.47,0.0,5536.47,OPEX-95888,HR,Freight and logistics,PAID
INV-2026-001642,V0059,Seacrest Solutions Limited,2026-06-11,2026-07-11,LKR,1338252.69,200737.9,1538990.59,PO-17361,PROC,Freight and logistics,PAID
INV-2026-001656,V0049,Seacrest Consulting Incorporated,2026-06-11,2026-07-11,USD,7390.32,739.03,8129.35,PR-29796,LOG,Freight and logistics,PAID
INV-2026-001790,V0028,Unity Systems Incorporated,2026-06-11,2026-08-10,USD,599.9,59.99,659.89,CAPEX-90337,HR,Network equipment,PAID
INV-2026-001798,V0043,Silverline Logistics Limited,2026-06-11,2026-07-11,EUR,3213.29,578.39,3791.69,CAPEX-87837,MKT,Professional consulting,PAID
INV-2026-001956,V0053,Pioneer Trading Incorporated,2026-06-11,2026-06-26,LKR,452848.41,67927.26,520775.67,OPEX-65830,IT,Training services,REVIEW
INV-2026-000070,V0009,Orbit Consulting Limited,2026-06-12,2026-07-27,GBP,6127.54,612.75,6740.29,PO-28320,IT,Cloud infrastructure services,REVIEW
INV-2026-000132,V0006,Crescent Industries Limited,2026-06-12,2026-07-27,USD,5162.57,0.0,5162.57,CAPEX-18855,OPS,Professional consulting,PAID
INV-2026-000238,V0049,Seacrest Consulting Incorporated,2026-06-12,2026-07-12,GBP,7865.68,629.25,8494.94,PO-21995,IT,Office equipment,PAID
INV-2026-000250,V0018,Royal Networks Incorporated,2026-06-12,2026-07-12,USD,5143.31,0.0,5143.31,OPEX-59412,IT,Packaging materials,REVIEW
INV-2026-000383,V0041,Metro Foods Limited,2026-06-12,2026-06-27,USD,9106.82,0.0,9106.82,PR-85534,MKT,Freight and logistics,PAID
INV-2026-000641,V0075,Vertex Packaging Limited,2026-06-12,2026-06-27,LKR,314782.57,0.0,314782.57,OPEX-79632,OPS,Maintenance services,REVIEW
INV-2026-000412,V0080,Vertex Textiles Corporation,2026-06-13,2026-07-13,EUR,11299.17,2033.85,13333.02,OPEX-54676,OPS,Cloud infrastructure services,PAID
INV-2026-000544,V0001,Unity Trading Limited,2026-06-13,2026-08-12,USD,14705.12,0.0,14705.12,CAPEX-91290,FIN,Network equipment,REVIEW
INV-2026-000934,V0026,Vertex Consulting Incorporated,2026-06-13,2026-07-13,LKR,160097.46,0.0,160097.46,OPEX-71263,LOG,Warehouse supplies,PAID
INV-2026-000948,V0052,Apex Consulting Incorporated,2026-06-13,2026-08-12,GBP,847.7,0.0,847.7,PR-69255,MKT,Professional consulting,PAID
INV-2026-001750,V0038,Insight Services Limited,2026-06-13,2026-07-13,USD,12010.85,2161.95,14172.8,CAPEX-33996,PROC,Packaging materials,PAID
INV-2026-001951,V0051,Nova Systems Corporation,2026-06-13,2026-06-28,USD,15304.18,0.0,15304.18,OPEX-32795,PROC,Professional consulting,OPEN
INV-2026-000081,V0059,Seacrest Solutions Limited,2026-06-14,2026-06-29,USD,19971.9,1997.19,21969.1,OPEX-99928,IT,Packaging materials,PAID
INV-2026-000134,V0044,Evergreen Systems Incorporated,2026-06-14,2026-07-14,LKR,1563806.62,156380.66,1720187.28,OPEX-92802,FIN,Freight and logistics,PAID
INV-2026-000407,V0087,Orbit Trading Limited,2026-06-14,2026-07-29,USD,16799.98,2520.0,19319.97,PO-11526,PROC,Freight and logistics,PAID
INV-2026-000546,V0053,Pioneer Trading Incorporated,2026-06-14,2026-07-14,USD,2033.58,366.04,2399.62,PO-15737,MKT,Freight and logistics,REVIEW
INV-2026-000794,V0023,Metro Consulting Corporation,2026-06-14,2026-06-29,GBP,9778.54,0.0,9778.54,PO-21000,OPS,Security services,OPEN
INV-2026-000807,V0007,Quantum Technologies Incorporated,2026-06-14,2026-07-14,GBP,8934.89,1608.28,10543.17,PR-10403,HR,Professional consulting,PAID
INV-2026-000832,V0007,Quantum Technologies Incorporated,2026-06-14,2026-07-14,USD,15987.16,2877.69,18864.85,PO-81716,LOG,Maintenance services,REVIEW
INV-2026-000870,V0005,Nova Logistics Limited,2026-06-14,2026-07-14,EUR,1269.26,228.47,1497.73,CAPEX-64959,HR,Training services,PAID
INV-2026-000993,V0027,Pioneer Solutions Incorporated,2026-06-14,2026-06-29,USD,18477.37,2771.61,21248.98,OPEX-53082,FIN,Office equipment,PAID
INV-2026-000994,V0041,Metro Foods Limited,2026-06-14,2026-06-29,EUR,15860.58,1586.06,17446.64,CAPEX-13105,FIN,Warehouse supplies,PAID
INV-2026-001029,V0009,Orbit Consulting Limited,2026-06-14,2026-07-14,USD,18214.12,3278.54,21492.66,OPEX-95710,PROC,Data services,PAID
INV-2026-001140,V0084,Harbor Industries Limited,2026-06-14,2026-07-29,LKR,776428.37,0.0,776428.37,CAPEX-94757,HR,Professional consulting,PAID
INV-2026-001156,V0080,Vertex Textiles Corporation,2026-06-14,2026-06-29,GBP,15836.94,2850.65,18687.59,PO-30258,MKT,Software licensing,REVIEW
INV-2026-001181,V0079,Global Trading Limited,2026-06-14,2026-07-29,LKR,126872.46,19030.87,145903.33,OPEX-26891,PROC,Maintenance services,REVIEW
INV-2026-001401,V0045,Nova Solutions Corporation,2026-06-14,2026-08-13,USD,16610.46,2989.88,19600.34,PR-14814,MKT,Security services,PAID
INV-2026-001461,V0043,Silverline Logistics Limited,2026-06-14,2026-06-29,USD,17996.0,1799.6,19795.6,PR-44078,OPS,Office equipment,REVIEW
INV-2026-001467,V0045,Nova Solutions Corporation,2026-06-14,2026-07-14,EUR,17069.9,1365.59,18435.49,CAPEX-59542,MKT,Packaging materials,PAID
INV-2026-001477,V0057,Keystone Packaging Limited,2026-06-14,2026-07-14,EUR,16138.63,2420.79,18559.42,OPEX-10064,OPS,Maintenance services,PAID
INV-2026-001620,V0048,Zenith Trading Incorporated,2026-06-14,2026-07-14,USD,7929.45,792.95,8722.4,PO-81149,PROC,Packaging materials,PAID
INV-2026-000036,V0029,Zenith Supplies Limited,2026-06-15,2026-07-15,USD,16553.43,0.0,16553.43,PO-31747,MKT,Office equipment,PAID
INV-2026-000143,V0031,Pioneer Supplies Incorporated,2026-06-15,2026-07-15,USD,7731.15,1159.67,8890.82,PO-89310,FIN,Training services,PAID
INV-2026-000253,V0022,Crescent Supplies Limited,2026-06-15,2026-08-14,USD,11316.82,2037.03,13353.85,OPEX-53463,MKT,Maintenance services,PAID
INV-2026-000723,V0084,Harbor Industries Limited,2026-06-15,2026-07-15,USD,11915.94,2144.87,14060.81,OPEX-70031,OPS,Security services,PAID
INV-2026-000801,V0003,Harbor Services Incorporated,2026-06-15,2026-08-14,USD,16848.48,3032.73,19881.21,PO-98027,FIN,Office equipment,PAID
INV-2026-001113,V0024,Unity Foods Limited,2026-06-15,2026-07-15,USD,6285.99,0.0,6285.99,OPEX-89668,FIN,Software licensing,PAID
INV-2026-001200,V0078,Northstar Packaging Corporation,2026-06-15,2026-08-14,USD,8038.34,0.0,8038.34,PR-52294,HR,Freight and logistics,PAID
INV-2026-001216,V0085,Royal Holdings Limited,2026-06-15,2026-07-15,GBP,1670.97,167.1,1838.07,PO-37849,IT,Training services,PAID
INV-2026-001677,V0056,Silverline Technologies Incorporated,2026-06-15,2026-07-15,USD,3658.61,548.79,4207.4,PO-94360,OPS,Network equipment,PAID
INV-2026-001696,V0028,Unity Systems Incorporated,2026-06-15,2026-07-15,USD,14867.91,1189.43,16057.34,PO-46697,HR,Training services,REVIEW
INV-2026-001741,V0053,Pioneer Trading Incorporated,2026-06-15,2026-07-15,USD,12027.7,962.22,12989.92,OPEX-19837,HR,Security services,REVIEW
