ledger_entry_id,invoice_id,vendor_id,vendor_name,posting_date,transaction_type,amount,currency,reference,gl_account,cost_center,description,status
LED-0001754,,V0038,Insight Services Limited,2026-01-03,ADJUSTMENT,227641.22,LKR,JRN-001754,2000-AP,IT,Reversal entry,POSTED
LED-0001786,,V0064,Redwood Textiles Limited,2026-01-03,REVERSAL,4048.75,EUR,JRN-001786,6990-ADJUSTMENTS,MKT,Reversal entry,POSTED
LED-0001792,,V0065,Pioneer Industries Incorporated,2026-01-05,ACCRUAL,3073.52,GBP,JRN-001792,6200-ADMIN,MKT,Reversal entry,POSTED
LED-0001715,,V0020,Global Solutions Limited,2026-01-06,ACCRUAL,4793.57,GBP,JRN-001715,6990-ADJUSTMENTS,OPS,Month-end accrual,POSTED
LED-0001770,,V0083,Metro Engineering Limited,2026-01-06,REVERSAL,3547.16,USD,JRN-001770,6990-ADJUSTMENTS,IT,Vendor balance adjustment,POSTED
LED-0001735,,V0049,Seacrest Consulting Incorporated,2026-01-09,ACCRUAL,1576.22,EUR,JRN-001735,6100-SERVICES,FIN,Reversal entry,POSTED
LED-0001773,,V0044,Evergreen Systems Incorporated,2026-01-11,ACCRUAL,3604.18,USD,JRN-001773,2000-AP,PROC,Reversal entry,POSTED
LED-0001790,,V0027,Pioneer Solutions Incorporated,2026-01-11,REVERSAL,221210.85,LKR,JRN-001790,6200-ADMIN,HR,Reversal entry,POSTED
LED-0001810,,V0051,Nova Systems Corporation,2026-01-11,ACCRUAL,3094.52,GBP,JRN-001810,6200-ADMIN,PROC,Vendor balance adjustment,POSTED
LED-0001767,,V0004,Delta Solutions Incorporated,2026-01-12,ACCRUAL,4802.81,GBP,JRN-001767,6200-ADMIN,LOG,Vendor balance adjustment,POSTED
LED-0001704,,V0019,Titan Foods Incorporated,2026-01-14,ADJUSTMENT,4729.5,GBP,JRN-001704,6200-ADMIN,OPS,Prior-period correction,POSTED
LED-0001744,,V0080,Vertex Textiles Corporation,2026-01-15,ACCRUAL,405378.73,LKR,JRN-001744,2000-AP,FIN,Reversal entry,POSTED
LED-0001802,,V0024,Unity Foods Limited,2026-01-16,ADJUSTMENT,4183.6,GBP,JRN-001802,2000-AP,IT,Prior-period correction,POSTED
LED-0001753,,V0007,Quantum Technologies Incorporated,2026-01-17,ADJUSTMENT,1637.6,USD,JRN-001753,2000-AP,MKT,Prior-period correction,POSTED
LED-0000235,INV-2026-000279,V0075,Vertex Packaging Limited,2026-01-19,PAYMENT,22946.69,GBP,INV-2026-000279,2000-AP,MKT,Payment against INV-2026-000279,POSTED
LED-0000469,INV-2026-000557,V0051,Nova Systems Corporation,2026-01-19,PAYMENT,13758.33,USD,INV-2026-000557,2010-AP-TRADE,IT,Payment against INV-2026-000557,POSTED
LED-0000773,INV-2026-000909,V0061,Silverline Services Limited,2026-01-19,PAYMENT,4105.38,GBP,INV-2026-000909,2010-AP-TRADE,LOG,Payment against INV-2026-000909,POSTED
LED-0000648,INV-2026-000772,V0070,Royal Supplies Incorporated,2026-01-20,PAYMENT,17616.9,USD,INV-2026-000772,2020-AP-SERVICES,OPS,Payment against INV-2026-000772,POSTED
LED-0000449,INV-2026-000533,V0049,Seacrest Consulting Incorporated,2026-01-21,PAYMENT,1580147.78,LKR,INV-2026-000533,2000-AP,PROC,Payment against INV-2026-000533,POSTED
LED-0000752,INV-2026-000887,V0063,Fusion Consulting Incorporated,2026-01-21,PAYMENT,7051.14,EUR,INV-2026-000887,2020-AP-SERVICES,LOG,Payment against INV-2026-000887,POSTED
LED-0000216,INV-2026-000254,V0014,Delta Foods Corporation,2026-01-22,PAYMENT,5349.39,USD,INV-2026-000254,2000-AP,OPS,Payment against INV-2026-000254,POSTED
LED-0000238,INV-2026-000282,V0059,Seacrest Solutions Limited,2026-01-22,PAYMENT,370719.19,LKR,INV-2026-000282,2010-AP-TRADE,FIN,Payment against INV-2026-000282,POSTED
LED-0000565,INV-2026-000667,V0087,Orbit Trading Limited,2026-01-22,PAYMENT,9539.97,USD,INV-2026-000667,2020-AP-SERVICES,HR,Payment against INV-2026-000667,POSTED
LED-0001240,INV-2026-001456,V0009,Orbit Consulting Limited,2026-01-22,PAYMENT,15612.66,GBP,INV-2026-001456,2020-AP-SERVICES,IT,Payment against INV-2026-001456,POSTED
LED-0001390,INV-2026-001625,V0011,Nova Engineering Corporation,2026-01-22,PAYMENT,1881566.16,LKR,INV-2026-001625,2010-AP-TRADE,OPS,Payment against INV-2026-001625,POSTED
LED-0000271,INV-2026-000321,V0010,Silverline Systems Incorporated,2026-01-23,PAYMENT,19867.78,USD,INV-2026-000321,2000-AP,MKT,Payment against INV-2026-000321,POSTED
LED-0000416,INV-2026-000491,V0067,Unity Foods Corporation,2026-01-23,PAYMENT,13034.16,USD,INV-2026-000491,2010-AP-TRADE,MKT,Payment against INV-2026-000491,POSTED
LED-0001725,,V0011,Nova Engineering Corporation,2026-01-23,REVERSAL,2760.71,EUR,JRN-001725,6100-SERVICES,PROC,Vendor balance adjustment,POSTED
LED-0001752,,V0052,Apex Consulting Incorporated,2026-01-23,ACCRUAL,1023.38,USD,JRN-001752,6200-ADMIN,OPS,Manual adjustment,POSTED
LED-0001769,,V0045,Nova Solutions Corporation,2026-01-23,REVERSAL,1511.45,USD,JRN-001769,2000-AP,OPS,Reversal entry,POSTED
LED-0000018,INV-2026-000023,V0058,Harbor Logistics Limited,2026-01-24,PAYMENT,5339.9,USD,INV-2026-000023,2010-AP-TRADE,PROC,Payment against INV-2026-000023,POSTED
LED-0000716,INV-2026-000845,V0069,Keystone Technologies Incorporated,2026-01-24,PAYMENT,2439.56,USD,INV-2026-000845,2010-AP-TRADE,PROC,Payment against INV-2026-000845,POSTED
LED-0001727,,V0055,Lanka Systems Incorporated,2026-01-24,REVERSAL,2578.1,GBP,JRN-001727,6990-ADJUSTMENTS,PROC,Month-end accrual,POSTED
LED-0001736,,V0076,Royal Services Incorporated,2026-01-24,ACCRUAL,130398.57,LKR,JRN-001736,6100-SERVICES,OPS,Vendor balance adjustment,POSTED
LED-0001747,,V0074,Crescent Supplies Corporation,2026-01-24,REVERSAL,2761.27,USD,JRN-001747,2000-AP,FIN,Reversal entry,POSTED
LED-0000160,INV-2026-000187,V0038,Insight Services Limited,2026-01-25,PAYMENT,11411.08,USD,INV-2026-000187,2010-AP-TRADE,HR,Payment against INV-2026-000187,POSTED
LED-0001553,INV-2026-001822,V0054,Jade Industries Limited,2026-01-25,PAYMENT,7874.56,GBP,INV-2026-001822,2000-AP,IT,Payment against INV-2026-001822,POSTED
LED-0001092,INV-2026-001270,V0015,Titan Consulting Limited,2026-01-27,PAYMENT,17589.75,USD,INV-2026-001270,2020-AP-SERVICES,OPS,Payment against INV-2026-001270,POSTED
LED-0001619,INV-2026-001899,V0004,Delta Solutions Incorporated,2026-01-27,PAYMENT,7706.85,USD,INV-2026-001899,2020-AP-SERVICES,PROC,Payment against INV-2026-001899,POSTED
LED-0001698,INV-2026-001997,V0005,Nova Logistics Limited,2026-01-27,PAYMENT,6530.15,USD,INV-2026-001997,2010-AP-TRADE,MKT,Payment against INV-2026-001997,POSTED
LED-0001706,,V0030,Orbit Pharma Corporation,2026-01-27,ADJUSTMENT,2709.22,USD,JRN-001706,6100-SERVICES,OPS,Vendor balance adjustment,POSTED
LED-0001738,,V0037,Seacrest Holdings Limited,2026-01-27,REVERSAL,132.6,USD,JRN-001738,6100-SERVICES,MKT,Reversal entry,POSTED
LED-0000513,INV-2026-000607,V0047,Insight Technologies Incorporated,2026-01-28,PAYMENT,665395.13,LKR,INV-2026-000607,2000-AP,MKT,Payment against INV-2026-000607,POSTED
LED-0001558,INV-2026-001829,V0056,Silverline Technologies Incorporated,2026-01-28,PAYMENT,1853208.36,LKR,INV-2026-001829,2020-AP-SERVICES,LOG,Payment against INV-2026-001829,POSTED
LED-0000241,INV-2026-000285,V0013,Delta Solutions Corporation,2026-01-31,PAYMENT,1919.84,USD,INV-2026-000285,2020-AP-SERVICES,PROC,Payment against INV-2026-000285,POSTED
LED-0001107,INV-2026-001288,V0032,Keystone Logistics Limited,2026-01-31,PAYMENT,2639.11,USD,INV-2026-001288,2010-AP-TRADE,OPS,Payment against INV-2026-001288,POSTED
LED-0001629,INV-2026-001910,V0035,Global Engineering Limited,2026-02-01,PAYMENT,918345.39,LKR,INV-2026-001910,2000-AP,LOG,Payment against INV-2026-001910,POSTED
LED-0000081,INV-2026-000097,V0077,Pioneer Packaging Limited,2026-02-02,PAYMENT,6112.22,USD,INV-2026-000097,2010-AP-TRADE,OPS,Payment against INV-2026-000097,POSTED
LED-0000581,INV-2026-000687,V0076,Royal Services Incorporated,2026-02-02,PAYMENT,11503.69,USD,INV-2026-000687,2000-AP,MKT,Payment against INV-2026-000687,POSTED
LED-0000890,INV-2026-001043,V0022,Crescent Supplies Limited,2026-02-02,PAYMENT,19486.28,USD,INV-2026-001043,2000-AP,LOG,Payment against INV-2026-001043,POSTED
LED-0001441,INV-2026-001686,V0063,Fusion Consulting Incorporated,2026-02-02,PAYMENT,1860.7,GBP,INV-2026-001686,2010-AP-TRADE,FIN,Payment against INV-2026-001686,POSTED
LED-0001670,INV-2026-001960,V0009,Orbit Consulting Limited,2026-02-02,PAYMENT,2155790.82,LKR,INV-2026-001960,2020-AP-SERVICES,IT,Payment against INV-2026-001960,POSTED
LED-0000066,INV-2026-000078,V0017,Delta Pharma Limited,2026-02-03,PAYMENT,1819475.12,LKR,INV-2026-000078,2020-AP-SERVICES,FIN,Payment against INV-2026-000078,POSTED
LED-0000607,INV-2026-000722,V0025,Lanka Foods Limited,2026-02-03,PAYMENT,1850267.75,LKR,INV-2026-000722,2000-AP,LOG,Payment against INV-2026-000722,POSTED
LED-0000703,INV-2026-000831,V0077,Pioneer Packaging Limited,2026-02-03,PAYMENT,14481.19,USD,INV-2026-000831,2000-AP,FIN,Payment against INV-2026-000831,POSTED
LED-0000787,INV-2026-000926,V0056,Silverline Technologies Incorporated,2026-02-03,PAYMENT,1229.1,GBP,INV-2026-000926,2010-AP-TRADE,HR,Payment against INV-2026-000926,POSTED
LED-0001304,INV-2026-001527,V0024,Unity Foods Limited,2026-02-03,PAYMENT,798.19,GBP,INV-2026-001527,2020-AP-SERVICES,OPS,Payment against INV-2026-001527,POSTED
LED-0001761,,V0082,Redwood Logistics Incorporated,2026-02-03,ADJUSTMENT,842.18,EUR,JRN-001761,2000-AP,HR,Reversal entry,POSTED
LED-0000242,INV-2026-000286,V0002,Zenith Consulting Limited,2026-02-04,PAYMENT,289490.0,LKR,INV-2026-000286,2000-AP,IT,Payment against INV-2026-000286,POSTED
LED-0001292,INV-2026-001514,V0061,Silverline Services Limited,2026-02-04,PAYMENT,14028.67,GBP,INV-2026-001514,2010-AP-TRADE,MKT,Payment against INV-2026-001514,POSTED
LED-0001408,INV-2026-001650,V0009,Orbit Consulting Limited,2026-02-04,PAYMENT,8216.53,USD,INV-2026-001650,2010-AP-TRADE,MKT,Payment against INV-2026-001650,POSTED
LED-0001446,INV-2026-001695,V0036,Unity Packaging Corporation,2026-02-04,PAYMENT,8858.04,USD,INV-2026-001695,2000-AP,IT,Payment against INV-2026-001695,POSTED
LED-0000182,INV-2026-000215,V0039,Zenith Consulting Incorporated,2026-02-05,PAYMENT,19246.1,USD,INV-2026-000215,2020-AP-SERVICES,PROC,Payment against INV-2026-000215,POSTED
LED-0000463,INV-2026-000549,V0010,Silverline Systems Incorporated,2026-02-05,PAYMENT,9889.14,GBP,INV-2026-000549,2020-AP-SERVICES,IT,Payment against INV-2026-000549,POSTED
LED-0000800,INV-2026-000941,V0013,Delta Solutions Corporation,2026-02-05,PAYMENT,13138.8,USD,INV-2026-000941,2010-AP-TRADE,OPS,Payment against INV-2026-000941,POSTED
LED-0000889,INV-2026-001042,V0026,Vertex Consulting Incorporated,2026-02-05,PAYMENT,17140.09,GBP,INV-2026-001042,2010-AP-TRADE,HR,Payment against INV-2026-001042,POSTED
LED-0001274,INV-2026-001495,V0089,Pioneer Supplies Limited,2026-02-05,PAYMENT,1823765.65,LKR,INV-2026-001495,2000-AP,MKT,Payment against INV-2026-001495,POSTED
LED-0001517,INV-2026-001775,V0078,Northstar Packaging Corporation,2026-02-05,PAYMENT,225482.85,LKR,INV-2026-001775,2000-AP,LOG,Payment against INV-2026-001775,POSTED
LED-0001816,,V0071,Harbor Technologies Limited,2026-02-05,ACCRUAL,492.24,USD,JRN-001816,6100-SERVICES,HR,Prior-period correction,POSTED
LED-0000220,INV-2026-000258,V0015,Titan Consulting Limited,2026-02-06,PAYMENT,2294.13,GBP,INV-2026-000258,2000-AP,FIN,Payment against INV-2026-000258,POSTED
LED-0000389,INV-2026-000458,V0010,Silverline Systems Incorporated,2026-02-06,PAYMENT,1026677.16,LKR,INV-2026-000458,2020-AP-SERVICES,FIN,Payment against INV-2026-000458,POSTED
LED-0000580,INV-2026-000686,V0017,Delta Pharma Limited,2026-02-06,PAYMENT,1202.22,GBP,INV-2026-000686,2010-AP-TRADE,LOG,Payment against INV-2026-000686,POSTED
LED-0000926,INV-2026-001082,V0056,Silverline Technologies Incorporated,2026-02-06,PAYMENT,1425708.38,LKR,INV-2026-001082,2000-AP,IT,Payment against INV-2026-001082,POSTED
LED-0001014,INV-2026-001178,V0051,Nova Systems Corporation,2026-02-06,PAYMENT,504656.77,LKR,INV-2026-001178,2020-AP-SERVICES,OPS,Payment against INV-2026-001178,POSTED
LED-0001035,INV-2026-001202,V0041,Metro Foods Limited,2026-02-06,PAYMENT,10121.42,USD,INV-2026-001202,2020-AP-SERVICES,IT,Payment against INV-2026-001202,POSTED
LED-0001173,INV-2026-001372,V0061,Silverline Services Limited,2026-02-06,PAYMENT,4051.31,USD,INV-2026-001372,2000-AP,OPS,Payment against INV-2026-001372,POSTED
LED-0001571,INV-2026-001843,V0046,Metro Holdings Incorporated,2026-02-06,PAYMENT,8087.56,GBP,INV-2026-001843,2000-AP,MKT,Payment against INV-2026-001843,POSTED
LED-0000070,INV-2026-000082,V0057,Keystone Packaging Limited,2026-02-07,PAYMENT,12212.95,USD,INV-2026-000082,2010-AP-TRADE,LOG,Payment against INV-2026-000082,POSTED
LED-0000249,INV-2026-000295,V0061,Silverline Services Limited,2026-02-07,PAYMENT,1579.55,EUR,INV-2026-000295,2020-AP-SERVICES,IT,Payment against INV-2026-000295,POSTED
LED-0000253,INV-2026-000300,V0018,Royal Networks Incorporated,2026-02-07,PAYMENT,21925.86,USD,INV-2026-000300,2020-AP-SERVICES,OPS,Payment against INV-2026-000300,POSTED
LED-0000451,INV-2026-000537,V0042,Evergreen Packaging Limited,2026-02-07,PAYMENT,570297.59,LKR,INV-2026-000537,2000-AP,IT,Payment against INV-2026-000537,POSTED
LED-0000689,INV-2026-000816,V0019,Titan Foods Incorporated,2026-02-07,PAYMENT,5281.6,USD,INV-2026-000816,2010-AP-TRADE,LOG,Payment against INV-2026-000816,POSTED
LED-0000819,INV-2026-000966,V0067,Unity Foods Corporation,2026-02-07,PAYMENT,18932.08,USD,INV-2026-000966,2020-AP-SERVICES,IT,Payment against INV-2026-000966,POSTED
LED-0001729,,V0071,Harbor Technologies Limited,2026-02-07,REVERSAL,3555.44,USD,JRN-001729,6200-ADMIN,PROC,Manual adjustment,POSTED
LED-0000056,INV-2026-000068,V0051,Nova Systems Corporation,2026-02-08,PAYMENT,2783.1,EUR,INV-2026-000068,2000-AP,HR,Payment against INV-2026-000068,POSTED
LED-0000204,INV-2026-000241,V0050,Keystone Trading Corporation,2026-02-08,PAYMENT,7829.46,USD,INV-2026-000241,2010-AP-TRADE,LOG,Payment against INV-2026-000241,POSTED
LED-0000243,INV-2026-000287,V0050,Keystone Trading Corporation,2026-02-08,PAYMENT,6857.38,USD,INV-2026-000287,2020-AP-SERVICES,MKT,Payment against INV-2026-000287,POSTED
LED-0000760,INV-2026-000895,V0063,Fusion Consulting Incorporated,2026-02-08,PAYMENT,3708.5,USD,INV-2026-000895,2020-AP-SERVICES,OPS,Payment against INV-2026-000895,POSTED
LED-0000899,INV-2026-001053,V0005,Nova Logistics Limited,2026-02-08,PAYMENT,6964.09,EUR,INV-2026-001053,2000-AP,PROC,Payment against INV-2026-001053,POSTED
LED-0001128,INV-2026-001314,V0049,Seacrest Consulting Incorporated,2026-02-08,PAYMENT,13064.23,USD,INV-2026-001314,2010-AP-TRADE,PROC,Payment against INV-2026-001314,POSTED
LED-0001235,INV-2026-001451,V0053,Pioneer Trading Incorporated,2026-02-08,PAYMENT,5852.15,EUR,INV-2026-001451,2020-AP-SERVICES,IT,Payment against INV-2026-001451,POSTED
LED-0001621,INV-2026-001901,V0078,Northstar Packaging Corporation,2026-02-08,PAYMENT,7480.42,USD,INV-2026-001901,2020-AP-SERVICES,PROC,Payment against INV-2026-001901,POSTED
LED-0001640,INV-2026-001925,V0005,Nova Logistics Limited,2026-02-08,PAYMENT,1418471.47,LKR,INV-2026-001925,2000-AP,HR,Payment against INV-2026-001925,POSTED
LED-0000009,INV-2026-000012,V0006,Crescent Industries Limited,2026-02-09,PAYMENT,19324.45,USD,INV-2026-000012,2020-AP-SERVICES,FIN,Payment against INV-2026-000012,POSTED
LED-0000171,INV-2026-000201,V0061,Silverline Services Limited,2026-02-09,PAYMENT,3698.03,USD,INV-2026-000201,2000-AP,HR,Payment against INV-2026-000201,POSTED
LED-0000522,INV-2026-000619,V0036,Unity Packaging Corporation,2026-02-09,PAYMENT,12575.04,USD,INV-2026-000619,2020-AP-SERVICES,LOG,Payment against INV-2026-000619,POSTED
LED-0000578,INV-2026-000683,V0003,Harbor Services Incorporated,2026-02-09,PAYMENT,8063.94,USD,INV-2026-000683,2020-AP-SERVICES,IT,Payment against INV-2026-000683,POSTED
LED-0001402,INV-2026-001641,V0012,Evergreen Industries Corporation,2026-02-09,PAYMENT,418.32,GBP,INV-2026-001641,2010-AP-TRADE,LOG,Payment against INV-2026-001641,POSTED
LED-0001697,INV-2026-001996,V0035,Global Engineering Limited,2026-02-09,PAYMENT,2187992.65,LKR,INV-2026-001996,2010-AP-TRADE,HR,Payment against INV-2026-001996,POSTED
LED-0001813,,V0089,Pioneer Supplies Limited,2026-02-09,ACCRUAL,3567.46,EUR,JRN-001813,6990-ADJUSTMENTS,PROC,Manual adjustment,POSTED
LED-0000071,INV-2026-000084,V0056,Silverline Technologies Incorporated,2026-02-10,PAYMENT,1515766.8,LKR,INV-2026-000084,2000-AP,HR,Payment against INV-2026-000084,POSTED
LED-0000435,INV-2026-000517,V0014,Delta Foods Corporation,2026-02-10,PAYMENT,11022.86,USD,INV-2026-000517,2020-AP-SERVICES,MKT,Payment against INV-2026-000517,POSTED
LED-0000503,INV-2026-000597,V0058,Harbor Logistics Limited,2026-02-10,PAYMENT,13989.46,USD,INV-2026-000597,2000-AP,IT,Payment against INV-2026-000597,POSTED
LED-0000873,INV-2026-001025,V0065,Pioneer Industries Incorporated,2026-02-10,PAYMENT,17237.66,USD,INV-2026-001025,2020-AP-SERVICES,HR,Payment against INV-2026-001025,POSTED
LED-0000934,INV-2026-001090,V0052,Apex Consulting Incorporated,2026-02-10,PAYMENT,20449.52,USD,INV-2026-001090,2020-AP-SERVICES,FIN,Payment against INV-2026-001090,POSTED
LED-0001552,INV-2026-001821,V0019,Titan Foods Incorporated,2026-02-10,PAYMENT,11345.57,USD,INV-2026-001821,2020-AP-SERVICES,PROC,Payment against INV-2026-001821,POSTED
LED-0000077,INV-2026-000091,V0035,Global Engineering Limited,2026-02-11,PAYMENT,15216.82,USD,INV-2026-000091,2020-AP-SERVICES,IT,Payment against INV-2026-000091,POSTED
LED-0000296,INV-2026-000351,V0090,Nova Packaging Corporation,2026-02-11,PAYMENT,7997.76,GBP,INV-2026-000351,2020-AP-SERVICES,FIN,Payment against INV-2026-000351,POSTED
LED-0000336,INV-2026-000397,V0002,Zenith Consulting Limited,2026-02-11,PAYMENT,1274846.88,LKR,INV-2026-000397,2000-AP,MKT,Payment against INV-2026-000397,POSTED
LED-0000499,INV-2026-000593,V0059,Seacrest Solutions Limited,2026-02-11,PAYMENT,12759.15,EUR,INV-2026-000593,2000-AP,HR,Payment against INV-2026-000593,POSTED
LED-0001012,INV-2026-001176,V0075,Vertex Packaging Limited,2026-02-11,PAYMENT,855765.69,LKR,INV-2026-001176,2010-AP-TRADE,HR,Payment against INV-2026-001176,POSTED
LED-0001192,INV-2026-001394,V0057,Keystone Packaging Limited,2026-02-11,PAYMENT,4680.3,EUR,INV-2026-001394,2020-AP-SERVICES,PROC,Payment against INV-2026-001394,POSTED
LED-0001414,INV-2026-001657,V0028,Unity Systems Incorporated,2026-02-11,PAYMENT,10269.82,USD,INV-2026-001657,2020-AP-SERVICES,IT,Payment against INV-2026-001657,POSTED
LED-0000392,INV-2026-000463,V0030,Orbit Pharma Corporation,2026-02-12,PAYMENT,19618.84,EUR,INV-2026-000463,2020-AP-SERVICES,HR,Payment against INV-2026-000463,POSTED
LED-0000461,INV-2026-000547,V0023,Metro Consulting Corporation,2026-02-12,PAYMENT,9769.16,USD,INV-2026-000547,2010-AP-TRADE,PROC,Payment against INV-2026-000547,POSTED
LED-0000500,INV-2026-000594,V0081,Nova Textiles Corporation,2026-02-12,PAYMENT,9567.0,USD,INV-2026-000594,2000-AP,FIN,Payment against INV-2026-000594,POSTED
LED-0000511,INV-2026-000605,V0045,Nova Solutions Corporation,2026-02-12,PAYMENT,102411.39,LKR,INV-2026-000605,2000-AP,IT,Payment against INV-2026-000605,POSTED
LED-0000667,INV-2026-000792,V0025,Lanka Foods Limited,2026-02-12,PAYMENT,1824654.62,LKR,INV-2026-000792,2020-AP-SERVICES,HR,Payment against INV-2026-000792,POSTED
LED-0001041,INV-2026-001210,V0080,Vertex Textiles Corporation,2026-02-12,PAYMENT,1070.94,USD,INV-2026-001210,2000-AP,OPS,Payment against INV-2026-001210,POSTED
LED-0001221,INV-2026-001432,V0048,Zenith Trading Incorporated,2026-02-12,PAYMENT,23056.78,EUR,INV-2026-001432,2020-AP-SERVICES,LOG,Payment against INV-2026-001432,POSTED
LED-0000338,INV-2026-000399,V0023,Metro Consulting Corporation,2026-02-13,PAYMENT,17340.19,USD,INV-2026-000399,2020-AP-SERVICES,IT,Payment against INV-2026-000399,POSTED
LED-0000912,INV-2026-001067,V0035,Global Engineering Limited,2026-02-13,PAYMENT,18381.17,GBP,INV-2026-001067,2000-AP,FIN,Payment against INV-2026-001067,POSTED
LED-0001043,INV-2026-001212,V0015,Titan Consulting Limited,2026-02-13,PAYMENT,6328.22,USD,INV-2026-001212,2020-AP-SERVICES,PROC,Payment against INV-2026-001212,POSTED
LED-0001647,INV-2026-001934,V0033,BrightPath Logistics Corporation,2026-02-13,PAYMENT,11496.37,USD,INV-2026-001934,2010-AP-TRADE,PROC,Payment against INV-2026-001934,POSTED
LED-0001782,,V0072,Westbridge Logistics Limited,2026-02-13,ACCRUAL,475615.52,LKR,JRN-001782,6200-ADMIN,IT,Reversal entry,POSTED
LED-0000225,INV-2026-000267,V0080,Vertex Textiles Corporation,2026-02-14,PAYMENT,9754.03,USD,INV-2026-000267,2020-AP-SERVICES,LOG,Payment against INV-2026-000267,POSTED
LED-0000480,INV-2026-000572,V0011,Nova Engineering Corporation,2026-02-14,PAYMENT,18984.95,USD,INV-2026-000572,2010-AP-TRADE,OPS,Payment against INV-2026-000572,POSTED
LED-0000668,INV-2026-000793,V0083,Metro Engineering Limited,2026-02-14,PAYMENT,5541.51,USD,INV-2026-000793,2020-AP-SERVICES,PROC,Payment against INV-2026-000793,POSTED
LED-0000902,INV-2026-001056,V0031,Pioneer Supplies Incorporated,2026-02-14,PAYMENT,6078.22,USD,INV-2026-001056,2000-AP,LOG,Payment against INV-2026-001056,POSTED
LED-0000980,INV-2026-001141,V0035,Global Engineering Limited,2026-02-14,PAYMENT,7916.95,USD,INV-2026-001141,2010-AP-TRADE,OPS,Payment against INV-2026-001141,POSTED
LED-0001363,INV-2026-001594,V0090,Nova Packaging Corporation,2026-02-14,PAYMENT,9209.81,USD,INV-2026-001594,2020-AP-SERVICES,IT,Payment against INV-2026-001594,POSTED
LED-0001473,INV-2026-001724,V0084,Harbor Industries Limited,2026-02-14,PAYMENT,2828.14,EUR,INV-2026-001724,2020-AP-SERVICES,HR,Payment against INV-2026-001724,POSTED
LED-0001474,INV-2026-001725,V0021,Vertex Supplies Corporation,2026-02-14,PAYMENT,6708.54,EUR,INV-2026-001725,2020-AP-SERVICES,FIN,Payment against INV-2026-001725,POSTED
LED-0000254,INV-2026-000301,V0035,Global Engineering Limited,2026-02-15,PAYMENT,17458.53,USD,INV-2026-000301,2020-AP-SERVICES,PROC,Payment against INV-2026-000301,POSTED
LED-0000371,INV-2026-000433,V0020,Global Solutions Limited,2026-02-15,PAYMENT,14143.46,USD,INV-2026-000433,2000-AP,MKT,Payment against INV-2026-000433,POSTED
LED-0000403,INV-2026-000477,V0070,Royal Supplies Incorporated,2026-02-15,PAYMENT,8483.2,EUR,INV-2026-000477,2000-AP,MKT,Payment against INV-2026-000477,POSTED
LED-0000448,INV-2026-000532,V0019,Titan Foods Incorporated,2026-02-15,PAYMENT,920037.96,LKR,INV-2026-000532,2020-AP-SERVICES,FIN,Payment against INV-2026-000532,POSTED
LED-0000613,INV-2026-000731,V0062,Vertex Packaging Incorporated,2026-02-15,PAYMENT,11958.93,GBP,INV-2026-000731,2000-AP,LOG,Payment against INV-2026-000731,POSTED
LED-0000779,INV-2026-000918,V0084,Harbor Industries Limited,2026-02-15,PAYMENT,18596.06,USD,INV-2026-000918,2000-AP,PROC,Payment against INV-2026-000918,POSTED
LED-0000981,INV-2026-001142,V0070,Royal Supplies Incorporated,2026-02-15,PAYMENT,12949.81,USD,INV-2026-001142,2000-AP,FIN,Payment against INV-2026-001142,POSTED
LED-0001110,INV-2026-001292,V0065,Pioneer Industries Incorporated,2026-02-15,PAYMENT,21264.14,USD,INV-2026-001292,2000-AP,IT,Payment against INV-2026-001292,POSTED
LED-0001746,,V0080,Vertex Textiles Corporation,2026-02-15,ADJUSTMENT,1114.9,USD,JRN-001746,6100-SERVICES,OPS,Reversal entry,POSTED
LED-0000278,INV-2026-000329,V0069,Keystone Technologies Incorporated,2026-02-16,PAYMENT,18643.37,EUR,INV-2026-000329,2010-AP-TRADE,FIN,Payment against INV-2026-000329,POSTED
LED-0000363,INV-2026-000425,V0067,Unity Foods Corporation,2026-02-16,PAYMENT,3550.73,USD,INV-2026-000425,2010-AP-TRADE,OPS,Payment against INV-2026-000425,POSTED
LED-0000483,INV-2026-000575,V0068,Harbor Supplies Limited,2026-02-16,PAYMENT,1314.99,USD,INV-2026-000575,2000-AP,HR,Payment against INV-2026-000575,POSTED
LED-0000514,INV-2026-000608,V0071,Harbor Technologies Limited,2026-02-16,PAYMENT,3297.83,USD,INV-2026-000608,2010-AP-TRADE,LOG,Payment against INV-2026-000608,POSTED
LED-0000720,INV-2026-000851,V0051,Nova Systems Corporation,2026-02-16,PAYMENT,2549.92,USD,INV-2026-000851,2000-AP,MKT,Payment against INV-2026-000851,POSTED
LED-0000834,INV-2026-000983,V0025,Lanka Foods Limited,2026-02-16,PAYMENT,18836.17,USD,INV-2026-000983,2010-AP-TRADE,IT,Payment against INV-2026-000983,POSTED
LED-0000898,INV-2026-001052,V0041,Metro Foods Limited,2026-02-16,PAYMENT,13632.08,USD,INV-2026-001052,2000-AP,LOG,Payment against INV-2026-001052,POSTED
LED-0001190,INV-2026-001391,V0082,Redwood Logistics Incorporated,2026-02-16,PAYMENT,18548.85,USD,INV-2026-001391,2000-AP,LOG,Payment against INV-2026-001391,POSTED
LED-0001721,,V0044,Evergreen Systems Incorporated,2026-02-16,ACCRUAL,4573.25,USD,JRN-001721,6990-ADJUSTMENTS,IT,Month-end accrual,POSTED
LED-0000188,INV-2026-000223,V0007,Quantum Technologies Incorporated,2026-02-17,PAYMENT,16869.79,USD,INV-2026-000223,2000-AP,IT,Payment against INV-2026-000223,POSTED
LED-0000884,INV-2026-001037,V0049,Seacrest Consulting Incorporated,2026-02-17,PAYMENT,16578.35,USD,INV-2026-001037,2010-AP-TRADE,MKT,Payment against INV-2026-001037,POSTED
LED-0000983,INV-2026-001144,V0006,Crescent Industries Limited,2026-02-17,PAYMENT,18876.96,USD,INV-2026-001144,2020-AP-SERVICES,HR,Payment against INV-2026-001144,POSTED
LED-0001372,INV-2026-001604,V0062,Vertex Packaging Incorporated,2026-02-17,PAYMENT,963.67,USD,INV-2026-001604,2010-AP-TRADE,MKT,Payment against INV-2026-001604,POSTED
LED-0001788,,V0085,Royal Holdings Limited,2026-02-17,REVERSAL,4369.56,USD,JRN-001788,6100-SERVICES,PROC,Reversal entry,POSTED
LED-0000137,INV-2026-000159,V0089,Pioneer Supplies Limited,2026-02-18,PAYMENT,9220.82,USD,INV-2026-000159,2010-AP-TRADE,LOG,Payment against INV-2026-000159,POSTED
LED-0000353,INV-2026-000414,V0058,Harbor Logistics Limited,2026-02-18,PAYMENT,1326347.75,LKR,INV-2026-000414,2010-AP-TRADE,MKT,Payment against INV-2026-000414,POSTED
LED-0000605,INV-2026-000719,V0087,Orbit Trading Limited,2026-02-18,PAYMENT,2041.27,USD,INV-2026-000719,2020-AP-SERVICES,IT,Payment against INV-2026-000719,POSTED
LED-0000786,INV-2026-000925,V0041,Metro Foods Limited,2026-02-18,PAYMENT,20231.22,USD,INV-2026-000925,2020-AP-SERVICES,LOG,Payment against INV-2026-000925,POSTED
LED-0001713,,V0046,Metro Holdings Incorporated,2026-02-18,ACCRUAL,2258.32,GBP,JRN-001713,2000-AP,MKT,Manual adjustment,POSTED
LED-0000082,INV-2026-000098,V0016,Zenith Holdings Incorporated,2026-02-19,PAYMENT,8681.42,GBP,INV-2026-000098,2000-AP,PROC,Payment against INV-2026-000098,POSTED
LED-0000283,INV-2026-000334,V0047,Insight Technologies Incorporated,2026-02-19,PAYMENT,20729.98,GBP,INV-2026-000334,2000-AP,OPS,Payment against INV-2026-000334,POSTED
LED-0000369,INV-2026-000431,V0088,Unity Technologies Limited,2026-02-19,PAYMENT,14733.38,USD,INV-2026-000431,2010-AP-TRADE,HR,Payment against INV-2026-000431,POSTED
LED-0000679,INV-2026-000806,V0065,Pioneer Industries Incorporated,2026-02-19,PAYMENT,13903.57,USD,INV-2026-000806,2010-AP-TRADE,PROC,Payment against INV-2026-000806,POSTED
LED-0001098,INV-2026-001278,V0046,Metro Holdings Incorporated,2026-02-19,PAYMENT,1847.55,USD,INV-2026-001278,2000-AP,LOG,Payment against INV-2026-001278,POSTED
LED-0001175,INV-2026-001374,V0021,Vertex Supplies Corporation,2026-02-19,PAYMENT,11236.02,GBP,INV-2026-001374,2010-AP-TRADE,IT,Payment against INV-2026-001374,POSTED
LED-0001428,INV-2026-001671,V0038,Insight Services Limited,2026-02-19,PAYMENT,17281.2,EUR,INV-2026-001671,2010-AP-TRADE,HR,Payment against INV-2026-001671,POSTED
LED-0001691,INV-2026-001987,V0021,Vertex Supplies Corporation,2026-02-19,PAYMENT,678491.24,LKR,INV-2026-001987,2000-AP,MKT,Payment against INV-2026-001987,POSTED
LED-0001764,,V0068,Harbor Supplies Limited,2026-02-19,REVERSAL,3175.56,GBP,JRN-001764,2000-AP,PROC,Month-end accrual,POSTED
LED-0000027,INV-2026-000034,V0021,Vertex Supplies Corporation,2026-02-20,PAYMENT,15207.17,USD,INV-2026-000034,2000-AP,FIN,Payment against INV-2026-000034,POSTED
LED-0000290,INV-2026-000343,V0014,Delta Foods Corporation,2026-02-20,PAYMENT,17772.07,USD,INV-2026-000343,2010-AP-TRADE,IT,Payment against INV-2026-000343,POSTED
LED-0000551,INV-2026-000652,V0062,Vertex Packaging Incorporated,2026-02-20,PAYMENT,15830.76,GBP,INV-2026-000652,2010-AP-TRADE,IT,Payment against INV-2026-000652,POSTED
LED-0000792,INV-2026-000931,V0006,Crescent Industries Limited,2026-02-20,PAYMENT,13501.35,USD,INV-2026-000931,2000-AP,LOG,Payment against INV-2026-000931,POSTED
LED-0000906,INV-2026-001061,V0032,Keystone Logistics Limited,2026-02-20,PAYMENT,12609.04,USD,INV-2026-001061,2020-AP-SERVICES,OPS,Payment against INV-2026-001061,POSTED
LED-0001100,INV-2026-001281,V0043,Silverline Logistics Limited,2026-02-20,PAYMENT,1804.91,USD,INV-2026-001281,2000-AP,IT,Payment against INV-2026-001281,POSTED
LED-0001132,INV-2026-001318,V0065,Pioneer Industries Incorporated,2026-02-20,PAYMENT,9744.99,GBP,INV-2026-001318,2020-AP-SERVICES,FIN,Payment against INV-2026-001318,POSTED
LED-0001382,INV-2026-001616,V0048,Zenith Trading Incorporated,2026-02-20,PAYMENT,617218.88,LKR,INV-2026-001616,2000-AP,PROC,Payment against INV-2026-001616,POSTED
LED-0001406,INV-2026-001646,V0001,Unity Trading Limited,2026-02-20,PAYMENT,6156.69,USD,INV-2026-001646,2020-AP-SERVICES,PROC,Payment against INV-2026-001646,POSTED
LED-0001417,INV-2026-001660,V0014,Delta Foods Corporation,2026-02-20,PAYMENT,10364.55,GBP,INV-2026-001660,2000-AP,LOG,Payment against INV-2026-001660,POSTED
LED-0000053,INV-2026-000064,V0085,Royal Holdings Limited,2026-02-21,PAYMENT,14006.79,GBP,INV-2026-000064,2000-AP,LOG,Payment against INV-2026-000064,POSTED
LED-0000244,INV-2026-000288,V0083,Metro Engineering Limited,2026-02-21,PAYMENT,13015.96,EUR,INV-2026-000288,2000-AP,OPS,Payment against INV-2026-000288,POSTED
LED-0000629,INV-2026-000751,V0015,Titan Consulting Limited,2026-02-21,PAYMENT,8310.05,USD,INV-2026-000751,2000-AP,MKT,Payment against INV-2026-000751,POSTED
LED-0000916,INV-2026-001072,V0025,Lanka Foods Limited,2026-02-21,PAYMENT,11601.77,GBP,INV-2026-001072,2010-AP-TRADE,MKT,Payment against INV-2026-001072,POSTED
LED-0000999,INV-2026-001163,V0023,Metro Consulting Corporation,2026-02-21,PAYMENT,5565.24,USD,INV-2026-001163,2020-AP-SERVICES,MKT,Payment against INV-2026-001163,POSTED
LED-0001135,INV-2026-001322,V0013,Delta Solutions Corporation,2026-02-21,PAYMENT,1034923.99,LKR,INV-2026-001322,2010-AP-TRADE,FIN,Payment against INV-2026-001322,POSTED
LED-0001145,INV-2026-001336,V0029,Zenith Supplies Limited,2026-02-21,PAYMENT,11016.38,USD,INV-2026-001336,2000-AP,PROC,Payment against INV-2026-001336,POSTED
LED-0001146,INV-2026-001337,V0087,Orbit Trading Limited,2026-02-21,PAYMENT,10307.95,USD,INV-2026-001337,2010-AP-TRADE,MKT,Payment against INV-2026-001337,POSTED
LED-0001396,INV-2026-001631,V0058,Harbor Logistics Limited,2026-02-21,PAYMENT,12298.66,GBP,INV-2026-001631,2000-AP,IT,Payment against INV-2026-001631,POSTED
LED-0001404,INV-2026-001643,V0026,Vertex Consulting Incorporated,2026-02-21,PAYMENT,14398.9,USD,INV-2026-001643,2000-AP,MKT,Payment against INV-2026-001643,POSTED
LED-0001534,INV-2026-001799,V0029,Zenith Supplies Limited,2026-02-21,PAYMENT,6360.77,USD,INV-2026-001799,2000-AP,PROC,Payment against INV-2026-001799,POSTED
LED-0001572,INV-2026-001844,V0011,Nova Engineering Corporation,2026-02-21,PAYMENT,10467.82,EUR,INV-2026-001844,2000-AP,HR,Payment against INV-2026-001844,POSTED
LED-0001613,INV-2026-001893,V0015,Titan Consulting Limited,2026-02-21,PAYMENT,16987.38,USD,INV-2026-001893,2000-AP,HR,Payment against INV-2026-001893,POSTED
LED-0001618,INV-2026-001898,V0070,Royal Supplies Incorporated,2026-02-21,PAYMENT,3664.37,USD,INV-2026-001898,2000-AP,IT,Payment against INV-2026-001898,POSTED
LED-0000051,INV-2026-000062,V0038,Insight Services Limited,2026-02-22,PAYMENT,331.57,USD,INV-2026-000062,2010-AP-TRADE,PROC,Payment against INV-2026-000062,POSTED
LED-0000293,INV-2026-000347,V0055,Lanka Systems Incorporated,2026-02-22,PAYMENT,1532363.44,LKR,INV-2026-000347,2000-AP,IT,Payment against INV-2026-000347,POSTED
LED-0000325,INV-2026-000384,V0063,Fusion Consulting Incorporated,2026-02-22,PAYMENT,9616.4,EUR,INV-2026-000384,2000-AP,HR,Payment against INV-2026-000384,POSTED
LED-0000386,INV-2026-000452,V0071,Harbor Technologies Limited,2026-02-22,PAYMENT,1459.17,GBP,INV-2026-000452,2020-AP-SERVICES,HR,Payment against INV-2026-000452,POSTED
LED-0000532,INV-2026-000629,V0017,Delta Pharma Limited,2026-02-22,PAYMENT,1235.37,GBP,INV-2026-000629,2010-AP-TRADE,HR,Payment against INV-2026-000629,POSTED
LED-0000971,INV-2026-001132,V0008,Global Textiles Limited,2026-02-22,PAYMENT,15526.26,GBP,INV-2026-001132,2000-AP,OPS,Payment against INV-2026-001132,POSTED
LED-0001156,INV-2026-001350,V0003,Harbor Services Incorporated,2026-02-22,PAYMENT,16885.82,USD,INV-2026-001350,2010-AP-TRADE,IT,Payment against INV-2026-001350,POSTED
LED-0000995,INV-2026-001158,V0086,Orbit Supplies Limited,2026-02-23,PAYMENT,10848.59,USD,INV-2026-001158,2020-AP-SERVICES,IT,Payment against INV-2026-001158,POSTED
LED-0001028,INV-2026-001195,V0026,Vertex Consulting Incorporated,2026-02-23,PAYMENT,11970.46,GBP,INV-2026-001195,2010-AP-TRADE,HR,Payment against INV-2026-001195,POSTED
LED-0001206,INV-2026-001413,V0040,Summit Textiles Incorporated,2026-02-23,PAYMENT,18889.54,USD,INV-2026-001413,2020-AP-SERVICES,FIN,Payment against INV-2026-001413,POSTED
LED-0001230,INV-2026-001442,V0045,Nova Solutions Corporation,2026-02-23,PAYMENT,21275.12,GBP,INV-2026-001442,2020-AP-SERVICES,MKT,Payment against INV-2026-001442,POSTED
LED-0001449,INV-2026-001698,V0088,Unity Technologies Limited,2026-02-23,PAYMENT,405.16,USD,INV-2026-001698,2000-AP,MKT,Payment against INV-2026-001698,POSTED
LED-0001646,INV-2026-001933,V0065,Pioneer Industries Incorporated,2026-02-23,PAYMENT,9819.02,USD,INV-2026-001933,2010-AP-TRADE,IT,Payment against INV-2026-001933,POSTED
LED-0001658,INV-2026-001945,V0024,Unity Foods Limited,2026-02-23,PAYMENT,11708.03,USD,INV-2026-001945,2000-AP,PROC,Payment against INV-2026-001945,POSTED
LED-0001686,INV-2026-001980,V0058,Harbor Logistics Limited,2026-02-23,PAYMENT,1625028.39,LKR,INV-2026-001980,2020-AP-SERVICES,PROC,Payment against INV-2026-001980,POSTED
LED-0000024,INV-2026-000031,V0039,Zenith Consulting Incorporated,2026-02-24,PAYMENT,12335.94,USD,INV-2026-000031,2000-AP,HR,Payment against INV-2026-000031,POSTED
LED-0000132,INV-2026-000154,V0037,Seacrest Holdings Limited,2026-02-24,PAYMENT,14656.68,USD,INV-2026-000154,2020-AP-SERVICES,PROC,Payment against INV-2026-000154,POSTED
LED-0000267,INV-2026-000315,V0014,Delta Foods Corporation,2026-02-24,PAYMENT,9781.98,USD,INV-2026-000315,2000-AP,LOG,Payment against INV-2026-000315,POSTED
LED-0000274,INV-2026-000325,V0008,Global Textiles Limited,2026-02-24,PAYMENT,2848.25,USD,INV-2026-000325,2000-AP,MKT,Payment against INV-2026-000325,POSTED
LED-0000701,INV-2026-000829,V0064,Redwood Textiles Limited,2026-02-24,PAYMENT,6810.38,USD,INV-2026-000829,2000-AP,OPS,Payment against INV-2026-000829,POSTED
LED-0000973,INV-2026-001134,V0019,Titan Foods Incorporated,2026-02-24,PAYMENT,404.86,USD,INV-2026-001134,2000-AP,HR,Payment against INV-2026-001134,POSTED
LED-0001351,INV-2026-001582,V0045,Nova Solutions Corporation,2026-02-24,PAYMENT,7558.47,EUR,INV-2026-001582,2020-AP-SERVICES,LOG,Payment against INV-2026-001582,POSTED
LED-0001563,INV-2026-001834,V0047,Insight Technologies Incorporated,2026-02-24,PAYMENT,23550.39,USD,INV-2026-001834,2000-AP,FIN,Payment against INV-2026-001834,POSTED
LED-0001581,INV-2026-001853,V0007,Quantum Technologies Incorporated,2026-02-24,PAYMENT,21833.67,USD,INV-2026-001853,2000-AP,HR,Payment against INV-2026-001853,POSTED
LED-0000229,INV-2026-000271,V0070,Royal Supplies Incorporated,2026-02-25,PAYMENT,4911.08,EUR,INV-2026-000271,2010-AP-TRADE,MKT,Payment against INV-2026-000271,POSTED
LED-0000317,INV-2026-000375,V0018,Royal Networks Incorporated,2026-02-25,PAYMENT,5805.13,USD,INV-2026-000375,2000-AP,PROC,Payment against INV-2026-000375,POSTED
LED-0000378,INV-2026-000442,V0088,Unity Technologies Limited,2026-02-25,PAYMENT,14371.34,USD,INV-2026-000442,2000-AP,IT,Payment against INV-2026-000442,POSTED
LED-0000415,INV-2026-000490,V0021,Vertex Supplies Corporation,2026-02-25,PAYMENT,960380.21,LKR,INV-2026-000490,2010-AP-TRADE,LOG,Payment against INV-2026-000490,POSTED
LED-0000485,INV-2026-000578,V0069,Keystone Technologies Incorporated,2026-02-25,PAYMENT,11080.23,USD,INV-2026-000578,2000-AP,FIN,Payment against INV-2026-000578,POSTED
LED-0000517,INV-2026-000612,V0016,Zenith Holdings Incorporated,2026-02-25,PAYMENT,18831.67,GBP,INV-2026-000612,2020-AP-SERVICES,HR,Payment against INV-2026-000612,POSTED
LED-0000552,INV-2026-000653,V0079,Global Trading Limited,2026-02-25,PAYMENT,14935.94,USD,INV-2026-000653,2000-AP,PROC,Payment against INV-2026-000653,POSTED
LED-0000783,INV-2026-000922,V0013,Delta Solutions Corporation,2026-02-25,PAYMENT,18611.85,USD,INV-2026-000922,2020-AP-SERVICES,FIN,Payment against INV-2026-000922,POSTED
LED-0000794,INV-2026-000933,V0085,Royal Holdings Limited,2026-02-25,PAYMENT,11731.5,USD,INV-2026-000933,2020-AP-SERVICES,OPS,Payment against INV-2026-000933,POSTED
LED-0001053,INV-2026-001222,V0071,Harbor Technologies Limited,2026-02-25,PAYMENT,4769.46,USD,INV-2026-001222,2010-AP-TRADE,OPS,Payment against INV-2026-001222,POSTED
LED-0001281,INV-2026-001503,V0056,Silverline Technologies Incorporated,2026-02-25,PAYMENT,6855.17,EUR,INV-2026-001503,2000-AP,IT,Payment against INV-2026-001503,POSTED
LED-0001597,INV-2026-001873,V0001,Unity Trading Limited,2026-02-25,PAYMENT,17707.29,USD,INV-2026-001873,2020-AP-SERVICES,OPS,Payment against INV-2026-001873,POSTED
LED-0001610,INV-2026-001889,V0014,Delta Foods Corporation,2026-02-25,PAYMENT,1733.02,USD,INV-2026-001889,2000-AP,FIN,Payment against INV-2026-001889,POSTED
LED-0001785,,V0061,Silverline Services Limited,2026-02-25,ACCRUAL,321604.34,LKR,JRN-001785,6100-SERVICES,FIN,Vendor balance adjustment,POSTED
LED-0000163,INV-2026-000191,V0052,Apex Consulting Incorporated,2026-02-26,PAYMENT,9611.79,USD,INV-2026-000191,2000-AP,HR,Payment against INV-2026-000191,POSTED
LED-0000230,INV-2026-000272,V0039,Zenith Consulting Incorporated,2026-02-26,PAYMENT,7049.71,USD,INV-2026-000272,2010-AP-TRADE,MKT,Payment against INV-2026-000272,POSTED
LED-0001141,INV-2026-001332,V0019,Titan Foods Incorporated,2026-02-26,PAYMENT,16795.15,EUR,INV-2026-001332,2020-AP-SERVICES,IT,Payment against INV-2026-001332,POSTED
LED-0001359,INV-2026-001590,V0063,Fusion Consulting Incorporated,2026-02-26,PAYMENT,10718.4,EUR,INV-2026-001590,2020-AP-SERVICES,MKT,Payment against INV-2026-001590,POSTED
LED-0001476,INV-2026-001728,V0015,Titan Consulting Limited,2026-02-26,PAYMENT,3155.76,USD,INV-2026-001728,2010-AP-TRADE,HR,Payment against INV-2026-001728,POSTED
LED-0001675,INV-2026-001965,V0051,Nova Systems Corporation,2026-02-26,PAYMENT,18865.47,GBP,INV-2026-001965,2020-AP-SERVICES,PROC,Payment against INV-2026-001965,POSTED
LED-0000292,INV-2026-000345,V0007,Quantum Technologies Incorporated,2026-02-27,PAYMENT,21440.14,USD,INV-2026-000345,2010-AP-TRADE,OPS,Payment against INV-2026-000345,POSTED
LED-0000412,INV-2026-000487,V0078,Northstar Packaging Corporation,2026-02-27,PAYMENT,14174.48,USD,INV-2026-000487,2010-AP-TRADE,IT,Payment against INV-2026-000487,POSTED
LED-0000454,INV-2026-000540,V0069,Keystone Technologies Incorporated,2026-02-27,PAYMENT,5457.41,USD,INV-2026-000540,2010-AP-TRADE,PROC,Payment against INV-2026-000540,POSTED
LED-0000504,INV-2026-000598,V0042,Evergreen Packaging Limited,2026-02-27,PAYMENT,2628.56,USD,INV-2026-000598,2010-AP-TRADE,LOG,Payment against INV-2026-000598,POSTED
LED-0001541,INV-2026-001807,V0064,Redwood Textiles Limited,2026-02-27,PAYMENT,161.49,USD,INV-2026-001807,2020-AP-SERVICES,OPS,Payment against INV-2026-001807,POSTED
LED-0001592,INV-2026-001866,V0060,Zenith Packaging Limited,2026-02-27,PAYMENT,1780649.96,LKR,INV-2026-001866,2000-AP,OPS,Payment against INV-2026-001866,POSTED
LED-0001639,INV-2026-001924,V0076,Royal Services Incorporated,2026-02-27,PAYMENT,4872.59,USD,INV-2026-001924,2000-AP,IT,Payment against INV-2026-001924,POSTED
LED-0001799,,V0043,Silverline Logistics Limited,2026-02-27,ACCRUAL,1377.69,GBP,JRN-001799,6200-ADMIN,IT,Prior-period correction,POSTED
LED-0000355,INV-2026-000416,V0053,Pioneer Trading Incorporated,2026-02-28,PAYMENT,4014.92,EUR,INV-2026-000416,2000-AP,HR,Payment against INV-2026-000416,POSTED
LED-0000502,INV-2026-000596,V0065,Pioneer Industries Incorporated,2026-02-28,PAYMENT,1393885.91,LKR,INV-2026-000596,2020-AP-SERVICES,HR,Payment against INV-2026-000596,POSTED
LED-0000831,INV-2026-000979,V0051,Nova Systems Corporation,2026-02-28,PAYMENT,18054.18,GBP,INV-2026-000979,2000-AP,HR,Payment against INV-2026-000979,POSTED
LED-0001165,INV-2026-001361,V0073,Crescent Logistics Corporation,2026-02-28,PAYMENT,3514.24,USD,INV-2026-001361,2020-AP-SERVICES,LOG,Payment against INV-2026-001361,POSTED
LED-0001436,INV-2026-001679,V0018,Royal Networks Incorporated,2026-02-28,PAYMENT,3974.27,EUR,INV-2026-001679,2000-AP,MKT,Payment against INV-2026-001679,POSTED
LED-0001596,INV-2026-001872,V0073,Crescent Logistics Corporation,2026-02-28,PAYMENT,5131.72,USD,INV-2026-001872,2010-AP-TRADE,HR,Payment against INV-2026-001872,POSTED
LED-0000106,INV-2026-000126,V0041,Metro Foods Limited,2026-03-01,PAYMENT,313447.38,LKR,INV-2026-000126,2010-AP-TRADE,PROC,Payment against INV-2026-000126,POSTED
LED-0000335,INV-2026-000396,V0038,Insight Services Limited,2026-03-01,PAYMENT,9987.53,EUR,INV-2026-000396,2000-AP,FIN,Payment against INV-2026-000396,POSTED
LED-0000337,INV-2026-000398,V0010,Silverline Systems Incorporated,2026-03-01,PAYMENT,5092.7,GBP,INV-2026-000398,2000-AP,IT,Payment against INV-2026-000398,POSTED
LED-0000597,INV-2026-000708,V0006,Crescent Industries Limited,2026-03-01,PAYMENT,15399.9,GBP,INV-2026-000708,2000-AP,HR,Payment against INV-2026-000708,POSTED
LED-0000762,INV-2026-000897,V0053,Pioneer Trading Incorporated,2026-03-01,PAYMENT,19227.13,EUR,INV-2026-000897,2000-AP,OPS,Payment against INV-2026-000897,POSTED
LED-0001091,INV-2026-001269,V0031,Pioneer Supplies Incorporated,2026-03-01,PAYMENT,19648.6,GBP,INV-2026-001269,2020-AP-SERVICES,LOG,Payment against INV-2026-001269,POSTED
LED-0001178,INV-2026-001377,V0073,Crescent Logistics Corporation,2026-03-01,PAYMENT,1246761.64,LKR,INV-2026-001377,2010-AP-TRADE,LOG,Payment against INV-2026-001377,POSTED
LED-0001263,INV-2026-001483,V0061,Silverline Services Limited,2026-03-01,PAYMENT,5074.71,EUR,INV-2026-001483,2010-AP-TRADE,FIN,Payment against INV-2026-001483,POSTED
LED-0000105,INV-2026-000125,V0054,Jade Industries Limited,2026-03-02,PAYMENT,8309.79,EUR,INV-2026-000125,2010-AP-TRADE,FIN,Payment against INV-2026-000125,POSTED
LED-0000622,INV-2026-000744,V0061,Silverline Services Limited,2026-03-02,PAYMENT,14691.19,EUR,INV-2026-000744,2000-AP,LOG,Payment against INV-2026-000744,POSTED
LED-0000932,INV-2026-001088,V0036,Unity Packaging Corporation,2026-03-02,PAYMENT,5541.15,GBP,INV-2026-001088,2000-AP,PROC,Payment against INV-2026-001088,POSTED
LED-0001152,INV-2026-001345,V0085,Royal Holdings Limited,2026-03-02,PAYMENT,8034.02,GBP,INV-2026-001345,2010-AP-TRADE,LOG,Payment against INV-2026-001345,POSTED
LED-0001223,INV-2026-001434,V0056,Silverline Technologies Incorporated,2026-03-02,PAYMENT,5732.85,EUR,INV-2026-001434,2000-AP,OPS,Payment against INV-2026-001434,POSTED
LED-0001349,INV-2026-001580,V0022,Crescent Supplies Limited,2026-03-02,PAYMENT,233.93,USD,INV-2026-001580,2020-AP-SERVICES,MKT,Payment against INV-2026-001580,POSTED
LED-0001452,INV-2026-001701,V0053,Pioneer Trading Incorporated,2026-03-02,PAYMENT,21193.36,EUR,INV-2026-001701,2020-AP-SERVICES,PROC,Payment against INV-2026-001701,POSTED
LED-0001546,INV-2026-001815,V0076,Royal Services Incorporated,2026-03-02,PAYMENT,19964.73,USD,INV-2026-001815,2010-AP-TRADE,OPS,Payment against INV-2026-001815,POSTED
LED-0000218,INV-2026-000256,V0011,Nova Engineering Corporation,2026-03-03,PAYMENT,6952.42,USD,INV-2026-000256,2010-AP-TRADE,HR,Payment against INV-2026-000256,POSTED
LED-0000341,INV-2026-000402,V0084,Harbor Industries Limited,2026-03-03,PAYMENT,13959.86,USD,INV-2026-000402,2000-AP,HR,Payment against INV-2026-000402,POSTED
LED-0000457,INV-2026-000543,V0071,Harbor Technologies Limited,2026-03-03,PAYMENT,3458.06,EUR,INV-2026-000543,2000-AP,OPS,Payment against INV-2026-000543,POSTED
LED-0000671,INV-2026-000798,V0019,Titan Foods Incorporated,2026-03-03,PAYMENT,21342.29,USD,INV-2026-000798,2020-AP-SERVICES,MKT,Payment against INV-2026-000798,POSTED
LED-0000835,INV-2026-000984,V0066,Jade Pharma Incorporated,2026-03-03,PAYMENT,11293.64,USD,INV-2026-000984,2010-AP-TRADE,HR,Payment against INV-2026-000984,POSTED
LED-0000897,INV-2026-001051,V0069,Keystone Technologies Incorporated,2026-03-03,PAYMENT,17964.33,GBP,INV-2026-001051,2000-AP,LOG,Payment against INV-2026-001051,POSTED
LED-0000975,INV-2026-001136,V0037,Seacrest Holdings Limited,2026-03-03,PAYMENT,17637.4,USD,INV-2026-001136,2000-AP,FIN,Payment against INV-2026-001136,POSTED
LED-0001077,INV-2026-001252,V0035,Global Engineering Limited,2026-03-03,PAYMENT,2220.8,EUR,INV-2026-001252,2000-AP,MKT,Payment against INV-2026-001252,POSTED
LED-0001401,INV-2026-001640,V0017,Delta Pharma Limited,2026-03-03,PAYMENT,3640.89,USD,INV-2026-001640,2000-AP,MKT,Payment against INV-2026-001640,POSTED
LED-0001502,INV-2026-001755,V0024,Unity Foods Limited,2026-03-03,PAYMENT,1607567.08,LKR,INV-2026-001755,2010-AP-TRADE,OPS,Payment against INV-2026-001755,POSTED
LED-0001712,,V0084,Harbor Industries Limited,2026-03-03,REVERSAL,470769.76,LKR,JRN-001712,6200-ADMIN,FIN,Reversal entry,POSTED
LED-0000038,INV-2026-000047,V0060,Zenith Packaging Limited,2026-03-04,PAYMENT,20154.03,USD,INV-2026-000047,2000-AP,MKT,Payment against INV-2026-000047,POSTED
LED-0000047,INV-2026-000058,V0022,Crescent Supplies Limited,2026-03-04,PAYMENT,20047.13,EUR,INV-2026-000058,2000-AP,LOG,Payment against INV-2026-000058,POSTED
LED-0000057,INV-2026-000069,V0048,Zenith Trading Incorporated,2026-03-04,PAYMENT,710.11,USD,INV-2026-000069,2020-AP-SERVICES,FIN,Payment against INV-2026-000069,POSTED
LED-0000535,INV-2026-000634,V0004,Delta Solutions Incorporated,2026-03-04,PAYMENT,7817.31,USD,INV-2026-000634,2020-AP-SERVICES,MKT,Payment against INV-2026-000634,POSTED
LED-0000620,INV-2026-000742,V0061,Silverline Services Limited,2026-03-04,PAYMENT,4349.39,USD,INV-2026-000742,2020-AP-SERVICES,IT,Payment against INV-2026-000742,POSTED
LED-0000770,INV-2026-000906,V0090,Nova Packaging Corporation,2026-03-04,PAYMENT,12077.43,GBP,INV-2026-000906,2000-AP,LOG,Payment against INV-2026-000906,POSTED
LED-0000864,INV-2026-001016,V0080,Vertex Textiles Corporation,2026-03-04,PAYMENT,6542.07,USD,INV-2026-001016,2010-AP-TRADE,IT,Payment against INV-2026-001016,POSTED
LED-0001166,INV-2026-001363,V0030,Orbit Pharma Corporation,2026-03-04,PAYMENT,9803.14,USD,INV-2026-001363,2000-AP,IT,Payment against INV-2026-001363,POSTED
LED-0001184,INV-2026-001384,V0045,Nova Solutions Corporation,2026-03-04,PAYMENT,821955.39,LKR,INV-2026-001384,2000-AP,FIN,Payment against INV-2026-001384,POSTED
LED-0001442,INV-2026-001687,V0069,Keystone Technologies Incorporated,2026-03-04,PAYMENT,5833.14,USD,INV-2026-001687,2000-AP,MKT,Payment against INV-2026-001687,POSTED
LED-0001519,INV-2026-001779,V0023,Metro Consulting Corporation,2026-03-04,PAYMENT,12845.91,USD,INV-2026-001779,2000-AP,FIN,Payment against INV-2026-001779,POSTED
LED-0001684,INV-2026-001977,V0069,Keystone Technologies Incorporated,2026-03-04,PAYMENT,4559.18,GBP,INV-2026-001977,2010-AP-TRADE,LOG,Payment against INV-2026-001977,POSTED
LED-0001815,,V0072,Westbridge Logistics Limited,2026-03-04,ACCRUAL,4311.43,GBP,JRN-001815,6200-ADMIN,MKT,Prior-period correction,POSTED
LED-0000080,INV-2026-000096,V0056,Silverline Technologies Incorporated,2026-03-05,PAYMENT,14969.14,GBP,INV-2026-000096,2010-AP-TRADE,FIN,Payment against INV-2026-000096,POSTED
LED-0000165,INV-2026-000194,V0040,Summit Textiles Incorporated,2026-03-05,PAYMENT,12338.75,USD,INV-2026-000194,2000-AP,FIN,Payment against INV-2026-000194,POSTED
LED-0000174,INV-2026-000205,V0036,Unity Packaging Corporation,2026-03-05,PAYMENT,17833.67,USD,INV-2026-000205,2010-AP-TRADE,FIN,Payment against INV-2026-000205,POSTED
LED-0000286,INV-2026-000337,V0038,Insight Services Limited,2026-03-05,PAYMENT,183.78,GBP,INV-2026-000337,2000-AP,IT,Payment against INV-2026-000337,POSTED
LED-0000474,INV-2026-000566,V0019,Titan Foods Incorporated,2026-03-05,PAYMENT,11304.39,USD,INV-2026-000566,2010-AP-TRADE,HR,Payment against INV-2026-000566,POSTED
LED-0000526,INV-2026-000623,V0067,Unity Foods Corporation,2026-03-05,PAYMENT,931.33,GBP,INV-2026-000623,2000-AP,OPS,Payment against INV-2026-000623,POSTED
LED-0000685,INV-2026-000812,V0034,Metro Consulting Limited,2026-03-05,PAYMENT,14266.81,USD,INV-2026-000812,2020-AP-SERVICES,IT,Payment against INV-2026-000812,POSTED
LED-0000959,INV-2026-001116,V0006,Crescent Industries Limited,2026-03-05,PAYMENT,190101.2,LKR,INV-2026-001116,2010-AP-TRADE,MKT,Payment against INV-2026-001116,POSTED
LED-0001219,INV-2026-001430,V0032,Keystone Logistics Limited,2026-03-05,PAYMENT,2360.12,EUR,INV-2026-001430,2000-AP,HR,Payment against INV-2026-001430,POSTED
LED-0001254,INV-2026-001473,V0059,Seacrest Solutions Limited,2026-03-05,PAYMENT,5835.65,EUR,INV-2026-001473,2020-AP-SERVICES,PROC,Payment against INV-2026-001473,POSTED
LED-0001486,INV-2026-001739,V0053,Pioneer Trading Incorporated,2026-03-05,PAYMENT,19171.78,USD,INV-2026-001739,2020-AP-SERVICES,PROC,Payment against INV-2026-001739,POSTED
LED-0001512,INV-2026-001768,V0083,Metro Engineering Limited,2026-03-05,PAYMENT,17628.6,GBP,INV-2026-001768,2020-AP-SERVICES,HR,Payment against INV-2026-001768,POSTED
LED-0001556,INV-2026-001826,V0081,Nova Textiles Corporation,2026-03-05,PAYMENT,1935464.18,LKR,INV-2026-001826,2020-AP-SERVICES,MKT,Payment against INV-2026-001826,POSTED
LED-0001560,INV-2026-001831,V0037,Seacrest Holdings Limited,2026-03-05,PAYMENT,12169.23,USD,INV-2026-001831,2020-AP-SERVICES,PROC,Payment against INV-2026-001831,POSTED
LED-0001607,INV-2026-001886,V0026,Vertex Consulting Incorporated,2026-03-05,PAYMENT,1471.97,USD,INV-2026-001886,2000-AP,FIN,Payment against INV-2026-001886,POSTED
LED-0000125,INV-2026-000147,V0018,Royal Networks Incorporated,2026-03-06,PAYMENT,19784.31,USD,INV-2026-000147,2020-AP-SERVICES,MKT,Payment against INV-2026-000147,POSTED
LED-0000385,INV-2026-000451,V0033,BrightPath Logistics Corporation,2026-03-06,PAYMENT,15477.9,USD,INV-2026-000451,2000-AP,HR,Payment against INV-2026-000451,POSTED
LED-0000434,INV-2026-000516,V0003,Harbor Services Incorporated,2026-03-06,PAYMENT,6044.84,GBP,INV-2026-000516,2020-AP-SERVICES,FIN,Payment against INV-2026-000516,POSTED
LED-0000568,INV-2026-000670,V0073,Crescent Logistics Corporation,2026-03-06,PAYMENT,4085.8,GBP,INV-2026-000670,2000-AP,IT,Payment against INV-2026-000670,POSTED
LED-0000653,INV-2026-000777,V0006,Crescent Industries Limited,2026-03-06,PAYMENT,18646.01,USD,INV-2026-000777,2000-AP,OPS,Payment against INV-2026-000777,POSTED
LED-0000883,INV-2026-001036,V0065,Pioneer Industries Incorporated,2026-03-06,PAYMENT,1562419.63,LKR,INV-2026-001036,2010-AP-TRADE,OPS,Payment against INV-2026-001036,POSTED
LED-0001079,INV-2026-001254,V0064,Redwood Textiles Limited,2026-03-06,PAYMENT,12836.6,GBP,INV-2026-001254,2000-AP,OPS,Payment against INV-2026-001254,POSTED
LED-0001378,INV-2026-001612,V0073,Crescent Logistics Corporation,2026-03-06,PAYMENT,1144735.69,LKR,INV-2026-001612,2020-AP-SERVICES,LOG,Payment against INV-2026-001612,POSTED
LED-0001518,INV-2026-001778,V0020,Global Solutions Limited,2026-03-06,PAYMENT,1325931.1,LKR,INV-2026-001778,2010-AP-TRADE,FIN,Payment against INV-2026-001778,POSTED
LED-0001734,,V0009,Orbit Consulting Limited,2026-03-06,ADJUSTMENT,321.24,USD,JRN-001734,2000-AP,LOG,Vendor balance adjustment,POSTED
LED-0000146,INV-2026-000169,V0005,Nova Logistics Limited,2026-03-07,PAYMENT,1056709.17,LKR,INV-2026-000169,2010-AP-TRADE,LOG,Payment against INV-2026-000169,POSTED
LED-0000492,INV-2026-000585,V0069,Keystone Technologies Incorporated,2026-03-07,PAYMENT,16809.71,USD,INV-2026-000585,2000-AP,HR,Payment against INV-2026-000585,POSTED
LED-0000570,INV-2026-000672,V0036,Unity Packaging Corporation,2026-03-07,PAYMENT,6733.18,USD,INV-2026-000672,2000-AP,FIN,Payment against INV-2026-000672,POSTED
LED-0000699,INV-2026-000827,V0019,Titan Foods Incorporated,2026-03-07,PAYMENT,4503.84,USD,INV-2026-000827,2000-AP,PROC,Payment against INV-2026-000827,POSTED
LED-0000826,INV-2026-000974,V0071,Harbor Technologies Limited,2026-03-07,PAYMENT,17407.88,USD,INV-2026-000974,2020-AP-SERVICES,HR,Payment against INV-2026-000974,POSTED
LED-0001142,INV-2026-001333,V0069,Keystone Technologies Incorporated,2026-03-07,PAYMENT,16670.19,USD,INV-2026-001333,2010-AP-TRADE,OPS,Payment against INV-2026-001333,POSTED
LED-0001301,INV-2026-001523,V0026,Vertex Consulting Incorporated,2026-03-07,PAYMENT,2700.58,EUR,INV-2026-001523,2010-AP-TRADE,IT,Payment against INV-2026-001523,POSTED
LED-0001420,INV-2026-001663,V0089,Pioneer Supplies Limited,2026-03-07,PAYMENT,19412.16,EUR,INV-2026-001663,2010-AP-TRADE,OPS,Payment against INV-2026-001663,POSTED
LED-0001578,INV-2026-001850,V0041,Metro Foods Limited,2026-03-07,PAYMENT,4340.73,EUR,INV-2026-001850,2020-AP-SERVICES,OPS,Payment against INV-2026-001850,POSTED
LED-0001768,,V0017,Delta Pharma Limited,2026-03-07,ACCRUAL,403505.43,LKR,JRN-001768,2000-AP,FIN,Reversal entry,POSTED
LED-0000049,INV-2026-000060,V0021,Vertex Supplies Corporation,2026-03-08,PAYMENT,21334.88,USD,INV-2026-000060,2000-AP,HR,Payment against INV-2026-000060,POSTED
LED-0000444,INV-2026-000528,V0024,Unity Foods Limited,2026-03-08,PAYMENT,14698.64,USD,INV-2026-000528,2010-AP-TRADE,PROC,Payment against INV-2026-000528,POSTED
LED-0000495,INV-2026-000588,V0046,Metro Holdings Incorporated,2026-03-08,PAYMENT,11622.14,USD,INV-2026-000588,2010-AP-TRADE,OPS,Payment against INV-2026-000588,POSTED
LED-0000587,INV-2026-000695,V0031,Pioneer Supplies Incorporated,2026-03-08,PAYMENT,22469.41,EUR,INV-2026-000695,2000-AP,LOG,Payment against INV-2026-000695,POSTED
LED-0000669,INV-2026-000795,V0039,Zenith Consulting Incorporated,2026-03-08,PAYMENT,13472.84,USD,INV-2026-000795,2010-AP-TRADE,FIN,Payment against INV-2026-000795,POSTED
LED-0000695,INV-2026-000822,V0056,Silverline Technologies Incorporated,2026-03-08,PAYMENT,6347.8,USD,INV-2026-000822,2020-AP-SERVICES,PROC,Payment against INV-2026-000822,POSTED
LED-0000845,INV-2026-000997,V0082,Redwood Logistics Incorporated,2026-03-08,PAYMENT,2235.8,USD,INV-2026-000997,2000-AP,LOG,Payment against INV-2026-000997,POSTED
LED-0000878,INV-2026-001031,V0076,Royal Services Incorporated,2026-03-08,PAYMENT,8025.06,EUR,INV-2026-001031,2000-AP,PROC,Payment against INV-2026-001031,POSTED
LED-0000911,INV-2026-001066,V0034,Metro Consulting Limited,2026-03-08,PAYMENT,3211.17,GBP,INV-2026-001066,2020-AP-SERVICES,LOG,Payment against INV-2026-001066,POSTED
LED-0000957,INV-2026-001114,V0019,Titan Foods Incorporated,2026-03-08,PAYMENT,10815.74,USD,INV-2026-001114,2010-AP-TRADE,PROC,Payment against INV-2026-001114,POSTED
LED-0001177,INV-2026-001376,V0083,Metro Engineering Limited,2026-03-08,PAYMENT,3717.17,EUR,INV-2026-001376,2010-AP-TRADE,FIN,Payment against INV-2026-001376,POSTED
LED-0001226,INV-2026-001437,V0085,Royal Holdings Limited,2026-03-08,PAYMENT,10989.73,USD,INV-2026-001437,2000-AP,FIN,Payment against INV-2026-001437,POSTED
LED-0001291,INV-2026-001513,V0040,Summit Textiles Incorporated,2026-03-08,PAYMENT,1312703.63,LKR,INV-2026-001513,2020-AP-SERVICES,PROC,Payment against INV-2026-001513,POSTED
LED-0001308,INV-2026-001532,V0038,Insight Services Limited,2026-03-08,PAYMENT,10484.54,USD,INV-2026-001532,2010-AP-TRADE,FIN,Payment against INV-2026-001532,POSTED
LED-0001334,INV-2026-001564,V0032,Keystone Logistics Limited,2026-03-08,PAYMENT,18455.87,USD,INV-2026-001564,2000-AP,FIN,Payment against INV-2026-001564,POSTED
LED-0001395,INV-2026-001630,V0022,Crescent Supplies Limited,2026-03-08,PAYMENT,21337.48,GBP,INV-2026-001630,2010-AP-TRADE,LOG,Payment against INV-2026-001630,POSTED
LED-0001678,INV-2026-001970,V0070,Royal Supplies Incorporated,2026-03-08,PAYMENT,4193.75,USD,INV-2026-001970,2000-AP,LOG,Payment against INV-2026-001970,POSTED
LED-0001722,,V0005,Nova Logistics Limited,2026-03-08,REVERSAL,235875.45,LKR,JRN-001722,2000-AP,IT,Month-end accrual,POSTED
LED-0001783,,V0016,Zenith Holdings Incorporated,2026-03-08,REVERSAL,232502.72,LKR,JRN-001783,2000-AP,OPS,Manual adjustment,POSTED
LED-0001809,,V0042,Evergreen Packaging Limited,2026-03-08,ACCRUAL,1399.2,USD,JRN-001809,6100-SERVICES,LOG,Manual adjustment,POSTED
LED-0000255,INV-2026-000302,V0081,Nova Textiles Corporation,2026-03-09,PAYMENT,10274.34,USD,INV-2026-000302,2010-AP-TRADE,FIN,Payment against INV-2026-000302,POSTED
LED-0000339,INV-2026-000400,V0002,Zenith Consulting Limited,2026-03-09,PAYMENT,7950.41,USD,INV-2026-000400,2020-AP-SERVICES,OPS,Payment against INV-2026-000400,POSTED
LED-0000344,INV-2026-000405,V0041,Metro Foods Limited,2026-03-09,PAYMENT,1762515.29,LKR,INV-2026-000405,2000-AP,MKT,Payment against INV-2026-000405,POSTED
LED-0000530,INV-2026-000627,V0015,Titan Consulting Limited,2026-03-09,PAYMENT,10339.53,EUR,INV-2026-000627,2010-AP-TRADE,OPS,Payment against INV-2026-000627,POSTED
LED-0000790,INV-2026-000929,V0076,Royal Services Incorporated,2026-03-09,PAYMENT,429.87,USD,INV-2026-000929,2010-AP-TRADE,MKT,Payment against INV-2026-000929,POSTED
LED-0000958,INV-2026-001115,V0018,Royal Networks Incorporated,2026-03-09,PAYMENT,7632.16,USD,INV-2026-001115,2020-AP-SERVICES,MKT,Payment against INV-2026-001115,POSTED
LED-0001186,INV-2026-001386,V0068,Harbor Supplies Limited,2026-03-09,PAYMENT,6290.57,EUR,INV-2026-001386,2000-AP,LOG,Payment against INV-2026-001386,POSTED
LED-0001346,INV-2026-001577,V0061,Silverline Services Limited,2026-03-09,PAYMENT,2187.82,USD,INV-2026-001577,2010-AP-TRADE,OPS,Payment against INV-2026-001577,POSTED
LED-0001551,INV-2026-001820,V0090,Nova Packaging Corporation,2026-03-09,PAYMENT,1697579.85,LKR,INV-2026-001820,2010-AP-TRADE,HR,Payment against INV-2026-001820,POSTED
LED-0000298,INV-2026-000353,V0039,Zenith Consulting Incorporated,2026-03-10,PAYMENT,1651116.82,LKR,INV-2026-000353,2000-AP,MKT,Payment against INV-2026-000353,POSTED
LED-0000577,INV-2026-000682,V0025,Lanka Foods Limited,2026-03-10,PAYMENT,9845.94,USD,INV-2026-000682,2020-AP-SERVICES,LOG,Payment against INV-2026-000682,POSTED
LED-0000665,INV-2026-000790,V0031,Pioneer Supplies Incorporated,2026-03-10,PAYMENT,955684.28,LKR,INV-2026-000790,2000-AP,FIN,Payment against INV-2026-000790,POSTED
LED-0000756,INV-2026-000891,V0022,Crescent Supplies Limited,2026-03-10,PAYMENT,18818.21,GBP,INV-2026-000891,2000-AP,PROC,Payment against INV-2026-000891,POSTED
LED-0000840,INV-2026-000990,V0043,Silverline Logistics Limited,2026-03-10,PAYMENT,10401.02,EUR,INV-2026-000990,2000-AP,LOG,Payment against INV-2026-000990,POSTED
LED-0001695,INV-2026-001994,V0020,Global Solutions Limited,2026-03-10,PAYMENT,12745.56,EUR,INV-2026-001994,2000-AP,LOG,Payment against INV-2026-001994,POSTED
LED-0000528,INV-2026-000625,V0040,Summit Textiles Incorporated,2026-03-11,PAYMENT,641482.22,LKR,INV-2026-000625,2020-AP-SERVICES,FIN,Payment against INV-2026-000625,POSTED
LED-0000534,INV-2026-000632,V0060,Zenith Packaging Limited,2026-03-11,PAYMENT,16198.36,USD,INV-2026-000632,2000-AP,FIN,Payment against INV-2026-000632,POSTED
LED-0000609,INV-2026-000726,V0023,Metro Consulting Corporation,2026-03-11,PAYMENT,2639.86,USD,INV-2026-000726,2020-AP-SERVICES,OPS,Payment against INV-2026-000726,POSTED
LED-0000740,INV-2026-000874,V0037,Seacrest Holdings Limited,2026-03-11,PAYMENT,12752.93,EUR,INV-2026-000874,2000-AP,FIN,Payment against INV-2026-000874,POSTED
LED-0001317,INV-2026-001541,V0075,Vertex Packaging Limited,2026-03-11,PAYMENT,3187.17,USD,INV-2026-001541,2000-AP,PROC,Payment against INV-2026-001541,POSTED
LED-0001469,INV-2026-001720,V0063,Fusion Consulting Incorporated,2026-03-11,PAYMENT,10929.45,USD,INV-2026-001720,2000-AP,IT,Payment against INV-2026-001720,POSTED
LED-0000003,INV-2026-000004,V0011,Nova Engineering Corporation,2026-03-12,PAYMENT,7734.74,USD,INV-2026-000004,2020-AP-SERVICES,HR,Payment against INV-2026-000004,POSTED
LED-0000326,INV-2026-000385,V0001,Unity Trading Limited,2026-03-12,PAYMENT,14645.5,USD,INV-2026-000385,2000-AP,FIN,Payment against INV-2026-000385,POSTED
LED-0000506,INV-2026-000600,V0085,Royal Holdings Limited,2026-03-12,PAYMENT,366507.48,LKR,INV-2026-000600,2020-AP-SERVICES,OPS,Payment against INV-2026-000600,POSTED
LED-0000547,INV-2026-000647,V0054,Jade Industries Limited,2026-03-12,PAYMENT,1348380.51,LKR,INV-2026-000647,2020-AP-SERVICES,PROC,Payment against INV-2026-000647,POSTED
LED-0000863,INV-2026-001015,V0024,Unity Foods Limited,2026-03-12,PAYMENT,3752.66,GBP,INV-2026-001015,2010-AP-TRADE,HR,Payment against INV-2026-001015,POSTED
LED-0000872,INV-2026-001024,V0085,Royal Holdings Limited,2026-03-12,PAYMENT,14384.93,USD,INV-2026-001024,2000-AP,LOG,Payment against INV-2026-001024,POSTED
LED-0000961,INV-2026-001118,V0062,Vertex Packaging Incorporated,2026-03-12,PAYMENT,11799.33,USD,INV-2026-001118,2010-AP-TRADE,MKT,Payment against INV-2026-001118,POSTED
LED-0001174,INV-2026-001373,V0025,Lanka Foods Limited,2026-03-12,PAYMENT,9236.84,EUR,INV-2026-001373,2020-AP-SERVICES,HR,Payment against INV-2026-001373,POSTED
LED-0001371,INV-2026-001603,V0051,Nova Systems Corporation,2026-03-12,PAYMENT,16947.51,EUR,INV-2026-001603,2000-AP,IT,Payment against INV-2026-001603,POSTED
LED-0001451,INV-2026-001700,V0020,Global Solutions Limited,2026-03-12,PAYMENT,13599.02,USD,INV-2026-001700,2000-AP,HR,Payment against INV-2026-001700,POSTED
LED-0001612,INV-2026-001892,V0078,Northstar Packaging Corporation,2026-03-12,PAYMENT,9006.39,USD,INV-2026-001892,2000-AP,MKT,Payment against INV-2026-001892,POSTED
LED-0001796,,V0063,Fusion Consulting Incorporated,2026-03-12,ACCRUAL,2710.37,GBP,JRN-001796,2000-AP,PROC,Month-end accrual,POSTED
LED-0000011,INV-2026-000014,V0015,Titan Consulting Limited,2026-03-13,PAYMENT,12554.19,USD,INV-2026-000014,2000-AP,PROC,Payment against INV-2026-000014,POSTED
LED-0000219,INV-2026-000257,V0061,Silverline Services Limited,2026-03-13,PAYMENT,15089.39,GBP,INV-2026-000257,2010-AP-TRADE,IT,Payment against INV-2026-000257,POSTED
LED-0000234,INV-2026-000278,V0082,Redwood Logistics Incorporated,2026-03-13,PAYMENT,17730.76,EUR,INV-2026-000278,2000-AP,HR,Payment against INV-2026-000278,POSTED
LED-0000323,INV-2026-000382,V0059,Seacrest Solutions Limited,2026-03-13,PAYMENT,1438445.2,LKR,INV-2026-000382,2000-AP,PROC,Payment against INV-2026-000382,POSTED
LED-0000350,INV-2026-000411,V0003,Harbor Services Incorporated,2026-03-13,PAYMENT,957.19,USD,INV-2026-000411,2010-AP-TRADE,MKT,Payment against INV-2026-000411,POSTED
LED-0000920,INV-2026-001076,V0034,Metro Consulting Limited,2026-03-13,PAYMENT,13934.57,GBP,INV-2026-001076,2000-AP,PROC,Payment against INV-2026-001076,POSTED
LED-0000924,INV-2026-001080,V0001,Unity Trading Limited,2026-03-13,PAYMENT,10235.69,USD,INV-2026-001080,2010-AP-TRADE,HR,Payment against INV-2026-001080,POSTED
LED-0000987,INV-2026-001148,V0084,Harbor Industries Limited,2026-03-13,PAYMENT,12253.19,EUR,INV-2026-001148,2010-AP-TRADE,MKT,Payment against INV-2026-001148,POSTED
LED-0000998,INV-2026-001162,V0061,Silverline Services Limited,2026-03-13,PAYMENT,20503.97,USD,INV-2026-001162,2020-AP-SERVICES,OPS,Payment against INV-2026-001162,POSTED
LED-0001352,INV-2026-001583,V0057,Keystone Packaging Limited,2026-03-13,PAYMENT,18713.63,USD,INV-2026-001583,2020-AP-SERVICES,IT,Payment against INV-2026-001583,POSTED
LED-0001405,INV-2026-001644,V0030,Orbit Pharma Corporation,2026-03-13,PAYMENT,1834.61,GBP,INV-2026-001644,2010-AP-TRADE,MKT,Payment against INV-2026-001644,POSTED
LED-0001531,INV-2026-001794,V0051,Nova Systems Corporation,2026-03-13,PAYMENT,6141.86,USD,INV-2026-001794,2020-AP-SERVICES,LOG,Payment against INV-2026-001794,POSTED
LED-0001733,,V0041,Metro Foods Limited,2026-03-13,REVERSAL,4198.97,USD,JRN-001733,6990-ADJUSTMENTS,FIN,Manual adjustment,POSTED
LED-0001804,,V0068,Harbor Supplies Limited,2026-03-13,ACCRUAL,3808.66,USD,JRN-001804,6100-SERVICES,HR,Vendor balance adjustment,POSTED
LED-0000086,INV-2026-000104,V0083,Metro Engineering Limited,2026-03-14,PAYMENT,3031.31,USD,INV-2026-000104,2010-AP-TRADE,FIN,Payment against INV-2026-000104,POSTED
LED-0000724,INV-2026-000855,V0003,Harbor Services Incorporated,2026-03-14,PAYMENT,4256.24,GBP,INV-2026-000855,2000-AP,LOG,Payment against INV-2026-000855,POSTED
LED-0000825,INV-2026-000973,V0031,Pioneer Supplies Incorporated,2026-03-14,PAYMENT,12756.06,GBP,INV-2026-000973,2000-AP,HR,Payment against INV-2026-000973,POSTED
LED-0000830,INV-2026-000978,V0036,Unity Packaging Corporation,2026-03-14,PAYMENT,60680.6,LKR,INV-2026-000978,2000-AP,IT,Payment against INV-2026-000978,POSTED
LED-0000832,INV-2026-000980,V0023,Metro Consulting Corporation,2026-03-14,PAYMENT,11772.31,GBP,INV-2026-000980,2020-AP-SERVICES,MKT,Payment against INV-2026-000980,POSTED
LED-0000969,INV-2026-001130,V0001,Unity Trading Limited,2026-03-14,PAYMENT,11220.48,USD,INV-2026-001130,2000-AP,OPS,Payment against INV-2026-001130,POSTED
LED-0001040,INV-2026-001207,V0052,Apex Consulting Incorporated,2026-03-14,PAYMENT,1059.3,EUR,INV-2026-001207,2010-AP-TRADE,HR,Payment against INV-2026-001207,POSTED
LED-0001046,INV-2026-001215,V0062,Vertex Packaging Incorporated,2026-03-14,PAYMENT,18115.47,USD,INV-2026-001215,2000-AP,LOG,Payment against INV-2026-001215,POSTED
LED-0001315,INV-2026-001539,V0062,Vertex Packaging Incorporated,2026-03-14,PAYMENT,18587.24,USD,INV-2026-001539,2010-AP-TRADE,LOG,Payment against INV-2026-001539,POSTED
LED-0001454,INV-2026-001703,V0084,Harbor Industries Limited,2026-03-14,PAYMENT,1975207.2,LKR,INV-2026-001703,2020-AP-SERVICES,PROC,Payment against INV-2026-001703,POSTED
LED-0001642,INV-2026-001927,V0004,Delta Solutions Incorporated,2026-03-14,PAYMENT,7448.78,USD,INV-2026-001927,2020-AP-SERVICES,FIN,Payment against INV-2026-001927,POSTED
LED-0000440,INV-2026-000523,V0034,Metro Consulting Limited,2026-03-15,PAYMENT,121.84,USD,INV-2026-000523,2010-AP-TRADE,HR,Payment against INV-2026-000523,POSTED
LED-0000591,INV-2026-000701,V0042,Evergreen Packaging Limited,2026-03-15,PAYMENT,14786.43,USD,INV-2026-000701,2010-AP-TRADE,IT,Payment against INV-2026-000701,POSTED
LED-0000598,INV-2026-000709,V0090,Nova Packaging Corporation,2026-03-15,PAYMENT,5636.57,USD,INV-2026-000709,2000-AP,FIN,Payment against INV-2026-000709,POSTED
LED-0000731,INV-2026-000865,V0013,Delta Solutions Corporation,2026-03-15,PAYMENT,16404.92,USD,INV-2026-000865,2010-AP-TRADE,HR,Payment against INV-2026-000865,POSTED
LED-0000874,INV-2026-001027,V0004,Delta Solutions Incorporated,2026-03-15,PAYMENT,15354.22,USD,INV-2026-001027,2020-AP-SERVICES,HR,Payment against INV-2026-001027,POSTED
LED-0001058,INV-2026-001229,V0031,Pioneer Supplies Incorporated,2026-03-15,PAYMENT,1500.76,GBP,INV-2026-001229,2000-AP,FIN,Payment against INV-2026-001229,POSTED
LED-0001070,INV-2026-001244,V0038,Insight Services Limited,2026-03-15,PAYMENT,18666.74,USD,INV-2026-001244,2010-AP-TRADE,HR,Payment against INV-2026-001244,POSTED
LED-0001298,INV-2026-001520,V0045,Nova Solutions Corporation,2026-03-15,PAYMENT,19765.25,USD,INV-2026-001520,2000-AP,HR,Payment against INV-2026-001520,POSTED
LED-0001415,INV-2026-001658,V0051,Nova Systems Corporation,2026-03-15,PAYMENT,2198238.37,LKR,INV-2026-001658,2010-AP-TRADE,FIN,Payment against INV-2026-001658,POSTED
LED-0001771,,V0006,Crescent Industries Limited,2026-03-15,ADJUSTMENT,2784.47,USD,JRN-001771,6200-ADMIN,IT,Vendor balance adjustment,POSTED
LED-0000281,INV-2026-000332,V0078,Northstar Packaging Corporation,2026-03-16,PAYMENT,10392.21,EUR,INV-2026-000332,2010-AP-TRADE,OPS,Payment against INV-2026-000332,POSTED
LED-0000294,INV-2026-000348,V0027,Pioneer Solutions Incorporated,2026-03-16,PAYMENT,9534.58,USD,INV-2026-000348,2020-AP-SERVICES,HR,Payment against INV-2026-000348,POSTED
LED-0000299,INV-2026-000354,V0023,Metro Consulting Corporation,2026-03-16,PAYMENT,405634.02,LKR,INV-2026-000354,2020-AP-SERVICES,PROC,Payment against INV-2026-000354,POSTED
LED-0000302,INV-2026-000357,V0054,Jade Industries Limited,2026-03-16,PAYMENT,3526.14,USD,INV-2026-000357,2010-AP-TRADE,LOG,Payment against INV-2026-000357,POSTED
LED-0000838,INV-2026-000988,V0073,Crescent Logistics Corporation,2026-03-16,PAYMENT,14213.52,USD,INV-2026-000988,2020-AP-SERVICES,MKT,Payment against INV-2026-000988,POSTED
LED-0001097,INV-2026-001277,V0030,Orbit Pharma Corporation,2026-03-16,PAYMENT,6698.69,EUR,INV-2026-001277,2020-AP-SERVICES,HR,Payment against INV-2026-001277,POSTED
LED-0001269,INV-2026-001490,V0032,Keystone Logistics Limited,2026-03-16,PAYMENT,11394.19,GBP,INV-2026-001490,2020-AP-SERVICES,MKT,Payment against INV-2026-001490,POSTED
LED-0001412,INV-2026-001655,V0058,Harbor Logistics Limited,2026-03-16,PAYMENT,16545.07,GBP,INV-2026-001655,2010-AP-TRADE,MKT,Payment against INV-2026-001655,POSTED
LED-0001620,INV-2026-001900,V0062,Vertex Packaging Incorporated,2026-03-16,PAYMENT,2113652.87,LKR,INV-2026-001900,2000-AP,MKT,Payment against INV-2026-001900,POSTED
LED-0001797,,V0082,Redwood Logistics Incorporated,2026-03-16,REVERSAL,4855.13,GBP,JRN-001797,6100-SERVICES,HR,Vendor balance adjustment,POSTED
LED-0000304,INV-2026-000359,V0005,Nova Logistics Limited,2026-03-17,PAYMENT,3426.76,USD,INV-2026-000359,2000-AP,HR,Payment against INV-2026-000359,POSTED
LED-0000356,INV-2026-000417,V0044,Evergreen Systems Incorporated,2026-03-17,PAYMENT,21878.78,USD,INV-2026-000417,2020-AP-SERVICES,HR,Payment against INV-2026-000417,POSTED
LED-0000374,INV-2026-000438,V0049,Seacrest Consulting Incorporated,2026-03-17,PAYMENT,11728.71,USD,INV-2026-000438,2010-AP-TRADE,MKT,Payment against INV-2026-000438,POSTED
LED-0000641,INV-2026-000764,V0063,Fusion Consulting Incorporated,2026-03-17,PAYMENT,12402.42,USD,INV-2026-000764,2020-AP-SERVICES,FIN,Payment against INV-2026-000764,POSTED
LED-0000879,INV-2026-001032,V0040,Summit Textiles Incorporated,2026-03-17,PAYMENT,4283.81,EUR,INV-2026-001032,2010-AP-TRADE,MKT,Payment against INV-2026-001032,POSTED
LED-0000986,INV-2026-001147,V0038,Insight Services Limited,2026-03-17,PAYMENT,11005.33,GBP,INV-2026-001147,2010-AP-TRADE,FIN,Payment against INV-2026-001147,POSTED
LED-0001090,INV-2026-001268,V0021,Vertex Supplies Corporation,2026-03-17,PAYMENT,2633.36,GBP,INV-2026-001268,2000-AP,MKT,Payment against INV-2026-001268,POSTED
LED-0001139,INV-2026-001329,V0041,Metro Foods Limited,2026-03-17,PAYMENT,19236.44,USD,INV-2026-001329,2000-AP,LOG,Payment against INV-2026-001329,POSTED
LED-0001168,INV-2026-001366,V0011,Nova Engineering Corporation,2026-03-17,PAYMENT,1660.79,GBP,INV-2026-001366,2020-AP-SERVICES,LOG,Payment against INV-2026-001366,POSTED
LED-0001197,INV-2026-001399,V0037,Seacrest Holdings Limited,2026-03-17,PAYMENT,12488.29,USD,INV-2026-001399,2020-AP-SERVICES,OPS,Payment against INV-2026-001399,POSTED
LED-0001328,INV-2026-001555,V0034,Metro Consulting Limited,2026-03-17,PAYMENT,17760.23,EUR,INV-2026-001555,2000-AP,MKT,Payment against INV-2026-001555,POSTED
LED-0001514,INV-2026-001771,V0007,Quantum Technologies Incorporated,2026-03-17,PAYMENT,18327.1,GBP,INV-2026-001771,2020-AP-SERVICES,IT,Payment against INV-2026-001771,POSTED
LED-0001617,INV-2026-001897,V0018,Royal Networks Incorporated,2026-03-17,PAYMENT,3364.58,EUR,INV-2026-001897,2010-AP-TRADE,PROC,Payment against INV-2026-001897,POSTED
LED-0000428,INV-2026-000507,V0088,Unity Technologies Limited,2026-03-18,PAYMENT,5486.59,GBP,INV-2026-000507,2020-AP-SERVICES,FIN,Payment against INV-2026-000507,POSTED
LED-0000590,INV-2026-000699,V0069,Keystone Technologies Incorporated,2026-03-18,PAYMENT,94764.39,LKR,INV-2026-000699,2010-AP-TRADE,FIN,Payment against INV-2026-000699,POSTED
LED-0000619,INV-2026-000741,V0060,Zenith Packaging Limited,2026-03-18,PAYMENT,32218.76,LKR,INV-2026-000741,2000-AP,MKT,Payment against INV-2026-000741,POSTED
LED-0000803,INV-2026-000944,V0032,Keystone Logistics Limited,2026-03-18,PAYMENT,4461.25,EUR,INV-2026-000944,2000-AP,OPS,Payment against INV-2026-000944,POSTED
LED-0001264,INV-2026-001484,V0051,Nova Systems Corporation,2026-03-18,PAYMENT,14355.69,EUR,INV-2026-001484,2010-AP-TRADE,LOG,Payment against INV-2026-001484,POSTED
LED-0001564,INV-2026-001835,V0001,Unity Trading Limited,2026-03-18,PAYMENT,1670134.03,LKR,INV-2026-001835,2000-AP,MKT,Payment against INV-2026-001835,POSTED
LED-0001772,,V0046,Metro Holdings Incorporated,2026-03-18,ACCRUAL,4437.72,EUR,JRN-001772,6990-ADJUSTMENTS,PROC,Reversal entry,POSTED
LED-0001807,,V0026,Vertex Consulting Incorporated,2026-03-18,ACCRUAL,2790.07,USD,JRN-001807,6100-SERVICES,HR,Manual adjustment,POSTED
LED-0000014,INV-2026-000017,V0063,Fusion Consulting Incorporated,2026-03-19,PAYMENT,14030.98,USD,INV-2026-000017,2000-AP,FIN,Payment against INV-2026-000017,POSTED
LED-0000127,INV-2026-000149,V0066,Jade Pharma Incorporated,2026-03-19,PAYMENT,15866.27,USD,INV-2026-000149,2020-AP-SERVICES,OPS,Payment against INV-2026-000149,POSTED
LED-0000196,INV-2026-000232,V0005,Nova Logistics Limited,2026-03-19,PAYMENT,22119.11,USD,INV-2026-000232,2000-AP,IT,Payment against INV-2026-000232,POSTED
LED-0000257,INV-2026-000304,V0002,Zenith Consulting Limited,2026-03-19,PAYMENT,7355.85,USD,INV-2026-000304,2000-AP,LOG,Payment against INV-2026-000304,POSTED
LED-0000305,INV-2026-000360,V0089,Pioneer Supplies Limited,2026-03-19,PAYMENT,10332.72,GBP,INV-2026-000360,2000-AP,OPS,Payment against INV-2026-000360,POSTED
LED-0000340,INV-2026-000401,V0024,Unity Foods Limited,2026-03-19,PAYMENT,20790.78,USD,INV-2026-000401,2000-AP,MKT,Payment against INV-2026-000401,POSTED
LED-0000604,INV-2026-000716,V0070,Royal Supplies Incorporated,2026-03-19,PAYMENT,21608.8,GBP,INV-2026-000716,2000-AP,OPS,Payment against INV-2026-000716,POSTED
LED-0000799,INV-2026-000940,V0034,Metro Consulting Limited,2026-03-19,PAYMENT,1120147.29,LKR,INV-2026-000940,2010-AP-TRADE,FIN,Payment against INV-2026-000940,POSTED
LED-0000936,INV-2026-001092,V0062,Vertex Packaging Incorporated,2026-03-19,PAYMENT,13953.81,USD,INV-2026-001092,2000-AP,OPS,Payment against INV-2026-001092,POSTED
LED-0001015,INV-2026-001179,V0054,Jade Industries Limited,2026-03-19,PAYMENT,769.57,USD,INV-2026-001179,2010-AP-TRADE,MKT,Payment against INV-2026-001179,POSTED
LED-0001311,INV-2026-001535,V0068,Harbor Supplies Limited,2026-03-19,PAYMENT,2110.74,USD,INV-2026-001535,2000-AP,LOG,Payment against INV-2026-001535,POSTED
LED-0001360,INV-2026-001591,V0088,Unity Technologies Limited,2026-03-19,PAYMENT,107224.27,LKR,INV-2026-001591,2020-AP-SERVICES,PROC,Payment against INV-2026-001591,POSTED
LED-0001708,,V0058,Harbor Logistics Limited,2026-03-19,ACCRUAL,1435.71,EUR,JRN-001708,6990-ADJUSTMENTS,HR,Manual adjustment,POSTED
LED-0001737,,V0039,Zenith Consulting Incorporated,2026-03-19,ADJUSTMENT,4146.69,USD,JRN-001737,6200-ADMIN,LOG,Prior-period correction,POSTED
LED-0000316,INV-2026-000374,V0039,Zenith Consulting Incorporated,2026-03-20,PAYMENT,15337.63,EUR,INV-2026-000374,2000-AP,OPS,Payment against INV-2026-000374,POSTED
LED-0000405,INV-2026-000479,V0062,Vertex Packaging Incorporated,2026-03-20,PAYMENT,13816.16,USD,INV-2026-000479,2010-AP-TRADE,FIN,Payment against INV-2026-000479,POSTED
LED-0001129,INV-2026-001315,V0068,Harbor Supplies Limited,2026-03-20,PAYMENT,15208.58,USD,INV-2026-001315,2000-AP,OPS,Payment against INV-2026-001315,POSTED
LED-0001216,INV-2026-001427,V0006,Crescent Industries Limited,2026-03-20,PAYMENT,8530.73,USD,INV-2026-001427,2020-AP-SERVICES,HR,Payment against INV-2026-001427,POSTED
LED-0001562,INV-2026-001833,V0034,Metro Consulting Limited,2026-03-20,PAYMENT,5231.0,GBP,INV-2026-001833,2020-AP-SERVICES,PROC,Payment against INV-2026-001833,POSTED
LED-0001649,INV-2026-001936,V0015,Titan Consulting Limited,2026-03-20,PAYMENT,1696910.52,LKR,INV-2026-001936,2020-AP-SERVICES,LOG,Payment against INV-2026-001936,POSTED
LED-0000064,INV-2026-000076,V0027,Pioneer Solutions Incorporated,2026-03-21,PAYMENT,11777.3,USD,INV-2026-000076,2000-AP,MKT,Payment against INV-2026-000076,POSTED
LED-0000265,INV-2026-000313,V0051,Nova Systems Corporation,2026-03-21,PAYMENT,1602.66,EUR,INV-2026-000313,2010-AP-TRADE,OPS,Payment against INV-2026-000313,POSTED
LED-0000309,INV-2026-000365,V0008,Global Textiles Limited,2026-03-21,PAYMENT,1215.13,USD,INV-2026-000365,2020-AP-SERVICES,OPS,Payment against INV-2026-000365,POSTED
LED-0000446,INV-2026-000530,V0035,Global Engineering Limited,2026-03-21,PAYMENT,283.1,GBP,INV-2026-000530,2020-AP-SERVICES,HR,Payment against INV-2026-000530,POSTED
LED-0001361,INV-2026-001592,V0070,Royal Supplies Incorporated,2026-03-21,PAYMENT,1073.37,GBP,INV-2026-001592,2010-AP-TRADE,HR,Payment against INV-2026-001592,POSTED
LED-0001749,,V0023,Metro Consulting Corporation,2026-03-21,REVERSAL,4577.9,USD,JRN-001749,6200-ADMIN,LOG,Vendor balance adjustment,POSTED
LED-0000394,INV-2026-000467,V0065,Pioneer Industries Incorporated,2026-03-22,PAYMENT,5396.05,USD,INV-2026-000467,2000-AP,FIN,Payment against INV-2026-000467,POSTED
LED-0000420,INV-2026-000498,V0035,Global Engineering Limited,2026-03-22,PAYMENT,14773.79,USD,INV-2026-000498,2020-AP-SERVICES,FIN,Payment against INV-2026-000498,POSTED
LED-0000589,INV-2026-000697,V0064,Redwood Textiles Limited,2026-03-22,PAYMENT,18462.74,GBP,INV-2026-000697,2010-AP-TRADE,FIN,Payment against INV-2026-000697,POSTED
LED-0000621,INV-2026-000743,V0064,Redwood Textiles Limited,2026-03-22,PAYMENT,8042.96,GBP,INV-2026-000743,2000-AP,PROC,Payment against INV-2026-000743,POSTED
LED-0000633,INV-2026-000756,V0026,Vertex Consulting Incorporated,2026-03-22,PAYMENT,2271.14,USD,INV-2026-000756,2010-AP-TRADE,OPS,Payment against INV-2026-000756,POSTED
LED-0000851,INV-2026-001003,V0061,Silverline Services Limited,2026-03-22,PAYMENT,233.58,USD,INV-2026-001003,2020-AP-SERVICES,HR,Payment against INV-2026-001003,POSTED
LED-0000930,INV-2026-001086,V0002,Zenith Consulting Limited,2026-03-22,PAYMENT,18278.85,GBP,INV-2026-001086,2010-AP-TRADE,HR,Payment against INV-2026-001086,POSTED
LED-0001052,INV-2026-001221,V0059,Seacrest Solutions Limited,2026-03-22,PAYMENT,11025.81,USD,INV-2026-001221,2010-AP-TRADE,OPS,Payment against INV-2026-001221,POSTED
LED-0001055,INV-2026-001225,V0083,Metro Engineering Limited,2026-03-22,PAYMENT,2409.94,USD,INV-2026-001225,2000-AP,IT,Payment against INV-2026-001225,POSTED
LED-0001347,INV-2026-001578,V0012,Evergreen Industries Corporation,2026-03-22,PAYMENT,4436.72,USD,INV-2026-001578,2010-AP-TRADE,HR,Payment against INV-2026-001578,POSTED
LED-0001598,INV-2026-001874,V0062,Vertex Packaging Incorporated,2026-03-22,PAYMENT,17327.67,USD,INV-2026-001874,2010-AP-TRADE,PROC,Payment against INV-2026-001874,POSTED
LED-0001643,INV-2026-001929,V0077,Pioneer Packaging Limited,2026-03-22,PAYMENT,20838.51,USD,INV-2026-001929,2010-AP-TRADE,OPS,Payment against INV-2026-001929,POSTED
LED-0001662,INV-2026-001949,V0080,Vertex Textiles Corporation,2026-03-22,PAYMENT,2274.09,USD,INV-2026-001949,2010-AP-TRADE,MKT,Payment against INV-2026-001949,POSTED
LED-0001751,,V0066,Jade Pharma Incorporated,2026-03-22,ACCRUAL,815.95,USD,JRN-001751,2000-AP,IT,Prior-period correction,POSTED
LED-0000067,INV-2026-000079,V0007,Quantum Technologies Incorporated,2026-03-23,PAYMENT,2379.35,EUR,INV-2026-000079,2000-AP,MKT,Payment against INV-2026-000079,POSTED
LED-0000094,INV-2026-000114,V0043,Silverline Logistics Limited,2026-03-23,PAYMENT,3166.12,GBP,INV-2026-000114,2010-AP-TRADE,PROC,Payment against INV-2026-000114,POSTED
LED-0000201,INV-2026-000237,V0049,Seacrest Consulting Incorporated,2026-03-23,PAYMENT,18862.7,USD,INV-2026-000237,2000-AP,OPS,Payment against INV-2026-000237,POSTED
LED-0000390,INV-2026-000460,V0038,Insight Services Limited,2026-03-23,PAYMENT,11293.69,EUR,INV-2026-000460,2010-AP-TRADE,IT,Payment against INV-2026-000460,POSTED
LED-0000445,INV-2026-000529,V0063,Fusion Consulting Incorporated,2026-03-23,PAYMENT,3616.44,USD,INV-2026-000529,2020-AP-SERVICES,IT,Payment against INV-2026-000529,POSTED
LED-0000491,INV-2026-000584,V0068,Harbor Supplies Limited,2026-03-23,PAYMENT,358427.38,LKR,INV-2026-000584,2020-AP-SERVICES,IT,Payment against INV-2026-000584,POSTED
LED-0000519,INV-2026-000614,V0037,Seacrest Holdings Limited,2026-03-23,PAYMENT,7003.09,USD,INV-2026-000614,2020-AP-SERVICES,IT,Payment against INV-2026-000614,POSTED
LED-0001001,INV-2026-001165,V0022,Crescent Supplies Limited,2026-03-23,PAYMENT,11148.92,USD,INV-2026-001165,2000-AP,OPS,Payment against INV-2026-001165,POSTED
LED-0001020,INV-2026-001186,V0046,Metro Holdings Incorporated,2026-03-23,PAYMENT,19408.07,GBP,INV-2026-001186,2020-AP-SERVICES,MKT,Payment against INV-2026-001186,POSTED
LED-0001029,INV-2026-001196,V0052,Apex Consulting Incorporated,2026-03-23,PAYMENT,4783.46,USD,INV-2026-001196,2000-AP,IT,Payment against INV-2026-001196,POSTED
LED-0001124,INV-2026-001309,V0014,Delta Foods Corporation,2026-03-23,PAYMENT,2370.07,USD,INV-2026-001309,2000-AP,OPS,Payment against INV-2026-001309,POSTED
LED-0001275,INV-2026-001496,V0028,Unity Systems Incorporated,2026-03-23,PAYMENT,5018.03,USD,INV-2026-001496,2010-AP-TRADE,PROC,Payment against INV-2026-001496,POSTED
LED-0001295,INV-2026-001517,V0020,Global Solutions Limited,2026-03-23,PAYMENT,15756.75,USD,INV-2026-001517,2000-AP,OPS,Payment against INV-2026-001517,POSTED
LED-0000020,INV-2026-000026,V0089,Pioneer Supplies Limited,2026-03-24,PAYMENT,15987.74,USD,INV-2026-000026,2010-AP-TRADE,MKT,Payment against INV-2026-000026,POSTED
LED-0000110,INV-2026-000131,V0086,Orbit Supplies Limited,2026-03-24,PAYMENT,1685.28,USD,INV-2026-000131,2020-AP-SERVICES,MKT,Payment against INV-2026-000131,POSTED
LED-0000162,INV-2026-000190,V0073,Crescent Logistics Corporation,2026-03-24,PAYMENT,18854.21,EUR,INV-2026-000190,2010-AP-TRADE,OPS,Payment against INV-2026-000190,POSTED
LED-0000295,INV-2026-000349,V0085,Royal Holdings Limited,2026-03-24,PAYMENT,10937.23,GBP,INV-2026-000349,2000-AP,OPS,Payment against INV-2026-000349,POSTED
LED-0000715,INV-2026-000844,V0044,Evergreen Systems Incorporated,2026-03-24,PAYMENT,1926.28,USD,INV-2026-000844,2000-AP,IT,Payment against INV-2026-000844,POSTED
LED-0000774,INV-2026-000910,V0084,Harbor Industries Limited,2026-03-24,PAYMENT,21079.92,USD,INV-2026-000910,2010-AP-TRADE,IT,Payment against INV-2026-000910,POSTED
LED-0001034,INV-2026-001201,V0046,Metro Holdings Incorporated,2026-03-24,PAYMENT,14234.68,USD,INV-2026-001201,2000-AP,IT,Payment against INV-2026-001201,POSTED
LED-0001309,INV-2026-001533,V0066,Jade Pharma Incorporated,2026-03-24,PAYMENT,1369134.37,LKR,INV-2026-001533,2010-AP-TRADE,LOG,Payment against INV-2026-001533,POSTED
LED-0001312,INV-2026-001536,V0055,Lanka Systems Incorporated,2026-03-24,PAYMENT,21104.65,USD,INV-2026-001536,2020-AP-SERVICES,LOG,Payment against INV-2026-001536,POSTED
LED-0001453,INV-2026-001702,V0062,Vertex Packaging Incorporated,2026-03-24,PAYMENT,13464.3,USD,INV-2026-001702,2020-AP-SERVICES,MKT,Payment against INV-2026-001702,POSTED
LED-0001475,INV-2026-001726,V0063,Fusion Consulting Incorporated,2026-03-24,PAYMENT,18339.22,USD,INV-2026-001726,2020-AP-SERVICES,IT,Payment against INV-2026-001726,POSTED
LED-0001603,INV-2026-001880,V0005,Nova Logistics Limited,2026-03-24,PAYMENT,8913.96,EUR,INV-2026-001880,2010-AP-TRADE,IT,Payment against INV-2026-001880,POSTED
LED-0000041,INV-2026-000050,V0063,Fusion Consulting Incorporated,2026-03-25,PAYMENT,10528.6,EUR,INV-2026-000050,2010-AP-TRADE,OPS,Payment against INV-2026-000050,POSTED
LED-0000248,INV-2026-000294,V0041,Metro Foods Limited,2026-03-25,PAYMENT,1850169.5,LKR,INV-2026-000294,2010-AP-TRADE,PROC,Payment against INV-2026-000294,POSTED
LED-0000450,INV-2026-000536,V0039,Zenith Consulting Incorporated,2026-03-25,PAYMENT,17289.51,USD,INV-2026-000536,2010-AP-TRADE,PROC,Payment against INV-2026-000536,POSTED
LED-0000479,INV-2026-000571,V0080,Vertex Textiles Corporation,2026-03-25,PAYMENT,18493.36,USD,INV-2026-000571,2010-AP-TRADE,OPS,Payment against INV-2026-000571,POSTED
LED-0000766,INV-2026-000902,V0058,Harbor Logistics Limited,2026-03-25,PAYMENT,15683.69,USD,INV-2026-000902,2020-AP-SERVICES,FIN,Payment against INV-2026-000902,POSTED
LED-0000793,INV-2026-000932,V0019,Titan Foods Incorporated,2026-03-25,PAYMENT,13083.33,USD,INV-2026-000932,2000-AP,LOG,Payment against INV-2026-000932,POSTED
LED-0000802,INV-2026-000943,V0017,Delta Pharma Limited,2026-03-25,PAYMENT,8249.61,EUR,INV-2026-000943,2010-AP-TRADE,HR,Payment against INV-2026-000943,POSTED
LED-0001389,INV-2026-001624,V0032,Keystone Logistics Limited,2026-03-25,PAYMENT,14092.01,USD,INV-2026-001624,2020-AP-SERVICES,IT,Payment against INV-2026-001624,POSTED
LED-0001557,INV-2026-001828,V0051,Nova Systems Corporation,2026-03-25,PAYMENT,4676.91,EUR,INV-2026-001828,2020-AP-SERVICES,HR,Payment against INV-2026-001828,POSTED
LED-0001566,INV-2026-001838,V0070,Royal Supplies Incorporated,2026-03-25,PAYMENT,16110.98,EUR,INV-2026-001838,2020-AP-SERVICES,FIN,Payment against INV-2026-001838,POSTED
LED-0001608,INV-2026-001887,V0016,Zenith Holdings Incorporated,2026-03-25,PAYMENT,16373.88,GBP,INV-2026-001887,2020-AP-SERVICES,PROC,Payment against INV-2026-001887,POSTED
LED-0000198,INV-2026-000234,V0018,Royal Networks Incorporated,2026-03-26,PAYMENT,19489.55,GBP,INV-2026-000234,2010-AP-TRADE,FIN,Payment against INV-2026-000234,POSTED
LED-0000256,INV-2026-000303,V0021,Vertex Supplies Corporation,2026-03-26,PAYMENT,13521.51,EUR,INV-2026-000303,2020-AP-SERVICES,IT,Payment against INV-2026-000303,POSTED
LED-0000677,INV-2026-000804,V0039,Zenith Consulting Incorporated,2026-03-26,PAYMENT,14952.12,USD,INV-2026-000804,2020-AP-SERVICES,OPS,Payment against INV-2026-000804,POSTED
LED-0000745,INV-2026-000879,V0075,Vertex Packaging Limited,2026-03-26,PAYMENT,2440.24,USD,INV-2026-000879,2000-AP,IT,Payment against INV-2026-000879,POSTED
LED-0001019,INV-2026-001185,V0070,Royal Supplies Incorporated,2026-03-26,PAYMENT,734.86,USD,INV-2026-001185,2020-AP-SERVICES,PROC,Payment against INV-2026-001185,POSTED
LED-0001144,INV-2026-001335,V0064,Redwood Textiles Limited,2026-03-26,PAYMENT,318832.87,LKR,INV-2026-001335,2010-AP-TRADE,MKT,Payment against INV-2026-001335,POSTED
LED-0001201,INV-2026-001403,V0037,Seacrest Holdings Limited,2026-03-26,PAYMENT,22279.63,GBP,INV-2026-001403,2000-AP,LOG,Payment against INV-2026-001403,POSTED
LED-0001208,INV-2026-001416,V0041,Metro Foods Limited,2026-03-26,PAYMENT,724729.55,LKR,INV-2026-001416,2020-AP-SERVICES,HR,Payment against INV-2026-001416,POSTED
LED-0001319,INV-2026-001544,V0049,Seacrest Consulting Incorporated,2026-03-26,PAYMENT,10803.71,GBP,INV-2026-001544,2020-AP-SERVICES,MKT,Payment against INV-2026-001544,POSTED
LED-0001344,INV-2026-001575,V0021,Vertex Supplies Corporation,2026-03-26,PAYMENT,15501.84,EUR,INV-2026-001575,2010-AP-TRADE,PROC,Payment against INV-2026-001575,POSTED
LED-0001494,INV-2026-001747,V0040,Summit Textiles Incorporated,2026-03-26,PAYMENT,14645.74,EUR,INV-2026-001747,2010-AP-TRADE,HR,Payment against INV-2026-001747,POSTED
LED-0001600,INV-2026-001876,V0080,Vertex Textiles Corporation,2026-03-26,PAYMENT,1113.02,USD,INV-2026-001876,2000-AP,MKT,Payment against INV-2026-001876,POSTED
LED-0001645,INV-2026-001932,V0076,Royal Services Incorporated,2026-03-26,PAYMENT,4143.62,USD,INV-2026-001932,2010-AP-TRADE,LOG,Payment against INV-2026-001932,POSTED
LED-0001745,,V0049,Seacrest Consulting Incorporated,2026-03-26,ADJUSTMENT,183697.94,LKR,JRN-001745,6990-ADJUSTMENTS,HR,Prior-period correction,POSTED
LED-0000180,INV-2026-000212,V0039,Zenith Consulting Incorporated,2026-03-27,PAYMENT,12430.26,USD,INV-2026-000212,2020-AP-SERVICES,FIN,Payment against INV-2026-000212,POSTED
LED-0000407,INV-2026-000481,V0014,Delta Foods Corporation,2026-03-27,PAYMENT,12697.73,GBP,INV-2026-000481,2010-AP-TRADE,OPS,Payment against INV-2026-000481,POSTED
LED-0000411,INV-2026-000486,V0012,Evergreen Industries Corporation,2026-03-27,PAYMENT,8775.3,EUR,INV-2026-000486,2010-AP-TRADE,OPS,Payment against INV-2026-000486,POSTED
LED-0000660,INV-2026-000785,V0044,Evergreen Systems Incorporated,2026-03-27,PAYMENT,17652.33,EUR,INV-2026-000785,2000-AP,OPS,Payment against INV-2026-000785,POSTED
LED-0000687,INV-2026-000814,V0029,Zenith Supplies Limited,2026-03-27,PAYMENT,1762008.71,LKR,INV-2026-000814,2020-AP-SERVICES,HR,Payment against INV-2026-000814,POSTED
LED-0000739,INV-2026-000873,V0052,Apex Consulting Incorporated,2026-03-27,PAYMENT,923.36,USD,INV-2026-000873,2010-AP-TRADE,LOG,Payment against INV-2026-000873,POSTED
LED-0000761,INV-2026-000896,V0015,Titan Consulting Limited,2026-03-27,PAYMENT,5792.79,USD,INV-2026-000896,2010-AP-TRADE,FIN,Payment against INV-2026-000896,POSTED
LED-0000938,INV-2026-001094,V0042,Evergreen Packaging Limited,2026-03-27,PAYMENT,6543.0,USD,INV-2026-001094,2010-AP-TRADE,FIN,Payment against INV-2026-001094,POSTED
LED-0001148,INV-2026-001339,V0087,Orbit Trading Limited,2026-03-27,PAYMENT,3130.49,USD,INV-2026-001339,2000-AP,FIN,Payment against INV-2026-001339,POSTED
LED-0001180,INV-2026-001379,V0028,Unity Systems Incorporated,2026-03-27,PAYMENT,3266.41,USD,INV-2026-001379,2020-AP-SERVICES,IT,Payment against INV-2026-001379,POSTED
LED-0001188,INV-2026-001388,V0033,BrightPath Logistics Corporation,2026-03-27,PAYMENT,19455.5,EUR,INV-2026-001388,2010-AP-TRADE,PROC,Payment against INV-2026-001388,POSTED
LED-0001348,INV-2026-001579,V0068,Harbor Supplies Limited,2026-03-27,PAYMENT,1530.32,EUR,INV-2026-001579,2000-AP,OPS,Payment against INV-2026-001579,POSTED
LED-0001358,INV-2026-001589,V0058,Harbor Logistics Limited,2026-03-27,PAYMENT,9454.75,GBP,INV-2026-001589,2010-AP-TRADE,HR,Payment against INV-2026-001589,POSTED
LED-0001394,INV-2026-001629,V0015,Titan Consulting Limited,2026-03-27,PAYMENT,15142.79,USD,INV-2026-001629,2010-AP-TRADE,HR,Payment against INV-2026-001629,POSTED
LED-0001421,INV-2026-001664,V0032,Keystone Logistics Limited,2026-03-27,PAYMENT,5141.61,GBP,INV-2026-001664,2000-AP,LOG,Payment against INV-2026-001664,POSTED
LED-0001666,INV-2026-001955,V0070,Royal Supplies Incorporated,2026-03-27,PAYMENT,6220.17,GBP,INV-2026-001955,2020-AP-SERVICES,HR,Payment against INV-2026-001955,POSTED
LED-0001701,,V0077,Pioneer Packaging Limited,2026-03-27,REVERSAL,46609.29,LKR,JRN-001701,6100-SERVICES,IT,Prior-period correction,POSTED
LED-0001794,,V0061,Silverline Services Limited,2026-03-27,ACCRUAL,775.47,USD,JRN-001794,6100-SERVICES,IT,Vendor balance adjustment,POSTED
LED-0000391,INV-2026-000462,V0085,Royal Holdings Limited,2026-03-28,PAYMENT,1015.9,USD,INV-2026-000462,2010-AP-TRADE,OPS,Payment against INV-2026-000462,POSTED
LED-0000606,INV-2026-000720,V0022,Crescent Supplies Limited,2026-03-28,PAYMENT,3061.33,GBP,INV-2026-000720,2000-AP,PROC,Payment against INV-2026-000720,POSTED
LED-0000625,INV-2026-000747,V0024,Unity Foods Limited,2026-03-28,PAYMENT,383500.92,LKR,INV-2026-000747,2020-AP-SERVICES,MKT,Payment against INV-2026-000747,POSTED
LED-0000925,INV-2026-001081,V0069,Keystone Technologies Incorporated,2026-03-28,PAYMENT,14483.52,USD,INV-2026-001081,2000-AP,OPS,Payment against INV-2026-001081,POSTED
LED-0000977,INV-2026-001138,V0035,Global Engineering Limited,2026-03-28,PAYMENT,19561.17,USD,INV-2026-001138,2020-AP-SERVICES,LOG,Payment against INV-2026-001138,POSTED
LED-0000985,INV-2026-001146,V0065,Pioneer Industries Incorporated,2026-03-28,PAYMENT,1555743.87,LKR,INV-2026-001146,2020-AP-SERVICES,LOG,Payment against INV-2026-001146,POSTED
LED-0001000,INV-2026-001164,V0068,Harbor Supplies Limited,2026-03-28,PAYMENT,16631.32,USD,INV-2026-001164,2000-AP,MKT,Payment against INV-2026-001164,POSTED
LED-0001021,INV-2026-001187,V0049,Seacrest Consulting Incorporated,2026-03-28,PAYMENT,1769.31,USD,INV-2026-001187,2000-AP,LOG,Payment against INV-2026-001187,POSTED
LED-0001067,INV-2026-001240,V0064,Redwood Textiles Limited,2026-03-28,PAYMENT,3355.05,GBP,INV-2026-001240,2020-AP-SERVICES,HR,Payment against INV-2026-001240,POSTED
LED-0001267,INV-2026-001488,V0026,Vertex Consulting Incorporated,2026-03-28,PAYMENT,16671.13,USD,INV-2026-001488,2010-AP-TRADE,MKT,Payment against INV-2026-001488,POSTED
LED-0001631,INV-2026-001913,V0009,Orbit Consulting Limited,2026-03-28,PAYMENT,16044.12,EUR,INV-2026-001913,2020-AP-SERVICES,LOG,Payment against INV-2026-001913,POSTED
LED-0000418,INV-2026-000493,V0065,Pioneer Industries Incorporated,2026-03-29,PAYMENT,10932.84,USD,INV-2026-000493,2000-AP,OPS,Payment against INV-2026-000493,POSTED
LED-0000658,INV-2026-000782,V0013,Delta Solutions Corporation,2026-03-29,PAYMENT,11935.75,USD,INV-2026-000782,2000-AP,LOG,Payment against INV-2026-000782,POSTED
LED-0000710,INV-2026-000838,V0083,Metro Engineering Limited,2026-03-29,PAYMENT,14530.99,EUR,INV-2026-000838,2020-AP-SERVICES,HR,Payment against INV-2026-000838,POSTED
LED-0000818,INV-2026-000964,V0022,Crescent Supplies Limited,2026-03-29,PAYMENT,893.66,USD,INV-2026-000964,2010-AP-TRADE,FIN,Payment against INV-2026-000964,POSTED
LED-0001042,INV-2026-001211,V0056,Silverline Technologies Incorporated,2026-03-29,PAYMENT,4233.88,USD,INV-2026-001211,2020-AP-SERVICES,OPS,Payment against INV-2026-001211,POSTED
LED-0001154,INV-2026-001348,V0063,Fusion Consulting Incorporated,2026-03-29,PAYMENT,17703.65,GBP,INV-2026-001348,2000-AP,FIN,Payment against INV-2026-001348,POSTED
LED-0001187,INV-2026-001387,V0078,Northstar Packaging Corporation,2026-03-29,PAYMENT,6144.64,GBP,INV-2026-001387,2000-AP,PROC,Payment against INV-2026-001387,POSTED
LED-0001286,INV-2026-001508,V0030,Orbit Pharma Corporation,2026-03-29,PAYMENT,3134.74,USD,INV-2026-001508,2000-AP,IT,Payment against INV-2026-001508,POSTED
LED-0001638,INV-2026-001921,V0031,Pioneer Supplies Incorporated,2026-03-29,PAYMENT,20950.13,USD,INV-2026-001921,2010-AP-TRADE,OPS,Payment against INV-2026-001921,POSTED
LED-0001674,INV-2026-001964,V0048,Zenith Trading Incorporated,2026-03-29,PAYMENT,499.77,USD,INV-2026-001964,2020-AP-SERVICES,LOG,Payment against INV-2026-001964,POSTED
LED-0001720,,V0034,Metro Consulting Limited,2026-03-29,REVERSAL,1258.62,EUR,JRN-001720,6990-ADJUSTMENTS,OPS,Manual adjustment,POSTED
LED-0000097,INV-2026-000117,V0024,Unity Foods Limited,2026-03-30,PAYMENT,985385.07,LKR,INV-2026-000117,2000-AP,IT,Payment against INV-2026-000117,POSTED
LED-0000284,INV-2026-000335,V0018,Royal Networks Incorporated,2026-03-30,PAYMENT,1416305.37,LKR,INV-2026-000335,2000-AP,PROC,Payment against INV-2026-000335,POSTED
LED-0000372,INV-2026-000435,V0065,Pioneer Industries Incorporated,2026-03-30,PAYMENT,10796.27,EUR,INV-2026-000435,2000-AP,FIN,Payment against INV-2026-000435,POSTED
LED-0000470,INV-2026-000558,V0029,Zenith Supplies Limited,2026-03-30,PAYMENT,18240.3,USD,INV-2026-000558,2010-AP-TRADE,LOG,Payment against INV-2026-000558,POSTED
LED-0000808,INV-2026-000949,V0051,Nova Systems Corporation,2026-03-30,PAYMENT,20455.66,USD,INV-2026-000949,2020-AP-SERVICES,OPS,Payment against INV-2026-000949,POSTED
LED-0001400,INV-2026-001639,V0037,Seacrest Holdings Limited,2026-03-30,PAYMENT,18385.27,USD,INV-2026-001639,2000-AP,IT,Payment against INV-2026-001639,POSTED
LED-0001505,INV-2026-001760,V0021,Vertex Supplies Corporation,2026-03-30,PAYMENT,13315.27,GBP,INV-2026-001760,2000-AP,IT,Payment against INV-2026-001760,POSTED
LED-0001644,INV-2026-001931,V0037,Seacrest Holdings Limited,2026-03-30,PAYMENT,5070.76,USD,INV-2026-001931,2000-AP,MKT,Payment against INV-2026-001931,POSTED
LED-0001765,,V0002,Zenith Consulting Limited,2026-03-30,REVERSAL,2865.08,USD,JRN-001765,6200-ADMIN,HR,Manual adjustment,POSTED
LED-0001795,,V0042,Evergreen Packaging Limited,2026-03-30,REVERSAL,3434.21,EUR,JRN-001795,6100-SERVICES,LOG,Reversal entry,POSTED
LED-0000010,INV-2026-000013,V0086,Orbit Supplies Limited,2026-03-31,PAYMENT,10114.07,USD,INV-2026-000013,2010-AP-TRADE,LOG,Payment against INV-2026-000013,POSTED
LED-0000157,INV-2026-000183,V0068,Harbor Supplies Limited,2026-03-31,PAYMENT,2280.89,USD,INV-2026-000183,2020-AP-SERVICES,PROC,Payment against INV-2026-000183,POSTED
LED-0000158,INV-2026-000185,V0042,Evergreen Packaging Limited,2026-03-31,PAYMENT,231937.66,LKR,INV-2026-000185,2000-AP,PROC,Payment against INV-2026-000185,POSTED
LED-0000646,INV-2026-000769,V0064,Redwood Textiles Limited,2026-03-31,PAYMENT,2100.12,USD,INV-2026-000769,2020-AP-SERVICES,PROC,Payment against INV-2026-000769,POSTED
LED-0000904,INV-2026-001058,V0049,Seacrest Consulting Incorporated,2026-03-31,PAYMENT,1917.1,USD,INV-2026-001058,2020-AP-SERVICES,LOG,Payment against INV-2026-001058,POSTED
LED-0001083,INV-2026-001260,V0038,Insight Services Limited,2026-03-31,PAYMENT,8016.52,USD,INV-2026-001260,2000-AP,PROC,Payment against INV-2026-001260,POSTED
LED-0001189,INV-2026-001389,V0063,Fusion Consulting Incorporated,2026-03-31,PAYMENT,20140.81,GBP,INV-2026-001389,2010-AP-TRADE,OPS,Payment against INV-2026-001389,POSTED
LED-0001388,INV-2026-001623,V0073,Crescent Logistics Corporation,2026-03-31,PAYMENT,15663.36,EUR,INV-2026-001623,2000-AP,OPS,Payment against INV-2026-001623,POSTED
LED-0001391,INV-2026-001626,V0020,Global Solutions Limited,2026-03-31,PAYMENT,178704.93,LKR,INV-2026-001626,2020-AP-SERVICES,MKT,Payment against INV-2026-001626,POSTED
LED-0000192,INV-2026-000228,V0032,Keystone Logistics Limited,2026-04-01,PAYMENT,16581.87,GBP,INV-2026-000228,2020-AP-SERVICES,HR,Payment against INV-2026-000228,POSTED
LED-0000365,INV-2026-000427,V0058,Harbor Logistics Limited,2026-04-01,PAYMENT,1563038.46,LKR,INV-2026-000427,2020-AP-SERVICES,LOG,Payment against INV-2026-000427,POSTED
LED-0000393,INV-2026-000465,V0073,Crescent Logistics Corporation,2026-04-01,PAYMENT,8791.69,GBP,INV-2026-000465,2020-AP-SERVICES,OPS,Payment against INV-2026-000465,POSTED
LED-0000539,INV-2026-000638,V0070,Royal Supplies Incorporated,2026-04-01,PAYMENT,15849.47,GBP,INV-2026-000638,2010-AP-TRADE,LOG,Payment against INV-2026-000638,POSTED
LED-0000631,INV-2026-000753,V0019,Titan Foods Incorporated,2026-04-01,PAYMENT,4291.64,USD,INV-2026-000753,2000-AP,IT,Payment against INV-2026-000753,POSTED
LED-0000635,INV-2026-000758,V0068,Harbor Supplies Limited,2026-04-01,PAYMENT,4065.08,USD,INV-2026-000758,2010-AP-TRADE,FIN,Payment against INV-2026-000758,POSTED
LED-0000877,INV-2026-001030,V0056,Silverline Technologies Incorporated,2026-04-01,PAYMENT,2419.92,USD,INV-2026-001030,2010-AP-TRADE,OPS,Payment against INV-2026-001030,POSTED
LED-0001009,INV-2026-001173,V0015,Titan Consulting Limited,2026-04-01,PAYMENT,8668.3,USD,INV-2026-001173,2020-AP-SERVICES,HR,Payment against INV-2026-001173,POSTED
LED-0001217,INV-2026-001428,V0087,Orbit Trading Limited,2026-04-01,PAYMENT,5867.25,EUR,INV-2026-001428,2010-AP-TRADE,IT,Payment against INV-2026-001428,POSTED
LED-0001324,INV-2026-001550,V0083,Metro Engineering Limited,2026-04-01,PAYMENT,2455.37,USD,INV-2026-001550,2010-AP-TRADE,PROC,Payment against INV-2026-001550,POSTED
LED-0001539,INV-2026-001805,V0056,Silverline Technologies Incorporated,2026-04-01,PAYMENT,12258.19,USD,INV-2026-001805,2000-AP,LOG,Payment against INV-2026-001805,POSTED
LED-0001544,INV-2026-001812,V0089,Pioneer Supplies Limited,2026-04-01,PAYMENT,20131.83,USD,INV-2026-001812,2010-AP-TRADE,MKT,Payment against INV-2026-001812,POSTED
LED-0001568,INV-2026-001840,V0056,Silverline Technologies Incorporated,2026-04-01,PAYMENT,1628323.63,LKR,INV-2026-001840,2000-AP,LOG,Payment against INV-2026-001840,POSTED
LED-0000087,INV-2026-000105,V0010,Silverline Systems Incorporated,2026-04-02,PAYMENT,17386.14,USD,INV-2026-000105,2000-AP,LOG,Payment against INV-2026-000105,POSTED
LED-0000142,INV-2026-000164,V0059,Seacrest Solutions Limited,2026-04-02,PAYMENT,7135.55,EUR,INV-2026-000164,2010-AP-TRADE,LOG,Payment against INV-2026-000164,POSTED
LED-0000161,INV-2026-000189,V0043,Silverline Logistics Limited,2026-04-02,PAYMENT,5234.43,GBP,INV-2026-000189,2010-AP-TRADE,MKT,Payment against INV-2026-000189,POSTED
LED-0000227,INV-2026-000269,V0004,Delta Solutions Incorporated,2026-04-02,PAYMENT,6421.69,USD,INV-2026-000269,2020-AP-SERVICES,MKT,Payment against INV-2026-000269,POSTED
LED-0000289,INV-2026-000341,V0054,Jade Industries Limited,2026-04-02,PAYMENT,19061.57,USD,INV-2026-000341,2010-AP-TRADE,MKT,Payment against INV-2026-000341,POSTED
LED-0000560,INV-2026-000662,V0007,Quantum Technologies Incorporated,2026-04-02,PAYMENT,10546.24,USD,INV-2026-000662,2010-AP-TRADE,PROC,Payment against INV-2026-000662,POSTED
LED-0000698,INV-2026-000825,V0007,Quantum Technologies Incorporated,2026-04-02,PAYMENT,9468.52,USD,INV-2026-000825,2000-AP,IT,Payment against INV-2026-000825,POSTED
LED-0000982,INV-2026-001143,V0005,Nova Logistics Limited,2026-04-02,PAYMENT,22466.47,USD,INV-2026-001143,2010-AP-TRADE,MKT,Payment against INV-2026-001143,POSTED
LED-0001057,INV-2026-001228,V0077,Pioneer Packaging Limited,2026-04-02,PAYMENT,4483.25,USD,INV-2026-001228,2010-AP-TRADE,MKT,Payment against INV-2026-001228,POSTED
LED-0001338,INV-2026-001568,V0078,Northstar Packaging Corporation,2026-04-02,PAYMENT,16190.43,GBP,INV-2026-001568,2000-AP,OPS,Payment against INV-2026-001568,POSTED
LED-0001387,INV-2026-001622,V0056,Silverline Technologies Incorporated,2026-04-02,PAYMENT,15307.73,USD,INV-2026-001622,2020-AP-SERVICES,PROC,Payment against INV-2026-001622,POSTED
LED-0000037,INV-2026-000046,V0078,Northstar Packaging Corporation,2026-04-03,PAYMENT,12731.28,USD,INV-2026-000046,2020-AP-SERVICES,FIN,Payment against INV-2026-000046,POSTED
LED-0000329,INV-2026-000389,V0025,Lanka Foods Limited,2026-04-03,PAYMENT,5499.93,USD,INV-2026-000389,2000-AP,PROC,Payment against INV-2026-000389,POSTED
LED-0000424,INV-2026-000503,V0088,Unity Technologies Limited,2026-04-03,PAYMENT,15401.21,USD,INV-2026-000503,2020-AP-SERVICES,IT,Payment against INV-2026-000503,POSTED
LED-0000466,INV-2026-000553,V0054,Jade Industries Limited,2026-04-03,PAYMENT,15964.12,USD,INV-2026-000553,2000-AP,FIN,Payment against INV-2026-000553,POSTED
LED-0000574,INV-2026-000678,V0062,Vertex Packaging Incorporated,2026-04-03,PAYMENT,20205.33,EUR,INV-2026-000678,2000-AP,OPS,Payment against INV-2026-000678,POSTED
LED-0000709,INV-2026-000837,V0079,Global Trading Limited,2026-04-03,PAYMENT,8589.22,GBP,INV-2026-000837,2010-AP-TRADE,PROC,Payment against INV-2026-000837,POSTED
LED-0000730,INV-2026-000863,V0015,Titan Consulting Limited,2026-04-03,PAYMENT,15669.27,EUR,INV-2026-000863,2000-AP,IT,Payment against INV-2026-000863,POSTED
LED-0000784,INV-2026-000923,V0061,Silverline Services Limited,2026-04-03,PAYMENT,143105.29,LKR,INV-2026-000923,2000-AP,MKT,Payment against INV-2026-000923,POSTED
LED-0000859,INV-2026-001011,V0012,Evergreen Industries Corporation,2026-04-03,PAYMENT,1600129.54,LKR,INV-2026-001011,2010-AP-TRADE,PROC,Payment against INV-2026-001011,POSTED
LED-0000880,INV-2026-001033,V0087,Orbit Trading Limited,2026-04-03,PAYMENT,12080.16,GBP,INV-2026-001033,2000-AP,IT,Payment against INV-2026-001033,POSTED
LED-0000900,INV-2026-001054,V0032,Keystone Logistics Limited,2026-04-03,PAYMENT,19552.14,EUR,INV-2026-001054,2020-AP-SERVICES,LOG,Payment against INV-2026-001054,POSTED
LED-0000972,INV-2026-001133,V0090,Nova Packaging Corporation,2026-04-03,PAYMENT,11039.21,USD,INV-2026-001133,2010-AP-TRADE,FIN,Payment against INV-2026-001133,POSTED
LED-0001116,INV-2026-001299,V0008,Global Textiles Limited,2026-04-03,PAYMENT,22485.11,USD,INV-2026-001299,2000-AP,HR,Payment against INV-2026-001299,POSTED
LED-0001149,INV-2026-001342,V0075,Vertex Packaging Limited,2026-04-03,PAYMENT,10665.57,USD,INV-2026-001342,2010-AP-TRADE,OPS,Payment against INV-2026-001342,POSTED
LED-0001448,INV-2026-001697,V0003,Harbor Services Incorporated,2026-04-03,PAYMENT,6614.74,USD,INV-2026-001697,2020-AP-SERVICES,IT,Payment against INV-2026-001697,POSTED
LED-0001574,INV-2026-001846,V0055,Lanka Systems Incorporated,2026-04-03,PAYMENT,254322.87,LKR,INV-2026-001846,2020-AP-SERVICES,MKT,Payment against INV-2026-001846,POSTED
LED-0001755,,V0053,Pioneer Trading Incorporated,2026-04-03,REVERSAL,3088.86,EUR,JRN-001755,6200-ADMIN,OPS,Vendor balance adjustment,POSTED
LED-0000131,INV-2026-000153,V0008,Global Textiles Limited,2026-04-04,PAYMENT,6166.0,USD,INV-2026-000153,2010-AP-TRADE,OPS,Payment against INV-2026-000153,POSTED
LED-0000200,INV-2026-000236,V0063,Fusion Consulting Incorporated,2026-04-04,PAYMENT,20712.91,EUR,INV-2026-000236,2020-AP-SERVICES,LOG,Payment against INV-2026-000236,POSTED
LED-0000288,INV-2026-000339,V0010,Silverline Systems Incorporated,2026-04-04,PAYMENT,3457.6,USD,INV-2026-000339,2000-AP,IT,Payment against INV-2026-000339,POSTED
LED-0000673,INV-2026-000800,V0088,Unity Technologies Limited,2026-04-04,PAYMENT,2025561.9,LKR,INV-2026-000800,2020-AP-SERVICES,MKT,Payment against INV-2026-000800,POSTED
LED-0000833,INV-2026-000982,V0026,Vertex Consulting Incorporated,2026-04-04,PAYMENT,4095.72,USD,INV-2026-000982,2010-AP-TRADE,IT,Payment against INV-2026-000982,POSTED
LED-0000836,INV-2026-000985,V0016,Zenith Holdings Incorporated,2026-04-04,PAYMENT,7208.74,USD,INV-2026-000985,2010-AP-TRADE,PROC,Payment against INV-2026-000985,POSTED
LED-0001068,INV-2026-001241,V0009,Orbit Consulting Limited,2026-04-04,PAYMENT,1008.88,USD,INV-2026-001241,2010-AP-TRADE,HR,Payment against INV-2026-001241,POSTED
LED-0001084,INV-2026-001262,V0075,Vertex Packaging Limited,2026-04-04,PAYMENT,15399.47,GBP,INV-2026-001262,2020-AP-SERVICES,OPS,Payment against INV-2026-001262,POSTED
LED-0001237,INV-2026-001453,V0031,Pioneer Supplies Incorporated,2026-04-04,PAYMENT,19912.12,GBP,INV-2026-001453,2000-AP,IT,Payment against INV-2026-001453,POSTED
LED-0001464,INV-2026-001715,V0004,Delta Solutions Incorporated,2026-04-04,PAYMENT,4498.16,USD,INV-2026-001715,2000-AP,OPS,Payment against INV-2026-001715,POSTED
LED-0001483,INV-2026-001736,V0028,Unity Systems Incorporated,2026-04-04,PAYMENT,9637.24,USD,INV-2026-001736,2010-AP-TRADE,LOG,Payment against INV-2026-001736,POSTED
LED-0001588,INV-2026-001860,V0033,BrightPath Logistics Corporation,2026-04-04,PAYMENT,18757.87,USD,INV-2026-001860,2010-AP-TRADE,FIN,Payment against INV-2026-001860,POSTED
LED-0001743,,V0069,Keystone Technologies Incorporated,2026-04-04,ACCRUAL,3206.59,USD,JRN-001743,6200-ADMIN,OPS,Reversal entry,POSTED
LED-0001814,,V0065,Pioneer Industries Incorporated,2026-04-04,ADJUSTMENT,3702.42,USD,JRN-001814,6200-ADMIN,OPS,Manual adjustment,POSTED
LED-0000095,INV-2026-000115,V0051,Nova Systems Corporation,2026-04-05,PAYMENT,20268.88,GBP,INV-2026-000115,2010-AP-TRADE,MKT,Payment against INV-2026-000115,POSTED
LED-0000140,INV-2026-000162,V0054,Jade Industries Limited,2026-04-05,PAYMENT,772438.61,LKR,INV-2026-000162,2020-AP-SERVICES,MKT,Payment against INV-2026-000162,POSTED
LED-0000159,INV-2026-000186,V0005,Nova Logistics Limited,2026-04-05,PAYMENT,372182.7,LKR,INV-2026-000186,2010-AP-TRADE,FIN,Payment against INV-2026-000186,POSTED
LED-0000717,INV-2026-000847,V0051,Nova Systems Corporation,2026-04-05,PAYMENT,2806.07,USD,INV-2026-000847,2020-AP-SERVICES,PROC,Payment against INV-2026-000847,POSTED
LED-0001108,INV-2026-001289,V0078,Northstar Packaging Corporation,2026-04-05,PAYMENT,13386.72,USD,INV-2026-001289,2020-AP-SERVICES,IT,Payment against INV-2026-001289,POSTED
LED-0001185,INV-2026-001385,V0072,Westbridge Logistics Limited,2026-04-05,PAYMENT,4340.78,USD,INV-2026-001385,2020-AP-SERVICES,HR,Payment against INV-2026-001385,POSTED
LED-0001196,INV-2026-001398,V0011,Nova Engineering Corporation,2026-04-05,PAYMENT,1369758.92,LKR,INV-2026-001398,2010-AP-TRADE,IT,Payment against INV-2026-001398,POSTED
LED-0001336,INV-2026-001566,V0047,Insight Technologies Incorporated,2026-04-05,PAYMENT,8517.99,EUR,INV-2026-001566,2020-AP-SERVICES,MKT,Payment against INV-2026-001566,POSTED
LED-0001384,INV-2026-001619,V0027,Pioneer Solutions Incorporated,2026-04-05,PAYMENT,3916.39,GBP,INV-2026-001619,2000-AP,LOG,Payment against INV-2026-001619,POSTED
LED-0001820,,V0048,Zenith Trading Incorporated,2026-04-05,REVERSAL,38918.23,LKR,JRN-001820,6200-ADMIN,OPS,Month-end accrual,POSTED
LED-0000313,INV-2026-000371,V0059,Seacrest Solutions Limited,2026-04-06,PAYMENT,7045.64,USD,INV-2026-000371,2000-AP,IT,Payment against INV-2026-000371,POSTED
LED-0000791,INV-2026-000930,V0074,Crescent Supplies Corporation,2026-04-06,PAYMENT,7903.7,USD,INV-2026-000930,2000-AP,FIN,Payment against INV-2026-000930,POSTED
LED-0001253,INV-2026-001472,V0067,Unity Foods Corporation,2026-04-06,PAYMENT,15969.72,USD,INV-2026-001472,2020-AP-SERVICES,PROC,Payment against INV-2026-001472,POSTED
LED-0001397,INV-2026-001635,V0007,Quantum Technologies Incorporated,2026-04-06,PAYMENT,9949.22,USD,INV-2026-001635,2020-AP-SERVICES,OPS,Payment against INV-2026-001635,POSTED
LED-0001443,INV-2026-001688,V0078,Northstar Packaging Corporation,2026-04-06,PAYMENT,7151.67,USD,INV-2026-001688,2000-AP,PROC,Payment against INV-2026-001688,POSTED
LED-0001661,INV-2026-001948,V0073,Crescent Logistics Corporation,2026-04-06,PAYMENT,12267.67,USD,INV-2026-001948,2000-AP,OPS,Payment against INV-2026-001948,POSTED
LED-0000191,INV-2026-000227,V0068,Harbor Supplies Limited,2026-04-07,PAYMENT,15923.33,USD,INV-2026-000227,2000-AP,HR,Payment against INV-2026-000227,POSTED
LED-0000751,INV-2026-000886,V0019,Titan Foods Incorporated,2026-04-07,PAYMENT,1174.16,USD,INV-2026-000886,2020-AP-SERVICES,FIN,Payment against INV-2026-000886,POSTED
LED-0001072,INV-2026-001246,V0026,Vertex Consulting Incorporated,2026-04-07,PAYMENT,12030.29,USD,INV-2026-001246,2020-AP-SERVICES,OPS,Payment against INV-2026-001246,POSTED
LED-0001082,INV-2026-001259,V0085,Royal Holdings Limited,2026-04-07,PAYMENT,17093.94,EUR,INV-2026-001259,2020-AP-SERVICES,HR,Payment against INV-2026-001259,POSTED
LED-0001134,INV-2026-001320,V0044,Evergreen Systems Incorporated,2026-04-07,PAYMENT,9477.19,USD,INV-2026-001320,2010-AP-TRADE,HR,Payment against INV-2026-001320,POSTED
LED-0001218,INV-2026-001429,V0042,Evergreen Packaging Limited,2026-04-07,PAYMENT,2761.51,EUR,INV-2026-001429,2020-AP-SERVICES,PROC,Payment against INV-2026-001429,POSTED
LED-0001374,INV-2026-001607,V0044,Evergreen Systems Incorporated,2026-04-07,PAYMENT,10980.21,USD,INV-2026-001607,2020-AP-SERVICES,HR,Payment against INV-2026-001607,POSTED
LED-0001654,INV-2026-001941,V0015,Titan Consulting Limited,2026-04-07,PAYMENT,251.37,EUR,INV-2026-001941,2020-AP-SERVICES,OPS,Payment against INV-2026-001941,POSTED
LED-0001703,,V0068,Harbor Supplies Limited,2026-04-07,ADJUSTMENT,3806.98,USD,JRN-001703,6990-ADJUSTMENTS,OPS,Vendor balance adjustment,POSTED
LED-0000280,INV-2026-000331,V0073,Crescent Logistics Corporation,2026-04-08,PAYMENT,6890.37,EUR,INV-2026-000331,2020-AP-SERVICES,IT,Payment against INV-2026-000331,POSTED
LED-0000364,INV-2026-000426,V0037,Seacrest Holdings Limited,2026-04-08,PAYMENT,159316.01,LKR,INV-2026-000426,2020-AP-SERVICES,IT,Payment against INV-2026-000426,POSTED
LED-0000875,INV-2026-001028,V0016,Zenith Holdings Incorporated,2026-04-08,PAYMENT,14541.24,GBP,INV-2026-001028,2020-AP-SERVICES,LOG,Payment against INV-2026-001028,POSTED
LED-0001616,INV-2026-001896,V0012,Evergreen Industries Corporation,2026-04-08,PAYMENT,11032.28,USD,INV-2026-001896,2020-AP-SERVICES,HR,Payment against INV-2026-001896,POSTED
LED-0001760,,V0083,Metro Engineering Limited,2026-04-08,ADJUSTMENT,3465.61,USD,JRN-001760,2000-AP,MKT,Reversal entry,POSTED
LED-0000237,INV-2026-000281,V0074,Crescent Supplies Corporation,2026-04-09,PAYMENT,1062225.75,LKR,INV-2026-000281,2010-AP-TRADE,IT,Payment against INV-2026-000281,POSTED
LED-0000370,INV-2026-000432,V0072,Westbridge Logistics Limited,2026-04-09,PAYMENT,12668.01,USD,INV-2026-000432,2000-AP,HR,Payment against INV-2026-000432,POSTED
LED-0000860,INV-2026-001012,V0090,Nova Packaging Corporation,2026-04-09,PAYMENT,16349.82,USD,INV-2026-001012,2010-AP-TRADE,MKT,Payment against INV-2026-001012,POSTED
LED-0000862,INV-2026-001014,V0018,Royal Networks Incorporated,2026-04-09,PAYMENT,10111.96,USD,INV-2026-001014,2020-AP-SERVICES,MKT,Payment against INV-2026-001014,POSTED
LED-0001299,INV-2026-001521,V0057,Keystone Packaging Limited,2026-04-09,PAYMENT,1385412.22,LKR,INV-2026-001521,2020-AP-SERVICES,OPS,Payment against INV-2026-001521,POSTED
LED-0001599,INV-2026-001875,V0076,Royal Services Incorporated,2026-04-09,PAYMENT,19385.75,GBP,INV-2026-001875,2010-AP-TRADE,HR,Payment against INV-2026-001875,POSTED
LED-0001630,INV-2026-001911,V0001,Unity Trading Limited,2026-04-09,PAYMENT,1490929.47,LKR,INV-2026-001911,2010-AP-TRADE,FIN,Payment against INV-2026-001911,POSTED
LED-0000035,INV-2026-000043,V0033,BrightPath Logistics Corporation,2026-04-10,PAYMENT,946732.6,LKR,INV-2026-000043,2010-AP-TRADE,MKT,Payment against INV-2026-000043,POSTED
LED-0000124,INV-2026-000146,V0016,Zenith Holdings Incorporated,2026-04-10,PAYMENT,10340.7,GBP,INV-2026-000146,2020-AP-SERVICES,FIN,Payment against INV-2026-000146,POSTED
LED-0000282,INV-2026-000333,V0023,Metro Consulting Corporation,2026-04-10,PAYMENT,3606.69,USD,INV-2026-000333,2000-AP,MKT,Payment against INV-2026-000333,POSTED
LED-0000718,INV-2026-000848,V0004,Delta Solutions Incorporated,2026-04-10,PAYMENT,3005.67,GBP,INV-2026-000848,2010-AP-TRADE,MKT,Payment against INV-2026-000848,POSTED
LED-0000828,INV-2026-000976,V0052,Apex Consulting Incorporated,2026-04-10,PAYMENT,333.46,USD,INV-2026-000976,2000-AP,PROC,Payment against INV-2026-000976,POSTED
LED-0000856,INV-2026-001008,V0019,Titan Foods Incorporated,2026-04-10,PAYMENT,13708.57,EUR,INV-2026-001008,2000-AP,IT,Payment against INV-2026-001008,POSTED
LED-0000942,INV-2026-001098,V0025,Lanka Foods Limited,2026-04-10,PAYMENT,1849.9,USD,INV-2026-001098,2020-AP-SERVICES,PROC,Payment against INV-2026-001098,POSTED
LED-0001699,INV-2026-001998,V0035,Global Engineering Limited,2026-04-10,PAYMENT,9126.73,EUR,INV-2026-001998,2000-AP,FIN,Payment against INV-2026-001998,POSTED
LED-0001714,,V0061,Silverline Services Limited,2026-04-10,ACCRUAL,235536.82,LKR,JRN-001714,6200-ADMIN,IT,Prior-period correction,POSTED
LED-0001775,,V0013,Delta Solutions Corporation,2026-04-10,ACCRUAL,1679.68,EUR,JRN-001775,6100-SERVICES,FIN,Reversal entry,POSTED
LED-0000232,INV-2026-000276,V0008,Global Textiles Limited,2026-04-11,PAYMENT,17337.65,GBP,INV-2026-000276,2020-AP-SERVICES,MKT,Payment against INV-2026-000276,POSTED
LED-0000398,INV-2026-000471,V0022,Crescent Supplies Limited,2026-04-11,PAYMENT,22045.24,EUR,INV-2026-000471,2020-AP-SERVICES,MKT,Payment against INV-2026-000471,POSTED
LED-0000400,INV-2026-000473,V0077,Pioneer Packaging Limited,2026-04-11,PAYMENT,1771911.92,LKR,INV-2026-000473,2020-AP-SERVICES,PROC,Payment against INV-2026-000473,POSTED
LED-0000523,INV-2026-000620,V0040,Summit Textiles Incorporated,2026-04-11,PAYMENT,9182.5,USD,INV-2026-000620,2020-AP-SERVICES,HR,Payment against INV-2026-000620,POSTED
LED-0000822,INV-2026-000969,V0059,Seacrest Solutions Limited,2026-04-11,PAYMENT,21805.05,USD,INV-2026-000969,2010-AP-TRADE,LOG,Payment against INV-2026-000969,POSTED
LED-0000951,INV-2026-001108,V0038,Insight Services Limited,2026-04-11,PAYMENT,17647.78,GBP,INV-2026-001108,2010-AP-TRADE,FIN,Payment against INV-2026-001108,POSTED
LED-0001202,INV-2026-001404,V0034,Metro Consulting Limited,2026-04-11,PAYMENT,745.19,USD,INV-2026-001404,2020-AP-SERVICES,FIN,Payment against INV-2026-001404,POSTED
LED-0001303,INV-2026-001526,V0048,Zenith Trading Incorporated,2026-04-11,PAYMENT,18700.33,GBP,INV-2026-001526,2020-AP-SERVICES,IT,Payment against INV-2026-001526,POSTED
LED-0001622,INV-2026-001902,V0038,Insight Services Limited,2026-04-11,PAYMENT,10970.01,USD,INV-2026-001902,2010-AP-TRADE,HR,Payment against INV-2026-001902,POSTED
LED-0001665,INV-2026-001954,V0016,Zenith Holdings Incorporated,2026-04-11,PAYMENT,8750.87,EUR,INV-2026-001954,2010-AP-TRADE,LOG,Payment against INV-2026-001954,POSTED
LED-0000181,INV-2026-000213,V0027,Pioneer Solutions Incorporated,2026-04-12,PAYMENT,16961.01,USD,INV-2026-000213,2000-AP,OPS,Payment against INV-2026-000213,POSTED
LED-0000224,INV-2026-000265,V0048,Zenith Trading Incorporated,2026-04-12,PAYMENT,8434.59,USD,INV-2026-000265,2010-AP-TRADE,FIN,Payment against INV-2026-000265,POSTED
LED-0000311,INV-2026-000368,V0007,Quantum Technologies Incorporated,2026-04-12,PAYMENT,1930712.28,LKR,INV-2026-000368,2010-AP-TRADE,FIN,Payment against INV-2026-000368,POSTED
LED-0000729,INV-2026-000862,V0035,Global Engineering Limited,2026-04-12,PAYMENT,15846.67,EUR,INV-2026-000862,2020-AP-SERVICES,MKT,Payment against INV-2026-000862,POSTED
LED-0001024,INV-2026-001190,V0010,Silverline Systems Incorporated,2026-04-12,PAYMENT,21012.86,USD,INV-2026-001190,2020-AP-SERVICES,FIN,Payment against INV-2026-001190,POSTED
LED-0001256,INV-2026-001475,V0007,Quantum Technologies Incorporated,2026-04-12,PAYMENT,10591.44,USD,INV-2026-001475,2010-AP-TRADE,FIN,Payment against INV-2026-001475,POSTED
LED-0001460,INV-2026-001709,V0081,Nova Textiles Corporation,2026-04-12,PAYMENT,19547.37,USD,INV-2026-001709,2010-AP-TRADE,MKT,Payment against INV-2026-001709,POSTED
LED-0001575,INV-2026-001847,V0020,Global Solutions Limited,2026-04-12,PAYMENT,838758.92,LKR,INV-2026-001847,2020-AP-SERVICES,HR,Payment against INV-2026-001847,POSTED
LED-0001719,,V0048,Zenith Trading Incorporated,2026-04-12,ADJUSTMENT,181748.83,LKR,JRN-001719,6100-SERVICES,PROC,Prior-period correction,POSTED
LED-0000164,INV-2026-000192,V0058,Harbor Logistics Limited,2026-04-13,PAYMENT,13454.22,USD,INV-2026-000192,2010-AP-TRADE,PROC,Payment against INV-2026-000192,POSTED
LED-0000177,INV-2026-000209,V0067,Unity Foods Corporation,2026-04-13,PAYMENT,6428.57,USD,INV-2026-000209,2020-AP-SERVICES,PROC,Payment against INV-2026-000209,POSTED
LED-0000236,INV-2026-000280,V0051,Nova Systems Corporation,2026-04-13,PAYMENT,478879.18,LKR,INV-2026-000280,2010-AP-TRADE,OPS,Payment against INV-2026-000280,POSTED
LED-0000276,INV-2026-000327,V0050,Keystone Trading Corporation,2026-04-13,PAYMENT,6459.29,USD,INV-2026-000327,2010-AP-TRADE,IT,Payment against INV-2026-000327,POSTED
LED-0000488,INV-2026-000581,V0072,Westbridge Logistics Limited,2026-04-13,PAYMENT,7606.18,USD,INV-2026-000581,2020-AP-SERVICES,PROC,Payment against INV-2026-000581,POSTED
LED-0000616,INV-2026-000738,V0068,Harbor Supplies Limited,2026-04-13,PAYMENT,15151.55,EUR,INV-2026-000738,2010-AP-TRADE,PROC,Payment against INV-2026-000738,POSTED
LED-0000656,INV-2026-000780,V0069,Keystone Technologies Incorporated,2026-04-13,PAYMENT,14516.07,USD,INV-2026-000780,2020-AP-SERVICES,IT,Payment against INV-2026-000780,POSTED
LED-0000697,INV-2026-000824,V0063,Fusion Consulting Incorporated,2026-04-13,PAYMENT,2180208.46,LKR,INV-2026-000824,2000-AP,FIN,Payment against INV-2026-000824,POSTED
LED-0000815,INV-2026-000959,V0054,Jade Industries Limited,2026-04-13,PAYMENT,17076.53,USD,INV-2026-000959,2010-AP-TRADE,LOG,Payment against INV-2026-000959,POSTED
LED-0001424,INV-2026-001667,V0080,Vertex Textiles Corporation,2026-04-13,PAYMENT,11361.88,EUR,INV-2026-001667,2000-AP,HR,Payment against INV-2026-001667,POSTED
LED-0001726,,V0036,Unity Packaging Corporation,2026-04-13,REVERSAL,2160.61,EUR,JRN-001726,6200-ADMIN,HR,Vendor balance adjustment,POSTED
LED-0000008,INV-2026-000010,V0042,Evergreen Packaging Limited,2026-04-14,PAYMENT,7512.46,USD,INV-2026-000010,2020-AP-SERVICES,OPS,Payment against INV-2026-000010,POSTED
LED-0000065,INV-2026-000077,V0001,Unity Trading Limited,2026-04-14,PAYMENT,10859.48,USD,INV-2026-000077,2000-AP,MKT,Payment against INV-2026-000077,POSTED
LED-0000076,INV-2026-000090,V0074,Crescent Supplies Corporation,2026-04-14,PAYMENT,1302843.35,LKR,INV-2026-000090,2020-AP-SERVICES,PROC,Payment against INV-2026-000090,POSTED
LED-0000123,INV-2026-000145,V0041,Metro Foods Limited,2026-04-14,PAYMENT,635.16,USD,INV-2026-000145,2000-AP,HR,Payment against INV-2026-000145,POSTED
LED-0000320,INV-2026-000378,V0024,Unity Foods Limited,2026-04-14,PAYMENT,8475.98,USD,INV-2026-000378,2000-AP,MKT,Payment against INV-2026-000378,POSTED
LED-0000557,INV-2026-000658,V0079,Global Trading Limited,2026-04-14,PAYMENT,628335.31,LKR,INV-2026-000658,2020-AP-SERVICES,FIN,Payment against INV-2026-000658,POSTED
LED-0000696,INV-2026-000823,V0056,Silverline Technologies Incorporated,2026-04-14,PAYMENT,17941.21,EUR,INV-2026-000823,2020-AP-SERVICES,FIN,Payment against INV-2026-000823,POSTED
LED-0000960,INV-2026-001117,V0070,Royal Supplies Incorporated,2026-04-14,PAYMENT,3321.08,USD,INV-2026-001117,2020-AP-SERVICES,OPS,Payment against INV-2026-001117,POSTED
LED-0001126,INV-2026-001312,V0038,Insight Services Limited,2026-04-14,PAYMENT,2231.89,USD,INV-2026-001312,2020-AP-SERVICES,PROC,Payment against INV-2026-001312,POSTED
LED-0001200,INV-2026-001402,V0050,Keystone Trading Corporation,2026-04-14,PAYMENT,5083.41,EUR,INV-2026-001402,2000-AP,PROC,Payment against INV-2026-001402,POSTED
LED-0001345,INV-2026-001576,V0016,Zenith Holdings Incorporated,2026-04-14,PAYMENT,21768.82,USD,INV-2026-001576,2020-AP-SERVICES,HR,Payment against INV-2026-001576,POSTED
LED-0001730,,V0048,Zenith Trading Incorporated,2026-04-14,REVERSAL,174831.26,LKR,JRN-001730,6200-ADMIN,IT,Reversal entry,POSTED
LED-0000126,INV-2026-000148,V0086,Orbit Supplies Limited,2026-04-15,PAYMENT,11770.24,EUR,INV-2026-000148,2000-AP,FIN,Payment against INV-2026-000148,POSTED
LED-0000319,INV-2026-000377,V0039,Zenith Consulting Incorporated,2026-04-15,PAYMENT,6556.47,USD,INV-2026-000377,2010-AP-TRADE,PROC,Payment against INV-2026-000377,POSTED
LED-0000399,INV-2026-000472,V0011,Nova Engineering Corporation,2026-04-15,PAYMENT,21842.02,EUR,INV-2026-000472,2010-AP-TRADE,MKT,Payment against INV-2026-000472,POSTED
LED-0000507,INV-2026-000601,V0058,Harbor Logistics Limited,2026-04-15,PAYMENT,17983.01,USD,INV-2026-000601,2000-AP,MKT,Payment against INV-2026-000601,POSTED
LED-0000558,INV-2026-000660,V0005,Nova Logistics Limited,2026-04-15,PAYMENT,11959.42,USD,INV-2026-000660,2010-AP-TRADE,MKT,Payment against INV-2026-000660,POSTED
LED-0000566,INV-2026-000668,V0029,Zenith Supplies Limited,2026-04-15,PAYMENT,916.26,USD,INV-2026-000668,2000-AP,LOG,Payment against INV-2026-000668,POSTED
LED-0000615,INV-2026-000736,V0012,Evergreen Industries Corporation,2026-04-15,PAYMENT,21838.11,GBP,INV-2026-000736,2010-AP-TRADE,MKT,Payment against INV-2026-000736,POSTED
LED-0001031,INV-2026-001198,V0077,Pioneer Packaging Limited,2026-04-15,PAYMENT,2484.1,EUR,INV-2026-001198,2000-AP,LOG,Payment against INV-2026-001198,POSTED
LED-0001106,INV-2026-001287,V0002,Zenith Consulting Limited,2026-04-15,PAYMENT,17343.23,GBP,INV-2026-001287,2020-AP-SERVICES,MKT,Payment against INV-2026-001287,POSTED
LED-0001118,INV-2026-001302,V0079,Global Trading Limited,2026-04-15,PAYMENT,15606.08,USD,INV-2026-001302,2010-AP-TRADE,OPS,Payment against INV-2026-001302,POSTED
LED-0001224,INV-2026-001435,V0061,Silverline Services Limited,2026-04-15,PAYMENT,14967.77,USD,INV-2026-001435,2020-AP-SERVICES,PROC,Payment against INV-2026-001435,POSTED
LED-0001425,INV-2026-001668,V0025,Lanka Foods Limited,2026-04-15,PAYMENT,16973.72,USD,INV-2026-001668,2010-AP-TRADE,FIN,Payment against INV-2026-001668,POSTED
LED-0001455,INV-2026-001704,V0007,Quantum Technologies Incorporated,2026-04-15,PAYMENT,13210.14,USD,INV-2026-001704,2020-AP-SERVICES,FIN,Payment against INV-2026-001704,POSTED
LED-0001601,INV-2026-001878,V0018,Royal Networks Incorporated,2026-04-15,PAYMENT,122822.23,LKR,INV-2026-001878,2010-AP-TRADE,PROC,Payment against INV-2026-001878,POSTED
LED-0000021,INV-2026-000028,V0071,Harbor Technologies Limited,2026-04-16,PAYMENT,19123.51,GBP,INV-2026-000028,2020-AP-SERVICES,LOG,Payment against INV-2026-000028,POSTED
LED-0000376,INV-2026-000440,V0013,Delta Solutions Corporation,2026-04-16,PAYMENT,265.73,EUR,INV-2026-000440,2000-AP,PROC,Payment against INV-2026-000440,POSTED
LED-0000432,INV-2026-000511,V0033,BrightPath Logistics Corporation,2026-04-16,PAYMENT,2985.64,USD,INV-2026-000511,2020-AP-SERVICES,LOG,Payment against INV-2026-000511,POSTED
LED-0000545,INV-2026-000645,V0004,Delta Solutions Incorporated,2026-04-16,PAYMENT,13985.9,GBP,INV-2026-000645,2000-AP,HR,Payment against INV-2026-000645,POSTED
LED-0000603,INV-2026-000715,V0047,Insight Technologies Incorporated,2026-04-16,PAYMENT,1713.45,GBP,INV-2026-000715,2000-AP,OPS,Payment against INV-2026-000715,POSTED
LED-0000882,INV-2026-001035,V0077,Pioneer Packaging Limited,2026-04-16,PAYMENT,15749.66,GBP,INV-2026-001035,2010-AP-TRADE,OPS,Payment against INV-2026-001035,POSTED
LED-0000949,INV-2026-001106,V0019,Titan Foods Incorporated,2026-04-16,PAYMENT,17482.85,USD,INV-2026-001106,2010-AP-TRADE,LOG,Payment against INV-2026-001106,POSTED
LED-0001056,INV-2026-001226,V0013,Delta Solutions Corporation,2026-04-16,PAYMENT,15428.93,EUR,INV-2026-001226,2010-AP-TRADE,IT,Payment against INV-2026-001226,POSTED
LED-0001111,INV-2026-001294,V0005,Nova Logistics Limited,2026-04-16,PAYMENT,15312.14,GBP,INV-2026-001294,2010-AP-TRADE,MKT,Payment against INV-2026-001294,POSTED
LED-0001249,INV-2026-001468,V0083,Metro Engineering Limited,2026-04-16,PAYMENT,3967.37,USD,INV-2026-001468,2000-AP,IT,Payment against INV-2026-001468,POSTED
LED-0001367,INV-2026-001599,V0049,Seacrest Consulting Incorporated,2026-04-16,PAYMENT,1689087.66,LKR,INV-2026-001599,2020-AP-SERVICES,PROC,Payment against INV-2026-001599,POSTED
LED-0001523,INV-2026-001784,V0003,Harbor Services Incorporated,2026-04-16,PAYMENT,1285946.01,LKR,INV-2026-001784,2010-AP-TRADE,MKT,Payment against INV-2026-001784,POSTED
LED-0001573,INV-2026-001845,V0071,Harbor Technologies Limited,2026-04-16,PAYMENT,19162.36,EUR,INV-2026-001845,2020-AP-SERVICES,OPS,Payment against INV-2026-001845,POSTED
LED-0001685,INV-2026-001979,V0066,Jade Pharma Incorporated,2026-04-16,PAYMENT,21910.67,GBP,INV-2026-001979,2020-AP-SERVICES,FIN,Payment against INV-2026-001979,POSTED
LED-0001709,,V0087,Orbit Trading Limited,2026-04-16,ADJUSTMENT,4456.45,GBP,JRN-001709,6990-ADJUSTMENTS,HR,Reversal entry,POSTED
LED-0000100,INV-2026-000120,V0047,Insight Technologies Incorporated,2026-04-17,PAYMENT,6825.55,EUR,INV-2026-000120,2000-AP,LOG,Payment against INV-2026-000120,POSTED
LED-0000614,INV-2026-000732,V0058,Harbor Logistics Limited,2026-04-17,PAYMENT,1432.6,USD,INV-2026-000732,2020-AP-SERVICES,LOG,Payment against INV-2026-000732,POSTED
LED-0000617,INV-2026-000739,V0054,Jade Industries Limited,2026-04-17,PAYMENT,14239.71,USD,INV-2026-000739,2000-AP,MKT,Payment against INV-2026-000739,POSTED
LED-0000727,INV-2026-000860,V0021,Vertex Supplies Corporation,2026-04-17,PAYMENT,17452.25,USD,INV-2026-000860,2020-AP-SERVICES,LOG,Payment against INV-2026-000860,POSTED
LED-0000988,INV-2026-001149,V0044,Evergreen Systems Incorporated,2026-04-17,PAYMENT,18849.97,EUR,INV-2026-001149,2000-AP,HR,Payment against INV-2026-001149,POSTED
LED-0001088,INV-2026-001266,V0085,Royal Holdings Limited,2026-04-17,PAYMENT,21897.21,GBP,INV-2026-001266,2010-AP-TRADE,PROC,Payment against INV-2026-001266,POSTED
LED-0001288,INV-2026-001510,V0012,Evergreen Industries Corporation,2026-04-17,PAYMENT,14523.42,EUR,INV-2026-001510,2020-AP-SERVICES,IT,Payment against INV-2026-001510,POSTED
LED-0001316,INV-2026-001540,V0032,Keystone Logistics Limited,2026-04-17,PAYMENT,20813.27,USD,INV-2026-001540,2010-AP-TRADE,IT,Payment against INV-2026-001540,POSTED
LED-0001429,INV-2026-001672,V0002,Zenith Consulting Limited,2026-04-17,PAYMENT,2983.9,USD,INV-2026-001672,2020-AP-SERVICES,PROC,Payment against INV-2026-001672,POSTED
LED-0001437,INV-2026-001680,V0046,Metro Holdings Incorporated,2026-04-17,PAYMENT,6950.23,USD,INV-2026-001680,2020-AP-SERVICES,LOG,Payment against INV-2026-001680,POSTED
LED-0001700,INV-2026-001999,V0079,Global Trading Limited,2026-04-17,PAYMENT,5022.9,GBP,INV-2026-001999,2010-AP-TRADE,MKT,Payment against INV-2026-001999,POSTED
LED-0001762,,V0019,Titan Foods Incorporated,2026-04-17,ADJUSTMENT,4129.92,USD,JRN-001762,2000-AP,PROC,Vendor balance adjustment,POSTED
LED-0000119,INV-2026-000140,V0085,Royal Holdings Limited,2026-04-18,PAYMENT,13310.13,USD,INV-2026-000140,2020-AP-SERVICES,OPS,Payment against INV-2026-000140,POSTED
LED-0000186,INV-2026-000220,V0073,Crescent Logistics Corporation,2026-04-18,PAYMENT,15497.66,EUR,INV-2026-000220,2010-AP-TRADE,MKT,Payment against INV-2026-000220,POSTED
LED-0000239,INV-2026-000283,V0017,Delta Pharma Limited,2026-04-18,PAYMENT,2016503.63,LKR,INV-2026-000283,2000-AP,OPS,Payment against INV-2026-000283,POSTED
LED-0000599,INV-2026-000710,V0046,Metro Holdings Incorporated,2026-04-18,PAYMENT,19979.16,GBP,INV-2026-000710,2000-AP,OPS,Payment against INV-2026-000710,POSTED
LED-0000624,INV-2026-000746,V0082,Redwood Logistics Incorporated,2026-04-18,PAYMENT,6983.57,USD,INV-2026-000746,2000-AP,FIN,Payment against INV-2026-000746,POSTED
LED-0000922,INV-2026-001078,V0039,Zenith Consulting Incorporated,2026-04-18,PAYMENT,8345.51,USD,INV-2026-001078,2000-AP,OPS,Payment against INV-2026-001078,POSTED
LED-0001130,INV-2026-001316,V0074,Crescent Supplies Corporation,2026-04-18,PAYMENT,5348.48,USD,INV-2026-001316,2020-AP-SERVICES,OPS,Payment against INV-2026-001316,POSTED
LED-0001707,,V0087,Orbit Trading Limited,2026-04-18,ACCRUAL,489.45,USD,JRN-001707,6100-SERVICES,MKT,Month-end accrual,POSTED
LED-0000263,INV-2026-000310,V0070,Royal Supplies Incorporated,2026-04-19,PAYMENT,175.9,USD,INV-2026-000310,2010-AP-TRADE,IT,Payment against INV-2026-000310,POSTED
LED-0000383,INV-2026-000448,V0019,Titan Foods Incorporated,2026-04-19,PAYMENT,12792.67,USD,INV-2026-000448,2020-AP-SERVICES,IT,Payment against INV-2026-000448,POSTED
LED-0000628,INV-2026-000750,V0029,Zenith Supplies Limited,2026-04-19,PAYMENT,15904.84,EUR,INV-2026-000750,2010-AP-TRADE,HR,Payment against INV-2026-000750,POSTED
LED-0000666,INV-2026-000791,V0035,Global Engineering Limited,2026-04-19,PAYMENT,13774.68,USD,INV-2026-000791,2010-AP-TRADE,IT,Payment against INV-2026-000791,POSTED
LED-0000812,INV-2026-000954,V0010,Silverline Systems Incorporated,2026-04-19,PAYMENT,4102.1,EUR,INV-2026-000954,2000-AP,OPS,Payment against INV-2026-000954,POSTED
LED-0001054,INV-2026-001224,V0052,Apex Consulting Incorporated,2026-04-19,PAYMENT,11712.48,USD,INV-2026-001224,2010-AP-TRADE,PROC,Payment against INV-2026-001224,POSTED
LED-0001353,INV-2026-001584,V0088,Unity Technologies Limited,2026-04-19,PAYMENT,3447.62,EUR,INV-2026-001584,2010-AP-TRADE,LOG,Payment against INV-2026-001584,POSTED
LED-0001498,INV-2026-001751,V0048,Zenith Trading Incorporated,2026-04-19,PAYMENT,16531.0,USD,INV-2026-001751,2010-AP-TRADE,OPS,Payment against INV-2026-001751,POSTED
LED-0001511,INV-2026-001767,V0032,Keystone Logistics Limited,2026-04-19,PAYMENT,13262.33,USD,INV-2026-001767,2000-AP,LOG,Payment against INV-2026-001767,POSTED
LED-0001648,INV-2026-001935,V0044,Evergreen Systems Incorporated,2026-04-19,PAYMENT,10197.5,USD,INV-2026-001935,2000-AP,PROC,Payment against INV-2026-001935,POSTED
LED-0001673,INV-2026-001963,V0053,Pioneer Trading Incorporated,2026-04-19,PAYMENT,19197.41,USD,INV-2026-001963,2010-AP-TRADE,FIN,Payment against INV-2026-001963,POSTED
LED-0000184,INV-2026-000217,V0046,Metro Holdings Incorporated,2026-04-20,PAYMENT,11346.27,USD,INV-2026-000217,2010-AP-TRADE,MKT,Payment against INV-2026-000217,POSTED
LED-0000210,INV-2026-000248,V0051,Nova Systems Corporation,2026-04-20,PAYMENT,4705.83,EUR,INV-2026-000248,2000-AP,MKT,Payment against INV-2026-000248,POSTED
LED-0000361,INV-2026-000423,V0017,Delta Pharma Limited,2026-04-20,PAYMENT,15036.76,EUR,INV-2026-000423,2020-AP-SERVICES,LOG,Payment against INV-2026-000423,POSTED
LED-0000487,INV-2026-000580,V0081,Nova Textiles Corporation,2026-04-20,PAYMENT,5604.46,EUR,INV-2026-000580,2020-AP-SERVICES,MKT,Payment against INV-2026-000580,POSTED
LED-0001061,INV-2026-001232,V0073,Crescent Logistics Corporation,2026-04-20,PAYMENT,10122.55,EUR,INV-2026-001232,2010-AP-TRADE,OPS,Payment against INV-2026-001232,POSTED
LED-0001131,INV-2026-001317,V0015,Titan Consulting Limited,2026-04-20,PAYMENT,21072.98,GBP,INV-2026-001317,2020-AP-SERVICES,OPS,Payment against INV-2026-001317,POSTED
LED-0001193,INV-2026-001395,V0001,Unity Trading Limited,2026-04-20,PAYMENT,7658.94,EUR,INV-2026-001395,2010-AP-TRADE,MKT,Payment against INV-2026-001395,POSTED
LED-0001294,INV-2026-001516,V0027,Pioneer Solutions Incorporated,2026-04-20,PAYMENT,8367.74,EUR,INV-2026-001516,2010-AP-TRADE,FIN,Payment against INV-2026-001516,POSTED
LED-0001369,INV-2026-001601,V0009,Orbit Consulting Limited,2026-04-20,PAYMENT,4067.76,USD,INV-2026-001601,2000-AP,PROC,Payment against INV-2026-001601,POSTED
LED-0001481,INV-2026-001733,V0009,Orbit Consulting Limited,2026-04-20,PAYMENT,2423.09,USD,INV-2026-001733,2000-AP,FIN,Payment against INV-2026-001733,POSTED
LED-0001591,INV-2026-001865,V0025,Lanka Foods Limited,2026-04-20,PAYMENT,20887.86,USD,INV-2026-001865,2000-AP,IT,Payment against INV-2026-001865,POSTED
LED-0001801,,V0077,Pioneer Packaging Limited,2026-04-20,ADJUSTMENT,1226.04,USD,JRN-001801,6100-SERVICES,OPS,Reversal entry,POSTED
LED-0000019,INV-2026-000025,V0035,Global Engineering Limited,2026-04-21,PAYMENT,2518.64,USD,INV-2026-000025,2020-AP-SERVICES,PROC,Payment against INV-2026-000025,POSTED
LED-0000334,INV-2026-000395,V0064,Redwood Textiles Limited,2026-04-21,PAYMENT,17923.7,USD,INV-2026-000395,2010-AP-TRADE,PROC,Payment against INV-2026-000395,POSTED
LED-0000626,INV-2026-000748,V0035,Global Engineering Limited,2026-04-21,PAYMENT,11651.33,EUR,INV-2026-000748,2000-AP,LOG,Payment against INV-2026-000748,POSTED
LED-0000964,INV-2026-001122,V0016,Zenith Holdings Incorporated,2026-04-21,PAYMENT,12137.59,USD,INV-2026-001122,2010-AP-TRADE,OPS,Payment against INV-2026-001122,POSTED
LED-0001030,INV-2026-001197,V0076,Royal Services Incorporated,2026-04-21,PAYMENT,509191.02,LKR,INV-2026-001197,2000-AP,HR,Payment against INV-2026-001197,POSTED
LED-0001198,INV-2026-001400,V0023,Metro Consulting Corporation,2026-04-21,PAYMENT,8859.21,GBP,INV-2026-001400,2020-AP-SERVICES,LOG,Payment against INV-2026-001400,POSTED
LED-0001350,INV-2026-001581,V0073,Crescent Logistics Corporation,2026-04-21,PAYMENT,4447.08,USD,INV-2026-001581,2010-AP-TRADE,LOG,Payment against INV-2026-001581,POSTED
LED-0001525,INV-2026-001787,V0013,Delta Solutions Corporation,2026-04-21,PAYMENT,7797.94,USD,INV-2026-001787,2000-AP,LOG,Payment against INV-2026-001787,POSTED
LED-0001681,INV-2026-001973,V0038,Insight Services Limited,2026-04-21,PAYMENT,1097.78,EUR,INV-2026-001973,2020-AP-SERVICES,FIN,Payment against INV-2026-001973,POSTED
LED-0000187,INV-2026-000222,V0063,Fusion Consulting Incorporated,2026-04-22,PAYMENT,22022.35,GBP,INV-2026-000222,2010-AP-TRADE,MKT,Payment against INV-2026-000222,POSTED
LED-0000439,INV-2026-000522,V0069,Keystone Technologies Incorporated,2026-04-22,PAYMENT,10848.6,USD,INV-2026-000522,2000-AP,OPS,Payment against INV-2026-000522,POSTED
LED-0000908,INV-2026-001063,V0029,Zenith Supplies Limited,2026-04-22,PAYMENT,1853130.82,LKR,INV-2026-001063,2010-AP-TRADE,MKT,Payment against INV-2026-001063,POSTED
LED-0000993,INV-2026-001155,V0080,Vertex Textiles Corporation,2026-04-22,PAYMENT,15734.48,USD,INV-2026-001155,2000-AP,PROC,Payment against INV-2026-001155,POSTED
LED-0001103,INV-2026-001284,V0004,Delta Solutions Incorporated,2026-04-22,PAYMENT,20322.73,EUR,INV-2026-001284,2010-AP-TRADE,HR,Payment against INV-2026-001284,POSTED
LED-0001207,INV-2026-001414,V0072,Westbridge Logistics Limited,2026-04-22,PAYMENT,3287.48,USD,INV-2026-001414,2010-AP-TRADE,PROC,Payment against INV-2026-001414,POSTED
LED-0001284,INV-2026-001506,V0027,Pioneer Solutions Incorporated,2026-04-22,PAYMENT,737.54,USD,INV-2026-001506,2020-AP-SERVICES,LOG,Payment against INV-2026-001506,POSTED
LED-0001366,INV-2026-001598,V0081,Nova Textiles Corporation,2026-04-22,PAYMENT,15945.42,GBP,INV-2026-001598,2010-AP-TRADE,HR,Payment against INV-2026-001598,POSTED
LED-0001467,INV-2026-001718,V0064,Redwood Textiles Limited,2026-04-22,PAYMENT,5725.44,USD,INV-2026-001718,2010-AP-TRADE,MKT,Payment against INV-2026-001718,POSTED
LED-0001687,INV-2026-001982,V0002,Zenith Consulting Limited,2026-04-22,PAYMENT,10867.54,USD,INV-2026-001982,2020-AP-SERVICES,FIN,Payment against INV-2026-001982,POSTED
LED-0001800,,V0083,Metro Engineering Limited,2026-04-22,REVERSAL,1587.87,USD,JRN-001800,6990-ADJUSTMENTS,HR,Reversal entry,POSTED
LED-0000039,INV-2026-000048,V0061,Silverline Services Limited,2026-04-23,PAYMENT,2995.48,EUR,INV-2026-000048,2000-AP,OPS,Payment against INV-2026-000048,POSTED
LED-0000185,INV-2026-000218,V0061,Silverline Services Limited,2026-04-23,PAYMENT,6340.89,USD,INV-2026-000218,2010-AP-TRADE,IT,Payment against INV-2026-000218,POSTED
LED-0000611,INV-2026-000729,V0059,Seacrest Solutions Limited,2026-04-23,PAYMENT,22317.57,USD,INV-2026-000729,2000-AP,PROC,Payment against INV-2026-000729,POSTED
LED-0000663,INV-2026-000788,V0067,Unity Foods Corporation,2026-04-23,PAYMENT,5137.13,USD,INV-2026-000788,2020-AP-SERVICES,PROC,Payment against INV-2026-000788,POSTED
LED-0000681,INV-2026-000808,V0081,Nova Textiles Corporation,2026-04-23,PAYMENT,1754.77,EUR,INV-2026-000808,2020-AP-SERVICES,PROC,Payment against INV-2026-000808,POSTED
LED-0000702,INV-2026-000830,V0014,Delta Foods Corporation,2026-04-23,PAYMENT,2043.21,USD,INV-2026-000830,2000-AP,PROC,Payment against INV-2026-000830,POSTED
LED-0000749,INV-2026-000884,V0072,Westbridge Logistics Limited,2026-04-23,PAYMENT,17064.08,EUR,INV-2026-000884,2020-AP-SERVICES,LOG,Payment against INV-2026-000884,POSTED
LED-0000776,INV-2026-000913,V0081,Nova Textiles Corporation,2026-04-23,PAYMENT,21173.15,USD,INV-2026-000913,2000-AP,HR,Payment against INV-2026-000913,POSTED
LED-0000881,INV-2026-001034,V0059,Seacrest Solutions Limited,2026-04-23,PAYMENT,1887207.57,LKR,INV-2026-001034,2020-AP-SERVICES,HR,Payment against INV-2026-001034,POSTED
LED-0000991,INV-2026-001153,V0059,Seacrest Solutions Limited,2026-04-23,PAYMENT,16820.48,USD,INV-2026-001153,2000-AP,LOG,Payment against INV-2026-001153,POSTED
LED-0001123,INV-2026-001307,V0005,Nova Logistics Limited,2026-04-23,PAYMENT,966178.84,LKR,INV-2026-001307,2010-AP-TRADE,PROC,Payment against INV-2026-001307,POSTED
LED-0001463,INV-2026-001714,V0089,Pioneer Supplies Limited,2026-04-23,PAYMENT,827086.74,LKR,INV-2026-001714,2020-AP-SERVICES,IT,Payment against INV-2026-001714,POSTED
LED-0001570,INV-2026-001842,V0050,Keystone Trading Corporation,2026-04-23,PAYMENT,18011.41,USD,INV-2026-001842,2010-AP-TRADE,IT,Payment against INV-2026-001842,POSTED
LED-0001784,,V0040,Summit Textiles Incorporated,2026-04-23,REVERSAL,684.32,USD,JRN-001784,6200-ADMIN,IT,Vendor balance adjustment,POSTED
LED-0000168,INV-2026-000197,V0065,Pioneer Industries Incorporated,2026-04-24,PAYMENT,3346.99,EUR,INV-2026-000197,2020-AP-SERVICES,PROC,Payment against INV-2026-000197,POSTED
LED-0000172,INV-2026-000202,V0049,Seacrest Consulting Incorporated,2026-04-24,PAYMENT,22180.27,GBP,INV-2026-000202,2000-AP,MKT,Payment against INV-2026-000202,POSTED
LED-0000259,INV-2026-000306,V0074,Crescent Supplies Corporation,2026-04-24,PAYMENT,13505.72,EUR,INV-2026-000306,2010-AP-TRADE,MKT,Payment against INV-2026-000306,POSTED
LED-0000262,INV-2026-000309,V0064,Redwood Textiles Limited,2026-04-24,PAYMENT,1597047.74,LKR,INV-2026-000309,2020-AP-SERVICES,IT,Payment against INV-2026-000309,POSTED
LED-0000279,INV-2026-000330,V0076,Royal Services Incorporated,2026-04-24,PAYMENT,803.28,EUR,INV-2026-000330,2000-AP,LOG,Payment against INV-2026-000330,POSTED
LED-0000610,INV-2026-000727,V0024,Unity Foods Limited,2026-04-24,PAYMENT,874.39,GBP,INV-2026-000727,2010-AP-TRADE,OPS,Payment against INV-2026-000727,POSTED
LED-0000854,INV-2026-001006,V0082,Redwood Logistics Incorporated,2026-04-24,PAYMENT,8558.47,GBP,INV-2026-001006,2000-AP,HR,Payment against INV-2026-001006,POSTED
LED-0001027,INV-2026-001194,V0004,Delta Solutions Incorporated,2026-04-24,PAYMENT,2099.03,USD,INV-2026-001194,2000-AP,OPS,Payment against INV-2026-001194,POSTED
LED-0001049,INV-2026-001218,V0066,Jade Pharma Incorporated,2026-04-24,PAYMENT,9145.96,GBP,INV-2026-001218,2020-AP-SERVICES,FIN,Payment against INV-2026-001218,POSTED
LED-0001283,INV-2026-001505,V0086,Orbit Supplies Limited,2026-04-24,PAYMENT,21095.66,USD,INV-2026-001505,2020-AP-SERVICES,MKT,Payment against INV-2026-001505,POSTED
LED-0001287,INV-2026-001509,V0027,Pioneer Solutions Incorporated,2026-04-24,PAYMENT,8838.31,USD,INV-2026-001509,2010-AP-TRADE,LOG,Payment against INV-2026-001509,POSTED
LED-0001314,INV-2026-001538,V0072,Westbridge Logistics Limited,2026-04-24,PAYMENT,12308.77,GBP,INV-2026-001538,2020-AP-SERVICES,FIN,Payment against INV-2026-001538,POSTED
LED-0001333,INV-2026-001562,V0011,Nova Engineering Corporation,2026-04-24,PAYMENT,16543.54,USD,INV-2026-001562,2000-AP,OPS,Payment against INV-2026-001562,POSTED
LED-0001495,INV-2026-001748,V0085,Royal Holdings Limited,2026-04-24,PAYMENT,354086.62,LKR,INV-2026-001748,2010-AP-TRADE,PROC,Payment against INV-2026-001748,POSTED
LED-0001538,INV-2026-001804,V0016,Zenith Holdings Incorporated,2026-04-24,PAYMENT,19356.29,USD,INV-2026-001804,2010-AP-TRADE,FIN,Payment against INV-2026-001804,POSTED
LED-0001651,INV-2026-001938,V0010,Silverline Systems Incorporated,2026-04-24,PAYMENT,19061.4,USD,INV-2026-001938,2010-AP-TRADE,OPS,Payment against INV-2026-001938,POSTED
LED-0001677,INV-2026-001969,V0017,Delta Pharma Limited,2026-04-24,PAYMENT,18620.55,GBP,INV-2026-001969,2020-AP-SERVICES,IT,Payment against INV-2026-001969,POSTED
LED-0000116,INV-2026-000137,V0084,Harbor Industries Limited,2026-04-25,PAYMENT,17612.02,USD,INV-2026-000137,2010-AP-TRADE,HR,Payment against INV-2026-000137,POSTED
LED-0000138,INV-2026-000160,V0041,Metro Foods Limited,2026-04-25,PAYMENT,2937.2,USD,INV-2026-000160,2020-AP-SERVICES,FIN,Payment against INV-2026-000160,POSTED
LED-0000247,INV-2026-000292,V0039,Zenith Consulting Incorporated,2026-04-25,PAYMENT,12094.18,EUR,INV-2026-000292,2000-AP,PROC,Payment against INV-2026-000292,POSTED
LED-0000307,INV-2026-000362,V0057,Keystone Packaging Limited,2026-04-25,PAYMENT,9918.42,GBP,INV-2026-000362,2000-AP,HR,Payment against INV-2026-000362,POSTED
LED-0000465,INV-2026-000552,V0025,Lanka Foods Limited,2026-04-25,PAYMENT,5977.18,GBP,INV-2026-000552,2000-AP,PROC,Payment against INV-2026-000552,POSTED
LED-0000763,INV-2026-000898,V0013,Delta Solutions Corporation,2026-04-25,PAYMENT,19302.9,USD,INV-2026-000898,2010-AP-TRADE,IT,Payment against INV-2026-000898,POSTED
LED-0000806,INV-2026-000947,V0023,Metro Consulting Corporation,2026-04-25,PAYMENT,16433.69,EUR,INV-2026-000947,2020-AP-SERVICES,OPS,Payment against INV-2026-000947,POSTED
LED-0000827,INV-2026-000975,V0033,BrightPath Logistics Corporation,2026-04-25,PAYMENT,9307.89,USD,INV-2026-000975,2010-AP-TRADE,OPS,Payment against INV-2026-000975,POSTED
LED-0001119,INV-2026-001303,V0085,Royal Holdings Limited,2026-04-25,PAYMENT,415909.1,LKR,INV-2026-001303,2020-AP-SERVICES,IT,Payment against INV-2026-001303,POSTED
LED-0001250,INV-2026-001469,V0029,Zenith Supplies Limited,2026-04-25,PAYMENT,3569.32,USD,INV-2026-001469,2010-AP-TRADE,FIN,Payment against INV-2026-001469,POSTED
LED-0001377,INV-2026-001611,V0042,Evergreen Packaging Limited,2026-04-25,PAYMENT,21289.81,USD,INV-2026-001611,2000-AP,HR,Payment against INV-2026-001611,POSTED
LED-0001540,INV-2026-001806,V0076,Royal Services Incorporated,2026-04-25,PAYMENT,2067.41,USD,INV-2026-001806,2020-AP-SERVICES,LOG,Payment against INV-2026-001806,POSTED
LED-0001688,INV-2026-001983,V0045,Nova Solutions Corporation,2026-04-25,PAYMENT,23415.87,USD,INV-2026-001983,2020-AP-SERVICES,MKT,Payment against INV-2026-001983,POSTED
LED-0001818,,V0001,Unity Trading Limited,2026-04-25,ACCRUAL,2827.83,USD,JRN-001818,6200-ADMIN,IT,Reversal entry,POSTED
LED-0000426,INV-2026-000505,V0031,Pioneer Supplies Incorporated,2026-04-26,PAYMENT,6940.76,EUR,INV-2026-000505,2000-AP,FIN,Payment against INV-2026-000505,POSTED
LED-0000518,INV-2026-000613,V0006,Crescent Industries Limited,2026-04-26,PAYMENT,16144.15,EUR,INV-2026-000613,2000-AP,FIN,Payment against INV-2026-000613,POSTED
LED-0000569,INV-2026-000671,V0059,Seacrest Solutions Limited,2026-04-26,PAYMENT,19525.78,GBP,INV-2026-000671,2000-AP,MKT,Payment against INV-2026-000671,POSTED
LED-0000688,INV-2026-000815,V0056,Silverline Technologies Incorporated,2026-04-26,PAYMENT,21497.1,USD,INV-2026-000815,2000-AP,FIN,Payment against INV-2026-000815,POSTED
LED-0000723,INV-2026-000854,V0009,Orbit Consulting Limited,2026-04-26,PAYMENT,2811.5,USD,INV-2026-000854,2020-AP-SERVICES,PROC,Payment against INV-2026-000854,POSTED
LED-0000839,INV-2026-000989,V0018,Royal Networks Incorporated,2026-04-26,PAYMENT,18010.25,GBP,INV-2026-000989,2000-AP,HR,Payment against INV-2026-000989,POSTED
LED-0000844,INV-2026-000996,V0067,Unity Foods Corporation,2026-04-26,PAYMENT,12640.08,USD,INV-2026-000996,2000-AP,FIN,Payment against INV-2026-000996,POSTED
LED-0001096,INV-2026-001276,V0081,Nova Textiles Corporation,2026-04-26,PAYMENT,1924.52,EUR,INV-2026-001276,2010-AP-TRADE,IT,Payment against INV-2026-001276,POSTED
LED-0001227,INV-2026-001438,V0003,Harbor Services Incorporated,2026-04-26,PAYMENT,14483.74,USD,INV-2026-001438,2000-AP,HR,Payment against INV-2026-001438,POSTED
LED-0001679,INV-2026-001971,V0001,Unity Trading Limited,2026-04-26,PAYMENT,15036.71,USD,INV-2026-001971,2010-AP-TRADE,HR,Payment against INV-2026-001971,POSTED
LED-0000135,INV-2026-000157,V0034,Metro Consulting Limited,2026-04-27,PAYMENT,12408.0,USD,INV-2026-000157,2010-AP-TRADE,LOG,Payment against INV-2026-000157,POSTED
LED-0000139,INV-2026-000161,V0016,Zenith Holdings Incorporated,2026-04-27,PAYMENT,2920.65,USD,INV-2026-000161,2010-AP-TRADE,MKT,Payment against INV-2026-000161,POSTED
LED-0000209,INV-2026-000247,V0051,Nova Systems Corporation,2026-04-27,PAYMENT,15329.34,GBP,INV-2026-000247,2000-AP,HR,Payment against INV-2026-000247,POSTED
LED-0000310,INV-2026-000366,V0065,Pioneer Industries Incorporated,2026-04-27,PAYMENT,785.8,GBP,INV-2026-000366,2000-AP,HR,Payment against INV-2026-000366,POSTED
LED-0000676,INV-2026-000803,V0057,Keystone Packaging Limited,2026-04-27,PAYMENT,20043.55,USD,INV-2026-000803,2010-AP-TRADE,MKT,Payment against INV-2026-000803,POSTED
LED-0001002,INV-2026-001166,V0074,Crescent Supplies Corporation,2026-04-27,PAYMENT,18040.6,EUR,INV-2026-001166,2020-AP-SERVICES,PROC,Payment against INV-2026-001166,POSTED
LED-0001016,INV-2026-001180,V0077,Pioneer Packaging Limited,2026-04-27,PAYMENT,21106.92,USD,INV-2026-001180,2020-AP-SERVICES,HR,Payment against INV-2026-001180,POSTED
LED-0001285,INV-2026-001507,V0009,Orbit Consulting Limited,2026-04-27,PAYMENT,13204.36,USD,INV-2026-001507,2020-AP-SERVICES,HR,Payment against INV-2026-001507,POSTED
LED-0001355,INV-2026-001586,V0009,Orbit Consulting Limited,2026-04-27,PAYMENT,3223.73,USD,INV-2026-001586,2010-AP-TRADE,IT,Payment against INV-2026-001586,POSTED
LED-0001426,INV-2026-001669,V0001,Unity Trading Limited,2026-04-27,PAYMENT,1438407.04,LKR,INV-2026-001669,2010-AP-TRADE,OPS,Payment against INV-2026-001669,POSTED
LED-0001694,INV-2026-001992,V0036,Unity Packaging Corporation,2026-04-27,PAYMENT,1630.76,EUR,INV-2026-001992,2000-AP,LOG,Payment against INV-2026-001992,POSTED
LED-0000206,INV-2026-000243,V0056,Silverline Technologies Incorporated,2026-04-28,PAYMENT,9746.52,USD,INV-2026-000243,2020-AP-SERVICES,FIN,Payment against INV-2026-000243,POSTED
LED-0000306,INV-2026-000361,V0040,Summit Textiles Incorporated,2026-04-28,PAYMENT,1399961.12,LKR,INV-2026-000361,2020-AP-SERVICES,OPS,Payment against INV-2026-000361,POSTED
LED-0000315,INV-2026-000373,V0009,Orbit Consulting Limited,2026-04-28,PAYMENT,7110.42,GBP,INV-2026-000373,2000-AP,PROC,Payment against INV-2026-000373,POSTED
LED-0000571,INV-2026-000674,V0056,Silverline Technologies Incorporated,2026-04-28,PAYMENT,2455.47,GBP,INV-2026-000674,2010-AP-TRADE,IT,Payment against INV-2026-000674,POSTED
LED-0000771,INV-2026-000907,V0041,Metro Foods Limited,2026-04-28,PAYMENT,1536639.48,LKR,INV-2026-000907,2010-AP-TRADE,OPS,Payment against INV-2026-000907,POSTED
LED-0000810,INV-2026-000952,V0041,Metro Foods Limited,2026-04-28,PAYMENT,3689.77,USD,INV-2026-000952,2010-AP-TRADE,IT,Payment against INV-2026-000952,POSTED
LED-0001259,INV-2026-001478,V0077,Pioneer Packaging Limited,2026-04-28,PAYMENT,4173.87,GBP,INV-2026-001478,2020-AP-SERVICES,OPS,Payment against INV-2026-001478,POSTED
LED-0001365,INV-2026-001597,V0048,Zenith Trading Incorporated,2026-04-28,PAYMENT,2936.39,USD,INV-2026-001597,2010-AP-TRADE,PROC,Payment against INV-2026-001597,POSTED
LED-0001392,INV-2026-001627,V0061,Silverline Services Limited,2026-04-28,PAYMENT,7070.68,USD,INV-2026-001627,2000-AP,FIN,Payment against INV-2026-001627,POSTED
LED-0001504,INV-2026-001758,V0030,Orbit Pharma Corporation,2026-04-28,PAYMENT,12380.98,EUR,INV-2026-001758,2010-AP-TRADE,FIN,Payment against INV-2026-001758,POSTED
LED-0001176,INV-2026-001375,V0036,Unity Packaging Corporation,2026-04-29,PAYMENT,15788.46,EUR,INV-2026-001375,2020-AP-SERVICES,LOG,Payment against INV-2026-001375,POSTED
LED-0001191,INV-2026-001392,V0003,Harbor Services Incorporated,2026-04-29,PAYMENT,4006.56,GBP,INV-2026-001392,2020-AP-SERVICES,IT,Payment against INV-2026-001392,POSTED
LED-0001252,INV-2026-001471,V0005,Nova Logistics Limited,2026-04-29,PAYMENT,11024.04,USD,INV-2026-001471,2010-AP-TRADE,HR,Payment against INV-2026-001471,POSTED
LED-0001422,INV-2026-001665,V0074,Crescent Supplies Corporation,2026-04-29,PAYMENT,22790.07,USD,INV-2026-001665,2010-AP-TRADE,LOG,Payment against INV-2026-001665,POSTED
LED-0001470,INV-2026-001721,V0049,Seacrest Consulting Incorporated,2026-04-29,PAYMENT,19681.92,EUR,INV-2026-001721,2000-AP,LOG,Payment against INV-2026-001721,POSTED
LED-0000052,INV-2026-000063,V0037,Seacrest Holdings Limited,2026-04-30,PAYMENT,850583.99,LKR,INV-2026-000063,2000-AP,OPS,Payment against INV-2026-000063,POSTED
LED-0000063,INV-2026-000075,V0012,Evergreen Industries Corporation,2026-04-30,PAYMENT,1215.54,USD,INV-2026-000075,2000-AP,MKT,Payment against INV-2026-000075,POSTED
LED-0000373,INV-2026-000436,V0043,Silverline Logistics Limited,2026-04-30,PAYMENT,5132.1,USD,INV-2026-000436,2020-AP-SERVICES,MKT,Payment against INV-2026-000436,POSTED
LED-0000563,INV-2026-000665,V0035,Global Engineering Limited,2026-04-30,PAYMENT,17355.65,USD,INV-2026-000665,2000-AP,MKT,Payment against INV-2026-000665,POSTED
LED-0001065,INV-2026-001238,V0087,Orbit Trading Limited,2026-04-30,PAYMENT,12778.84,USD,INV-2026-001238,2010-AP-TRADE,IT,Payment against INV-2026-001238,POSTED
LED-0001094,INV-2026-001274,V0010,Silverline Systems Incorporated,2026-04-30,PAYMENT,17265.7,GBP,INV-2026-001274,2000-AP,MKT,Payment against INV-2026-001274,POSTED
LED-0001222,INV-2026-001433,V0011,Nova Engineering Corporation,2026-04-30,PAYMENT,8086.7,USD,INV-2026-001433,2010-AP-TRADE,PROC,Payment against INV-2026-001433,POSTED
LED-0001271,INV-2026-001492,V0082,Redwood Logistics Incorporated,2026-04-30,PAYMENT,8061.81,EUR,INV-2026-001492,2010-AP-TRADE,FIN,Payment against INV-2026-001492,POSTED
LED-0001297,INV-2026-001519,V0019,Titan Foods Incorporated,2026-04-30,PAYMENT,8757.81,EUR,INV-2026-001519,2010-AP-TRADE,IT,Payment against INV-2026-001519,POSTED
LED-0001444,INV-2026-001691,V0039,Zenith Consulting Incorporated,2026-04-30,PAYMENT,686572.64,LKR,INV-2026-001691,2020-AP-SERVICES,PROC,Payment against INV-2026-001691,POSTED
LED-0001482,INV-2026-001734,V0018,Royal Networks Incorporated,2026-04-30,PAYMENT,1312.68,USD,INV-2026-001734,2010-AP-TRADE,PROC,Payment against INV-2026-001734,POSTED
LED-0001586,INV-2026-001858,V0038,Insight Services Limited,2026-04-30,PAYMENT,21425.34,USD,INV-2026-001858,2020-AP-SERVICES,FIN,Payment against INV-2026-001858,POSTED
LED-0000031,INV-2026-000039,V0012,Evergreen Industries Corporation,2026-05-01,PAYMENT,22445.52,EUR,INV-2026-000039,2020-AP-SERVICES,IT,Payment against INV-2026-000039,POSTED
LED-0001212,INV-2026-001422,V0013,Delta Solutions Corporation,2026-05-01,PAYMENT,7431.57,USD,INV-2026-001422,2010-AP-TRADE,HR,Payment against INV-2026-001422,POSTED
LED-0001471,INV-2026-001722,V0058,Harbor Logistics Limited,2026-05-01,PAYMENT,2369.06,USD,INV-2026-001722,2010-AP-TRADE,MKT,Payment against INV-2026-001722,POSTED
LED-0000046,INV-2026-000057,V0038,Insight Services Limited,2026-05-02,PAYMENT,3466.02,USD,INV-2026-000057,2000-AP,PROC,Payment against INV-2026-000057,POSTED
LED-0001803,,V0074,Crescent Supplies Corporation,2026-05-02,ADJUSTMENT,3278.43,USD,JRN-001803,6200-ADMIN,FIN,Manual adjustment,POSTED
LED-0000042,INV-2026-000051,V0090,Nova Packaging Corporation,2026-05-03,PAYMENT,5239.54,USD,INV-2026-000051,2020-AP-SERVICES,PROC,Payment against INV-2026-000051,POSTED
LED-0000260,INV-2026-000307,V0006,Crescent Industries Limited,2026-05-03,PAYMENT,18723.66,USD,INV-2026-000307,2010-AP-TRADE,LOG,Payment against INV-2026-000307,POSTED
LED-0000515,INV-2026-000610,V0078,Northstar Packaging Corporation,2026-05-03,PAYMENT,18332.16,EUR,INV-2026-000610,2020-AP-SERVICES,LOG,Payment against INV-2026-000610,POSTED
LED-0000693,INV-2026-000820,V0049,Seacrest Consulting Incorporated,2026-05-03,PAYMENT,8617.54,GBP,INV-2026-000820,2000-AP,FIN,Payment against INV-2026-000820,POSTED
LED-0001242,INV-2026-001458,V0008,Global Textiles Limited,2026-05-03,PAYMENT,1649073.62,LKR,INV-2026-001458,2010-AP-TRADE,PROC,Payment against INV-2026-001458,POSTED
LED-0001289,INV-2026-001511,V0078,Northstar Packaging Corporation,2026-05-03,PAYMENT,3916.71,USD,INV-2026-001511,2010-AP-TRADE,OPS,Payment against INV-2026-001511,POSTED
LED-0001381,INV-2026-001615,V0069,Keystone Technologies Incorporated,2026-05-03,PAYMENT,6870.96,USD,INV-2026-001615,2010-AP-TRADE,OPS,Payment against INV-2026-001615,POSTED
LED-0001576,INV-2026-001848,V0039,Zenith Consulting Incorporated,2026-05-03,PAYMENT,21197.51,USD,INV-2026-001848,2000-AP,MKT,Payment against INV-2026-001848,POSTED
LED-0001580,INV-2026-001852,V0013,Delta Solutions Corporation,2026-05-03,PAYMENT,20225.16,USD,INV-2026-001852,2020-AP-SERVICES,OPS,Payment against INV-2026-001852,POSTED
LED-0001634,INV-2026-001916,V0050,Keystone Trading Corporation,2026-05-03,PAYMENT,7744.64,USD,INV-2026-001916,2000-AP,FIN,Payment against INV-2026-001916,POSTED
LED-0001740,,V0064,Redwood Textiles Limited,2026-05-03,ADJUSTMENT,1547.11,USD,JRN-001740,6100-SERVICES,OPS,Month-end accrual,POSTED
LED-0001793,,V0029,Zenith Supplies Limited,2026-05-03,REVERSAL,4869.15,EUR,JRN-001793,6200-ADMIN,MKT,Reversal entry,POSTED
LED-0000782,INV-2026-000921,V0029,Zenith Supplies Limited,2026-05-04,PAYMENT,4356.62,USD,INV-2026-000921,2010-AP-TRADE,PROC,Payment against INV-2026-000921,POSTED
LED-0000939,INV-2026-001095,V0063,Fusion Consulting Incorporated,2026-05-04,PAYMENT,2757.88,USD,INV-2026-001095,2010-AP-TRADE,LOG,Payment against INV-2026-001095,POSTED
LED-0001330,INV-2026-001558,V0063,Fusion Consulting Incorporated,2026-05-04,PAYMENT,960761.49,LKR,INV-2026-001558,2020-AP-SERVICES,OPS,Payment against INV-2026-001558,POSTED
LED-0001506,INV-2026-001762,V0031,Pioneer Supplies Incorporated,2026-05-04,PAYMENT,18958.06,EUR,INV-2026-001762,2000-AP,FIN,Payment against INV-2026-001762,POSTED
LED-0001632,INV-2026-001914,V0086,Orbit Supplies Limited,2026-05-04,PAYMENT,3272.83,USD,INV-2026-001914,2010-AP-TRADE,OPS,Payment against INV-2026-001914,POSTED
LED-0000093,INV-2026-000112,V0021,Vertex Supplies Corporation,2026-05-05,PAYMENT,8447.59,USD,INV-2026-000112,2020-AP-SERVICES,PROC,Payment against INV-2026-000112,POSTED
LED-0000261,INV-2026-000308,V0002,Zenith Consulting Limited,2026-05-05,PAYMENT,12234.76,USD,INV-2026-000308,2020-AP-SERVICES,OPS,Payment against INV-2026-000308,POSTED
LED-0000322,INV-2026-000381,V0039,Zenith Consulting Incorporated,2026-05-05,PAYMENT,1712123.55,LKR,INV-2026-000381,2020-AP-SERVICES,HR,Payment against INV-2026-000381,POSTED
LED-0000919,INV-2026-001075,V0087,Orbit Trading Limited,2026-05-05,PAYMENT,1538667.47,LKR,INV-2026-001075,2020-AP-SERVICES,HR,Payment against INV-2026-001075,POSTED
LED-0000970,INV-2026-001131,V0018,Royal Networks Incorporated,2026-05-05,PAYMENT,19233.54,USD,INV-2026-001131,2010-AP-TRADE,FIN,Payment against INV-2026-001131,POSTED
LED-0001326,INV-2026-001553,V0013,Delta Solutions Corporation,2026-05-05,PAYMENT,89143.78,LKR,INV-2026-001553,2000-AP,MKT,Payment against INV-2026-001553,POSTED
LED-0001327,INV-2026-001554,V0045,Nova Solutions Corporation,2026-05-05,PAYMENT,8986.62,USD,INV-2026-001554,2000-AP,PROC,Payment against INV-2026-001554,POSTED
LED-0001561,INV-2026-001832,V0002,Zenith Consulting Limited,2026-05-05,PAYMENT,14277.16,USD,INV-2026-001832,2010-AP-TRADE,FIN,Payment against INV-2026-001832,POSTED
LED-0000122,INV-2026-000144,V0058,Harbor Logistics Limited,2026-05-06,PAYMENT,17583.64,USD,INV-2026-000144,2020-AP-SERVICES,OPS,Payment against INV-2026-000144,POSTED
LED-0000203,INV-2026-000239,V0057,Keystone Packaging Limited,2026-05-06,PAYMENT,2754.24,USD,INV-2026-000239,2000-AP,LOG,Payment against INV-2026-000239,POSTED
LED-0000333,INV-2026-000394,V0018,Royal Networks Incorporated,2026-05-06,PAYMENT,14409.07,EUR,INV-2026-000394,2000-AP,MKT,Payment against INV-2026-000394,POSTED
LED-0000481,INV-2026-000573,V0015,Titan Consulting Limited,2026-05-06,PAYMENT,572.23,USD,INV-2026-000573,2000-AP,LOG,Payment against INV-2026-000573,POSTED
LED-0000903,INV-2026-001057,V0076,Royal Services Incorporated,2026-05-06,PAYMENT,16076.06,USD,INV-2026-001057,2010-AP-TRADE,OPS,Payment against INV-2026-001057,POSTED
LED-0000940,INV-2026-001096,V0043,Silverline Logistics Limited,2026-05-06,PAYMENT,17943.12,GBP,INV-2026-001096,2020-AP-SERVICES,PROC,Payment against INV-2026-001096,POSTED
LED-0001023,INV-2026-001189,V0064,Redwood Textiles Limited,2026-05-06,PAYMENT,2121.35,USD,INV-2026-001189,2020-AP-SERVICES,HR,Payment against INV-2026-001189,POSTED
LED-0001087,INV-2026-001265,V0036,Unity Packaging Corporation,2026-05-06,PAYMENT,21633.25,USD,INV-2026-001265,2010-AP-TRADE,HR,Payment against INV-2026-001265,POSTED
LED-0001466,INV-2026-001717,V0027,Pioneer Solutions Incorporated,2026-05-06,PAYMENT,13027.36,EUR,INV-2026-001717,2010-AP-TRADE,HR,Payment against INV-2026-001717,POSTED
LED-0001489,INV-2026-001742,V0004,Delta Solutions Incorporated,2026-05-06,PAYMENT,1806.67,EUR,INV-2026-001742,2020-AP-SERVICES,OPS,Payment against INV-2026-001742,POSTED
LED-0001524,INV-2026-001785,V0018,Royal Networks Incorporated,2026-05-06,PAYMENT,2949.23,USD,INV-2026-001785,2020-AP-SERVICES,HR,Payment against INV-2026-001785,POSTED
LED-0001776,,V0072,Westbridge Logistics Limited,2026-05-06,ACCRUAL,267767.35,LKR,JRN-001776,6990-ADJUSTMENTS,OPS,Vendor balance adjustment,POSTED
LED-0000136,INV-2026-000158,V0083,Metro Engineering Limited,2026-05-07,PAYMENT,19018.3,USD,INV-2026-000158,2000-AP,HR,Payment against INV-2026-000158,POSTED
LED-0000421,INV-2026-000499,V0026,Vertex Consulting Incorporated,2026-05-07,PAYMENT,3221.19,USD,INV-2026-000499,2020-AP-SERVICES,PROC,Payment against INV-2026-000499,POSTED
LED-0000632,INV-2026-000754,V0062,Vertex Packaging Incorporated,2026-05-07,PAYMENT,2670.82,USD,INV-2026-000754,2020-AP-SERVICES,IT,Payment against INV-2026-000754,POSTED
LED-0000742,INV-2026-000876,V0008,Global Textiles Limited,2026-05-07,PAYMENT,10209.09,GBP,INV-2026-000876,2010-AP-TRADE,IT,Payment against INV-2026-000876,POSTED
LED-0000984,INV-2026-001145,V0025,Lanka Foods Limited,2026-05-07,PAYMENT,7194.05,GBP,INV-2026-001145,2010-AP-TRADE,HR,Payment against INV-2026-001145,POSTED
LED-0000992,INV-2026-001154,V0006,Crescent Industries Limited,2026-05-07,PAYMENT,9489.32,USD,INV-2026-001154,2010-AP-TRADE,OPS,Payment against INV-2026-001154,POSTED
LED-0001635,INV-2026-001917,V0030,Orbit Pharma Corporation,2026-05-07,PAYMENT,14797.82,EUR,INV-2026-001917,2010-AP-TRADE,PROC,Payment against INV-2026-001917,POSTED
LED-0001637,INV-2026-001919,V0048,Zenith Trading Incorporated,2026-05-07,PAYMENT,10079.28,GBP,INV-2026-001919,2010-AP-TRADE,PROC,Payment against INV-2026-001919,POSTED
LED-0000246,INV-2026-000291,V0011,Nova Engineering Corporation,2026-05-08,PAYMENT,13855.38,EUR,INV-2026-000291,2020-AP-SERVICES,MKT,Payment against INV-2026-000291,POSTED
LED-0000377,INV-2026-000441,V0088,Unity Technologies Limited,2026-05-08,PAYMENT,12756.45,USD,INV-2026-000441,2000-AP,MKT,Payment against INV-2026-000441,POSTED
LED-0000650,INV-2026-000774,V0018,Royal Networks Incorporated,2026-05-08,PAYMENT,17604.82,USD,INV-2026-000774,2010-AP-TRADE,LOG,Payment against INV-2026-000774,POSTED
LED-0000785,INV-2026-000924,V0080,Vertex Textiles Corporation,2026-05-08,PAYMENT,8995.55,GBP,INV-2026-000924,2010-AP-TRADE,IT,Payment against INV-2026-000924,POSTED
LED-0000801,INV-2026-000942,V0031,Pioneer Supplies Incorporated,2026-05-08,PAYMENT,4055.63,GBP,INV-2026-000942,2000-AP,IT,Payment against INV-2026-000942,POSTED
LED-0000848,INV-2026-001000,V0051,Nova Systems Corporation,2026-05-08,PAYMENT,10228.74,USD,INV-2026-001000,2000-AP,MKT,Payment against INV-2026-001000,POSTED
LED-0000893,INV-2026-001046,V0060,Zenith Packaging Limited,2026-05-08,PAYMENT,14153.97,GBP,INV-2026-001046,2020-AP-SERVICES,IT,Payment against INV-2026-001046,POSTED
LED-0000907,INV-2026-001062,V0012,Evergreen Industries Corporation,2026-05-08,PAYMENT,564674.68,LKR,INV-2026-001062,2010-AP-TRADE,IT,Payment against INV-2026-001062,POSTED
LED-0000910,INV-2026-001065,V0022,Crescent Supplies Limited,2026-05-08,PAYMENT,8238.8,USD,INV-2026-001065,2000-AP,LOG,Payment against INV-2026-001065,POSTED
LED-0001104,INV-2026-001285,V0050,Keystone Trading Corporation,2026-05-08,PAYMENT,16171.98,USD,INV-2026-001285,2020-AP-SERVICES,HR,Payment against INV-2026-001285,POSTED
LED-0001296,INV-2026-001518,V0081,Nova Textiles Corporation,2026-05-08,PAYMENT,6502.93,EUR,INV-2026-001518,2020-AP-SERVICES,HR,Payment against INV-2026-001518,POSTED
LED-0000043,INV-2026-000052,V0049,Seacrest Consulting Incorporated,2026-05-09,PAYMENT,19300.71,USD,INV-2026-000052,2020-AP-SERVICES,MKT,Payment against INV-2026-000052,POSTED
LED-0000205,INV-2026-000242,V0088,Unity Technologies Limited,2026-05-09,PAYMENT,5903.4,USD,INV-2026-000242,2020-AP-SERVICES,IT,Payment against INV-2026-000242,POSTED
LED-0000240,INV-2026-000284,V0011,Nova Engineering Corporation,2026-05-09,PAYMENT,8639.21,USD,INV-2026-000284,2020-AP-SERVICES,PROC,Payment against INV-2026-000284,POSTED
LED-0000427,INV-2026-000506,V0090,Nova Packaging Corporation,2026-05-09,PAYMENT,897787.42,LKR,INV-2026-000506,2020-AP-SERVICES,FIN,Payment against INV-2026-000506,POSTED
LED-0001210,INV-2026-001418,V0031,Pioneer Supplies Incorporated,2026-05-09,PAYMENT,10088.94,USD,INV-2026-001418,2000-AP,PROC,Payment against INV-2026-001418,POSTED
LED-0001458,INV-2026-001707,V0047,Insight Technologies Incorporated,2026-05-09,PAYMENT,5153.62,EUR,INV-2026-001707,2010-AP-TRADE,PROC,Payment against INV-2026-001707,POSTED
LED-0001477,INV-2026-001729,V0090,Nova Packaging Corporation,2026-05-09,PAYMENT,12461.37,GBP,INV-2026-001729,2010-AP-TRADE,LOG,Payment against INV-2026-001729,POSTED
LED-0001626,INV-2026-001907,V0007,Quantum Technologies Incorporated,2026-05-09,PAYMENT,415397.75,LKR,INV-2026-001907,2020-AP-SERVICES,LOG,Payment against INV-2026-001907,POSTED
LED-0001702,,V0083,Metro Engineering Limited,2026-05-09,REVERSAL,4305.29,USD,JRN-001702,6990-ADJUSTMENTS,HR,Prior-period correction,POSTED
LED-0000036,INV-2026-000045,V0027,Pioneer Solutions Incorporated,2026-05-10,PAYMENT,20418.35,USD,INV-2026-000045,2010-AP-TRADE,IT,Payment against INV-2026-000045,POSTED
LED-0000073,INV-2026-000086,V0033,BrightPath Logistics Corporation,2026-05-10,PAYMENT,18468.94,GBP,INV-2026-000086,2010-AP-TRADE,IT,Payment against INV-2026-000086,POSTED
LED-0000074,INV-2026-000087,V0013,Delta Solutions Corporation,2026-05-10,PAYMENT,1509.29,EUR,INV-2026-000087,2010-AP-TRADE,IT,Payment against INV-2026-000087,POSTED
LED-0000484,INV-2026-000577,V0084,Harbor Industries Limited,2026-05-10,PAYMENT,12071.14,USD,INV-2026-000577,2000-AP,HR,Payment against INV-2026-000577,POSTED
LED-0000817,INV-2026-000963,V0069,Keystone Technologies Incorporated,2026-05-10,PAYMENT,2621.69,USD,INV-2026-000963,2000-AP,OPS,Payment against INV-2026-000963,POSTED
LED-0000871,INV-2026-001023,V0006,Crescent Industries Limited,2026-05-10,PAYMENT,13400.69,USD,INV-2026-001023,2000-AP,HR,Payment against INV-2026-001023,POSTED
LED-0000929,INV-2026-001085,V0065,Pioneer Industries Incorporated,2026-05-10,PAYMENT,19158.65,USD,INV-2026-001085,2000-AP,OPS,Payment against INV-2026-001085,POSTED
LED-0001105,INV-2026-001286,V0079,Global Trading Limited,2026-05-10,PAYMENT,6941.34,USD,INV-2026-001286,2020-AP-SERVICES,IT,Payment against INV-2026-001286,POSTED
LED-0001260,INV-2026-001479,V0039,Zenith Consulting Incorporated,2026-05-10,PAYMENT,8144.25,USD,INV-2026-001479,2020-AP-SERVICES,HR,Payment against INV-2026-001479,POSTED
LED-0001265,INV-2026-001486,V0046,Metro Holdings Incorporated,2026-05-10,PAYMENT,9432.41,USD,INV-2026-001486,2010-AP-TRADE,MKT,Payment against INV-2026-001486,POSTED
LED-0001272,INV-2026-001493,V0010,Silverline Systems Incorporated,2026-05-10,PAYMENT,324750.86,LKR,INV-2026-001493,2010-AP-TRADE,FIN,Payment against INV-2026-001493,POSTED
LED-0001276,INV-2026-001497,V0034,Metro Consulting Limited,2026-05-10,PAYMENT,18661.7,GBP,INV-2026-001497,2000-AP,HR,Payment against INV-2026-001497,POSTED
LED-0001307,INV-2026-001531,V0047,Insight Technologies Incorporated,2026-05-10,PAYMENT,2629.42,EUR,INV-2026-001531,2010-AP-TRADE,IT,Payment against INV-2026-001531,POSTED
LED-0001689,INV-2026-001984,V0070,Royal Supplies Incorporated,2026-05-10,PAYMENT,6194.34,GBP,INV-2026-001984,2000-AP,LOG,Payment against INV-2026-001984,POSTED
LED-0001774,,V0075,Vertex Packaging Limited,2026-05-10,REVERSAL,1685.89,GBP,JRN-001774,6200-ADMIN,FIN,Month-end accrual,POSTED
LED-0000150,INV-2026-000174,V0080,Vertex Textiles Corporation,2026-05-11,PAYMENT,1369435.62,LKR,INV-2026-000174,2020-AP-SERVICES,IT,Payment against INV-2026-000174,POSTED
LED-0000388,INV-2026-000456,V0018,Royal Networks Incorporated,2026-05-11,PAYMENT,9691.61,USD,INV-2026-000456,2020-AP-SERVICES,IT,Payment against INV-2026-000456,POSTED
LED-0000442,INV-2026-000525,V0071,Harbor Technologies Limited,2026-05-11,PAYMENT,19423.12,USD,INV-2026-000525,2010-AP-TRADE,FIN,Payment against INV-2026-000525,POSTED
LED-0000494,INV-2026-000587,V0079,Global Trading Limited,2026-05-11,PAYMENT,14137.82,EUR,INV-2026-000587,2020-AP-SERVICES,PROC,Payment against INV-2026-000587,POSTED
LED-0000520,INV-2026-000617,V0069,Keystone Technologies Incorporated,2026-05-11,PAYMENT,1926915.32,LKR,INV-2026-000617,2020-AP-SERVICES,OPS,Payment against INV-2026-000617,POSTED
LED-0000583,INV-2026-000691,V0079,Global Trading Limited,2026-05-11,PAYMENT,17606.98,USD,INV-2026-000691,2020-AP-SERVICES,FIN,Payment against INV-2026-000691,POSTED
LED-0000623,INV-2026-000745,V0019,Titan Foods Incorporated,2026-05-11,PAYMENT,2813.69,GBP,INV-2026-000745,2010-AP-TRADE,OPS,Payment against INV-2026-000745,POSTED
LED-0000639,INV-2026-000762,V0015,Titan Consulting Limited,2026-05-11,PAYMENT,13020.2,USD,INV-2026-000762,2020-AP-SERVICES,LOG,Payment against INV-2026-000762,POSTED
LED-0000885,INV-2026-001038,V0063,Fusion Consulting Incorporated,2026-05-11,PAYMENT,1327019.36,LKR,INV-2026-001038,2010-AP-TRADE,HR,Payment against INV-2026-001038,POSTED
LED-0001153,INV-2026-001347,V0034,Metro Consulting Limited,2026-05-11,PAYMENT,17823.88,USD,INV-2026-001347,2010-AP-TRADE,IT,Payment against INV-2026-001347,POSTED
LED-0001376,INV-2026-001609,V0004,Delta Solutions Incorporated,2026-05-11,PAYMENT,586969.02,LKR,INV-2026-001609,2020-AP-SERVICES,FIN,Payment against INV-2026-001609,POSTED
LED-0001611,INV-2026-001890,V0022,Crescent Supplies Limited,2026-05-11,PAYMENT,13160.95,GBP,INV-2026-001890,2000-AP,FIN,Payment against INV-2026-001890,POSTED
LED-0001624,INV-2026-001905,V0032,Keystone Logistics Limited,2026-05-11,PAYMENT,7461.51,GBP,INV-2026-001905,2020-AP-SERVICES,FIN,Payment against INV-2026-001905,POSTED
LED-0000090,INV-2026-000108,V0060,Zenith Packaging Limited,2026-05-12,PAYMENT,8046.54,USD,INV-2026-000108,2020-AP-SERVICES,MKT,Payment against INV-2026-000108,POSTED
LED-0000154,INV-2026-000179,V0063,Fusion Consulting Incorporated,2026-05-12,PAYMENT,13289.74,USD,INV-2026-000179,2000-AP,IT,Payment against INV-2026-000179,POSTED
LED-0000275,INV-2026-000326,V0003,Harbor Services Incorporated,2026-05-12,PAYMENT,12039.52,USD,INV-2026-000326,2010-AP-TRADE,LOG,Payment against INV-2026-000326,POSTED
LED-0000349,INV-2026-000410,V0074,Crescent Supplies Corporation,2026-05-12,PAYMENT,1090206.96,LKR,INV-2026-000410,2000-AP,PROC,Payment against INV-2026-000410,POSTED
LED-0000455,INV-2026-000541,V0003,Harbor Services Incorporated,2026-05-12,PAYMENT,2798.48,GBP,INV-2026-000541,2020-AP-SERVICES,LOG,Payment against INV-2026-000541,POSTED
LED-0000498,INV-2026-000592,V0078,Northstar Packaging Corporation,2026-05-12,PAYMENT,14486.53,USD,INV-2026-000592,2020-AP-SERVICES,IT,Payment against INV-2026-000592,POSTED
LED-0000837,INV-2026-000986,V0002,Zenith Consulting Limited,2026-05-12,PAYMENT,5304.7,USD,INV-2026-000986,2000-AP,LOG,Payment against INV-2026-000986,POSTED
LED-0000978,INV-2026-001139,V0029,Zenith Supplies Limited,2026-05-12,PAYMENT,1723092.82,LKR,INV-2026-001139,2010-AP-TRADE,HR,Payment against INV-2026-001139,POSTED
LED-0000994,INV-2026-001157,V0038,Insight Services Limited,2026-05-12,PAYMENT,8057.69,EUR,INV-2026-001157,2010-AP-TRADE,MKT,Payment against INV-2026-001157,POSTED
LED-0001158,INV-2026-001352,V0048,Zenith Trading Incorporated,2026-05-12,PAYMENT,11112.67,USD,INV-2026-001352,2000-AP,MKT,Payment against INV-2026-001352,POSTED
LED-0001305,INV-2026-001529,V0080,Vertex Textiles Corporation,2026-05-12,PAYMENT,2659.22,USD,INV-2026-001529,2010-AP-TRADE,FIN,Payment against INV-2026-001529,POSTED
LED-0001510,INV-2026-001766,V0088,Unity Technologies Limited,2026-05-12,PAYMENT,822912.46,LKR,INV-2026-001766,2000-AP,HR,Payment against INV-2026-001766,POSTED
LED-0001594,INV-2026-001869,V0062,Vertex Packaging Incorporated,2026-05-12,PAYMENT,10636.3,USD,INV-2026-001869,2010-AP-TRADE,MKT,Payment against INV-2026-001869,POSTED
LED-0001636,INV-2026-001918,V0061,Silverline Services Limited,2026-05-12,PAYMENT,17136.17,USD,INV-2026-001918,2010-AP-TRADE,PROC,Payment against INV-2026-001918,POSTED
LED-0000015,INV-2026-000018,V0067,Unity Foods Corporation,2026-05-13,PAYMENT,2025369.36,LKR,INV-2026-000018,2000-AP,MKT,Payment against INV-2026-000018,POSTED
LED-0000114,INV-2026-000135,V0009,Orbit Consulting Limited,2026-05-13,PAYMENT,4127.63,USD,INV-2026-000135,2000-AP,OPS,Payment against INV-2026-000135,POSTED
LED-0000266,INV-2026-000314,V0041,Metro Foods Limited,2026-05-13,PAYMENT,9120.83,USD,INV-2026-000314,2010-AP-TRADE,FIN,Payment against INV-2026-000314,POSTED
LED-0000408,INV-2026-000482,V0036,Unity Packaging Corporation,2026-05-13,PAYMENT,12760.22,USD,INV-2026-000482,2020-AP-SERVICES,OPS,Payment against INV-2026-000482,POSTED
LED-0000436,INV-2026-000518,V0014,Delta Foods Corporation,2026-05-13,PAYMENT,1975.72,USD,INV-2026-000518,2010-AP-TRADE,FIN,Payment against INV-2026-000518,POSTED
LED-0000472,INV-2026-000561,V0010,Silverline Systems Incorporated,2026-05-13,PAYMENT,11595.78,USD,INV-2026-000561,2020-AP-SERVICES,PROC,Payment against INV-2026-000561,POSTED
LED-0000531,INV-2026-000628,V0019,Titan Foods Incorporated,2026-05-13,PAYMENT,3806.94,USD,INV-2026-000628,2010-AP-TRADE,HR,Payment against INV-2026-000628,POSTED
LED-0001039,INV-2026-001206,V0076,Royal Services Incorporated,2026-05-13,PAYMENT,542.82,EUR,INV-2026-001206,2010-AP-TRADE,OPS,Payment against INV-2026-001206,POSTED
LED-0001099,INV-2026-001280,V0005,Nova Logistics Limited,2026-05-13,PAYMENT,4106.16,USD,INV-2026-001280,2010-AP-TRADE,LOG,Payment against INV-2026-001280,POSTED
LED-0001112,INV-2026-001295,V0035,Global Engineering Limited,2026-05-13,PAYMENT,6092.21,USD,INV-2026-001295,2010-AP-TRADE,MKT,Payment against INV-2026-001295,POSTED
LED-0001125,INV-2026-001311,V0047,Insight Technologies Incorporated,2026-05-13,PAYMENT,8174.89,GBP,INV-2026-001311,2000-AP,OPS,Payment against INV-2026-001311,POSTED
LED-0001138,INV-2026-001327,V0049,Seacrest Consulting Incorporated,2026-05-13,PAYMENT,11767.15,USD,INV-2026-001327,2000-AP,FIN,Payment against INV-2026-001327,POSTED
LED-0001163,INV-2026-001359,V0062,Vertex Packaging Incorporated,2026-05-13,PAYMENT,4982.93,EUR,INV-2026-001359,2020-AP-SERVICES,OPS,Payment against INV-2026-001359,POSTED
LED-0001542,INV-2026-001810,V0014,Delta Foods Corporation,2026-05-13,PAYMENT,14208.08,USD,INV-2026-001810,2000-AP,OPS,Payment against INV-2026-001810,POSTED
LED-0001549,INV-2026-001818,V0021,Vertex Supplies Corporation,2026-05-13,PAYMENT,1433.18,USD,INV-2026-001818,2020-AP-SERVICES,FIN,Payment against INV-2026-001818,POSTED
LED-0001550,INV-2026-001819,V0060,Zenith Packaging Limited,2026-05-13,PAYMENT,2983.09,USD,INV-2026-001819,2000-AP,OPS,Payment against INV-2026-001819,POSTED
LED-0001660,INV-2026-001947,V0077,Pioneer Packaging Limited,2026-05-13,PAYMENT,6894.81,EUR,INV-2026-001947,2020-AP-SERVICES,HR,Payment against INV-2026-001947,POSTED
LED-0000486,INV-2026-000579,V0040,Summit Textiles Incorporated,2026-05-14,PAYMENT,14918.49,USD,INV-2026-000579,2010-AP-TRADE,OPS,Payment against INV-2026-000579,POSTED
LED-0000582,INV-2026-000688,V0055,Lanka Systems Incorporated,2026-05-14,PAYMENT,2975.43,USD,INV-2026-000688,2010-AP-TRADE,MKT,Payment against INV-2026-000688,POSTED
LED-0000601,INV-2026-000713,V0055,Lanka Systems Incorporated,2026-05-14,PAYMENT,11555.56,EUR,INV-2026-000713,2020-AP-SERVICES,OPS,Payment against INV-2026-000713,POSTED
LED-0000675,INV-2026-000802,V0071,Harbor Technologies Limited,2026-05-14,PAYMENT,20708.63,GBP,INV-2026-000802,2020-AP-SERVICES,MKT,Payment against INV-2026-000802,POSTED
LED-0001017,INV-2026-001182,V0023,Metro Consulting Corporation,2026-05-14,PAYMENT,3269.86,EUR,INV-2026-001182,2010-AP-TRADE,LOG,Payment against INV-2026-001182,POSTED
LED-0001075,INV-2026-001249,V0053,Pioneer Trading Incorporated,2026-05-14,PAYMENT,709.8,EUR,INV-2026-001249,2010-AP-TRADE,LOG,Payment against INV-2026-001249,POSTED
LED-0001179,INV-2026-001378,V0078,Northstar Packaging Corporation,2026-05-14,PAYMENT,18195.49,GBP,INV-2026-001378,2000-AP,MKT,Payment against INV-2026-001378,POSTED
LED-0001204,INV-2026-001409,V0087,Orbit Trading Limited,2026-05-14,PAYMENT,19418.82,USD,INV-2026-001409,2000-AP,HR,Payment against INV-2026-001409,POSTED
LED-0001229,INV-2026-001441,V0087,Orbit Trading Limited,2026-05-14,PAYMENT,875.68,USD,INV-2026-001441,2010-AP-TRADE,HR,Payment against INV-2026-001441,POSTED
LED-0001398,INV-2026-001636,V0085,Royal Holdings Limited,2026-05-14,PAYMENT,11079.33,USD,INV-2026-001636,2020-AP-SERVICES,IT,Payment against INV-2026-001636,POSTED
LED-0001516,INV-2026-001774,V0023,Metro Consulting Corporation,2026-05-14,PAYMENT,18847.28,USD,INV-2026-001774,2020-AP-SERVICES,MKT,Payment against INV-2026-001774,POSTED
LED-0000061,INV-2026-000073,V0079,Global Trading Limited,2026-05-15,PAYMENT,13842.78,USD,INV-2026-000073,2000-AP,FIN,Payment against INV-2026-000073,POSTED
LED-0000573,INV-2026-000676,V0005,Nova Logistics Limited,2026-05-15,PAYMENT,15440.81,USD,INV-2026-000676,2020-AP-SERVICES,PROC,Payment against INV-2026-000676,POSTED
LED-0000600,INV-2026-000712,V0081,Nova Textiles Corporation,2026-05-15,PAYMENT,1390320.16,LKR,INV-2026-000712,2000-AP,IT,Payment against INV-2026-000712,POSTED
LED-0000690,INV-2026-000817,V0083,Metro Engineering Limited,2026-05-15,PAYMENT,10196.68,USD,INV-2026-000817,2000-AP,PROC,Payment against INV-2026-000817,POSTED
LED-0000755,INV-2026-000890,V0053,Pioneer Trading Incorporated,2026-05-15,PAYMENT,6859.28,USD,INV-2026-000890,2000-AP,PROC,Payment against INV-2026-000890,POSTED
LED-0000869,INV-2026-001021,V0090,Nova Packaging Corporation,2026-05-15,PAYMENT,13898.85,USD,INV-2026-001021,2020-AP-SERVICES,OPS,Payment against INV-2026-001021,POSTED
LED-0000954,INV-2026-001111,V0081,Nova Textiles Corporation,2026-05-15,PAYMENT,5577.45,USD,INV-2026-001111,2000-AP,FIN,Payment against INV-2026-001111,POSTED
LED-0001209,INV-2026-001417,V0010,Silverline Systems Incorporated,2026-05-15,PAYMENT,17065.69,GBP,INV-2026-001417,2000-AP,LOG,Payment against INV-2026-001417,POSTED
LED-0001220,INV-2026-001431,V0036,Unity Packaging Corporation,2026-05-15,PAYMENT,14621.09,GBP,INV-2026-001431,2000-AP,IT,Payment against INV-2026-001431,POSTED
LED-0001232,INV-2026-001444,V0003,Harbor Services Incorporated,2026-05-15,PAYMENT,9876.25,GBP,INV-2026-001444,2020-AP-SERVICES,FIN,Payment against INV-2026-001444,POSTED
LED-0001266,INV-2026-001487,V0008,Global Textiles Limited,2026-05-15,PAYMENT,17743.85,GBP,INV-2026-001487,2000-AP,MKT,Payment against INV-2026-001487,POSTED
LED-0000072,INV-2026-000085,V0053,Pioneer Trading Incorporated,2026-05-16,PAYMENT,8389.87,USD,INV-2026-000085,2020-AP-SERVICES,OPS,Payment against INV-2026-000085,POSTED
LED-0000156,INV-2026-000181,V0011,Nova Engineering Corporation,2026-05-16,PAYMENT,5739.92,GBP,INV-2026-000181,2000-AP,MKT,Payment against INV-2026-000181,POSTED
LED-0000183,INV-2026-000216,V0027,Pioneer Solutions Incorporated,2026-05-16,PAYMENT,7034.8,EUR,INV-2026-000216,2010-AP-TRADE,LOG,Payment against INV-2026-000216,POSTED
LED-0000612,INV-2026-000730,V0061,Silverline Services Limited,2026-05-16,PAYMENT,3500.62,GBP,INV-2026-000730,2020-AP-SERVICES,PROC,Payment against INV-2026-000730,POSTED
LED-0001225,INV-2026-001436,V0078,Northstar Packaging Corporation,2026-05-16,PAYMENT,5784.06,GBP,INV-2026-001436,2010-AP-TRADE,IT,Payment against INV-2026-001436,POSTED
LED-0001290,INV-2026-001512,V0015,Titan Consulting Limited,2026-05-16,PAYMENT,8442.48,USD,INV-2026-001512,2000-AP,OPS,Payment against INV-2026-001512,POSTED
LED-0001302,INV-2026-001524,V0013,Delta Solutions Corporation,2026-05-16,PAYMENT,2211.94,EUR,INV-2026-001524,2000-AP,PROC,Payment against INV-2026-001524,POSTED
LED-0001341,INV-2026-001572,V0018,Royal Networks Incorporated,2026-05-16,PAYMENT,10474.18,GBP,INV-2026-001572,2020-AP-SERVICES,FIN,Payment against INV-2026-001572,POSTED
LED-0001354,INV-2026-001585,V0079,Global Trading Limited,2026-05-16,PAYMENT,12115.24,GBP,INV-2026-001585,2020-AP-SERVICES,PROC,Payment against INV-2026-001585,POSTED
LED-0001370,INV-2026-001602,V0051,Nova Systems Corporation,2026-05-16,PAYMENT,6646.92,USD,INV-2026-001602,2020-AP-SERVICES,MKT,Payment against INV-2026-001602,POSTED
LED-0001411,INV-2026-001654,V0089,Pioneer Supplies Limited,2026-05-16,PAYMENT,19023.01,USD,INV-2026-001654,2010-AP-TRADE,MKT,Payment against INV-2026-001654,POSTED
LED-0001462,INV-2026-001712,V0085,Royal Holdings Limited,2026-05-16,PAYMENT,7810.61,EUR,INV-2026-001712,2020-AP-SERVICES,PROC,Payment against INV-2026-001712,POSTED
LED-0001493,INV-2026-001746,V0035,Global Engineering Limited,2026-05-16,PAYMENT,5021.46,EUR,INV-2026-001746,2010-AP-TRADE,FIN,Payment against INV-2026-001746,POSTED
LED-0000055,INV-2026-000067,V0015,Titan Consulting Limited,2026-05-17,PAYMENT,15112.53,USD,INV-2026-000067,2000-AP,OPS,Payment against INV-2026-000067,POSTED
LED-0000153,INV-2026-000178,V0032,Keystone Logistics Limited,2026-05-17,PAYMENT,4957.59,USD,INV-2026-000178,2020-AP-SERVICES,PROC,Payment against INV-2026-000178,POSTED
LED-0000250,INV-2026-000296,V0065,Pioneer Industries Incorporated,2026-05-17,PAYMENT,997664.26,LKR,INV-2026-000296,2010-AP-TRADE,PROC,Payment against INV-2026-000296,POSTED
LED-0000595,INV-2026-000705,V0029,Zenith Supplies Limited,2026-05-17,PAYMENT,18663.11,USD,INV-2026-000705,2010-AP-TRADE,LOG,Payment against INV-2026-000705,POSTED
LED-0000649,INV-2026-000773,V0057,Keystone Packaging Limited,2026-05-17,PAYMENT,4290.67,USD,INV-2026-000773,2020-AP-SERVICES,HR,Payment against INV-2026-000773,POSTED
LED-0000813,INV-2026-000956,V0037,Seacrest Holdings Limited,2026-05-17,PAYMENT,19421.15,USD,INV-2026-000956,2020-AP-SERVICES,PROC,Payment against INV-2026-000956,POSTED
LED-0000847,INV-2026-000999,V0039,Zenith Consulting Incorporated,2026-05-17,PAYMENT,19358.39,USD,INV-2026-000999,2000-AP,IT,Payment against INV-2026-000999,POSTED
LED-0000914,INV-2026-001069,V0040,Summit Textiles Incorporated,2026-05-17,PAYMENT,203027.67,LKR,INV-2026-001069,2000-AP,IT,Payment against INV-2026-001069,POSTED
LED-0001060,INV-2026-001231,V0077,Pioneer Packaging Limited,2026-05-17,PAYMENT,140.01,EUR,INV-2026-001231,2020-AP-SERVICES,IT,Payment against INV-2026-001231,POSTED
LED-0001063,INV-2026-001234,V0047,Insight Technologies Incorporated,2026-05-17,PAYMENT,851295.77,LKR,INV-2026-001234,2020-AP-SERVICES,MKT,Payment against INV-2026-001234,POSTED
LED-0001231,INV-2026-001443,V0058,Harbor Logistics Limited,2026-05-17,PAYMENT,12542.27,USD,INV-2026-001443,2000-AP,HR,Payment against INV-2026-001443,POSTED
LED-0001342,INV-2026-001573,V0066,Jade Pharma Incorporated,2026-05-17,PAYMENT,1287067.2,LKR,INV-2026-001573,2020-AP-SERVICES,LOG,Payment against INV-2026-001573,POSTED
LED-0000007,INV-2026-000008,V0086,Orbit Supplies Limited,2026-05-18,PAYMENT,948095.54,LKR,INV-2026-000008,2000-AP,LOG,Payment against INV-2026-000008,POSTED
LED-0000179,INV-2026-000211,V0054,Jade Industries Limited,2026-05-18,PAYMENT,8744.63,USD,INV-2026-000211,2000-AP,MKT,Payment against INV-2026-000211,POSTED
LED-0000258,INV-2026-000305,V0084,Harbor Industries Limited,2026-05-18,PAYMENT,5965.46,USD,INV-2026-000305,2020-AP-SERVICES,MKT,Payment against INV-2026-000305,POSTED
LED-0000705,INV-2026-000833,V0012,Evergreen Industries Corporation,2026-05-18,PAYMENT,5382.07,USD,INV-2026-000833,2010-AP-TRADE,MKT,Payment against INV-2026-000833,POSTED
LED-0001013,INV-2026-001177,V0026,Vertex Consulting Incorporated,2026-05-18,PAYMENT,21291.83,USD,INV-2026-001177,2000-AP,PROC,Payment against INV-2026-001177,POSTED
LED-0001439,INV-2026-001683,V0029,Zenith Supplies Limited,2026-05-18,PAYMENT,4473.74,USD,INV-2026-001683,2000-AP,LOG,Payment against INV-2026-001683,POSTED
LED-0001555,INV-2026-001825,V0071,Harbor Technologies Limited,2026-05-18,PAYMENT,1000578.77,LKR,INV-2026-001825,2000-AP,HR,Payment against INV-2026-001825,POSTED
LED-0001606,INV-2026-001884,V0045,Nova Solutions Corporation,2026-05-18,PAYMENT,13955.27,EUR,INV-2026-001884,2020-AP-SERVICES,LOG,Payment against INV-2026-001884,POSTED
LED-0000555,INV-2026-000656,V0077,Pioneer Packaging Limited,2026-05-19,PAYMENT,1475.08,USD,INV-2026-000656,2000-AP,IT,Payment against INV-2026-000656,POSTED
LED-0000661,INV-2026-000786,V0084,Harbor Industries Limited,2026-05-19,PAYMENT,728437.97,LKR,INV-2026-000786,2000-AP,HR,Payment against INV-2026-000786,POSTED
LED-0000811,INV-2026-000953,V0011,Nova Engineering Corporation,2026-05-19,PAYMENT,10987.44,EUR,INV-2026-000953,2020-AP-SERVICES,IT,Payment against INV-2026-000953,POSTED
LED-0000858,INV-2026-001010,V0033,BrightPath Logistics Corporation,2026-05-19,PAYMENT,14531.77,EUR,INV-2026-001010,2010-AP-TRADE,MKT,Payment against INV-2026-001010,POSTED
LED-0000927,INV-2026-001083,V0051,Nova Systems Corporation,2026-05-19,PAYMENT,3307.01,USD,INV-2026-001083,2000-AP,OPS,Payment against INV-2026-001083,POSTED
LED-0001465,INV-2026-001716,V0016,Zenith Holdings Incorporated,2026-05-19,PAYMENT,9595.35,GBP,INV-2026-001716,2010-AP-TRADE,HR,Payment against INV-2026-001716,POSTED
LED-0001478,INV-2026-001730,V0054,Jade Industries Limited,2026-05-19,PAYMENT,10376.29,USD,INV-2026-001730,2010-AP-TRADE,IT,Payment against INV-2026-001730,POSTED
LED-0000151,INV-2026-000175,V0041,Metro Foods Limited,2026-05-20,PAYMENT,15231.86,USD,INV-2026-000175,2020-AP-SERVICES,PROC,Payment against INV-2026-000175,POSTED
LED-0000264,INV-2026-000312,V0067,Unity Foods Corporation,2026-05-20,PAYMENT,19494.15,USD,INV-2026-000312,2010-AP-TRADE,FIN,Payment against INV-2026-000312,POSTED
LED-0000447,INV-2026-000531,V0044,Evergreen Systems Incorporated,2026-05-20,PAYMENT,1732253.2,LKR,INV-2026-000531,2010-AP-TRADE,OPS,Payment against INV-2026-000531,POSTED
LED-0000464,INV-2026-000550,V0072,Westbridge Logistics Limited,2026-05-20,PAYMENT,1637780.23,LKR,INV-2026-000550,2020-AP-SERVICES,IT,Payment against INV-2026-000550,POSTED
LED-0000496,INV-2026-000590,V0035,Global Engineering Limited,2026-05-20,PAYMENT,13466.22,GBP,INV-2026-000590,2010-AP-TRADE,FIN,Payment against INV-2026-000590,POSTED
LED-0000931,INV-2026-001087,V0037,Seacrest Holdings Limited,2026-05-20,PAYMENT,1003007.08,LKR,INV-2026-001087,2020-AP-SERVICES,FIN,Payment against INV-2026-001087,POSTED
LED-0000937,INV-2026-001093,V0045,Nova Solutions Corporation,2026-05-20,PAYMENT,17914.71,USD,INV-2026-001093,2010-AP-TRADE,IT,Payment against INV-2026-001093,POSTED
LED-0001051,INV-2026-001220,V0022,Crescent Supplies Limited,2026-05-20,PAYMENT,2363.94,GBP,INV-2026-001220,2020-AP-SERVICES,FIN,Payment against INV-2026-001220,POSTED
LED-0001277,INV-2026-001498,V0051,Nova Systems Corporation,2026-05-20,PAYMENT,1228872.55,LKR,INV-2026-001498,2020-AP-SERVICES,LOG,Payment against INV-2026-001498,POSTED
LED-0000419,INV-2026-000496,V0041,Metro Foods Limited,2026-05-21,PAYMENT,12707.14,EUR,INV-2026-000496,2020-AP-SERVICES,OPS,Payment against INV-2026-000496,POSTED
LED-0000537,INV-2026-000636,V0010,Silverline Systems Incorporated,2026-05-21,PAYMENT,8897.05,USD,INV-2026-000636,2020-AP-SERVICES,FIN,Payment against INV-2026-000636,POSTED
LED-0000553,INV-2026-000654,V0075,Vertex Packaging Limited,2026-05-21,PAYMENT,20795.77,USD,INV-2026-000654,2020-AP-SERVICES,HR,Payment against INV-2026-000654,POSTED
LED-0000788,INV-2026-000927,V0080,Vertex Textiles Corporation,2026-05-21,PAYMENT,1426811.53,LKR,INV-2026-000927,2020-AP-SERVICES,HR,Payment against INV-2026-000927,POSTED
LED-0000852,INV-2026-001004,V0051,Nova Systems Corporation,2026-05-21,PAYMENT,7175.17,USD,INV-2026-001004,2000-AP,IT,Payment against INV-2026-001004,POSTED
LED-0000990,INV-2026-001151,V0019,Titan Foods Incorporated,2026-05-21,PAYMENT,1938670.56,LKR,INV-2026-001151,2010-AP-TRADE,HR,Payment against INV-2026-001151,POSTED
LED-0000996,INV-2026-001160,V0028,Unity Systems Incorporated,2026-05-21,PAYMENT,10530.58,USD,INV-2026-001160,2010-AP-TRADE,FIN,Payment against INV-2026-001160,POSTED
LED-0001064,INV-2026-001235,V0077,Pioneer Packaging Limited,2026-05-21,PAYMENT,16229.0,USD,INV-2026-001235,2020-AP-SERVICES,HR,Payment against INV-2026-001235,POSTED
LED-0001262,INV-2026-001481,V0009,Orbit Consulting Limited,2026-05-21,PAYMENT,20366.36,USD,INV-2026-001481,2020-AP-SERVICES,PROC,Payment against INV-2026-001481,POSTED
LED-0001559,INV-2026-001830,V0082,Redwood Logistics Incorporated,2026-05-21,PAYMENT,1308.44,GBP,INV-2026-001830,2000-AP,PROC,Payment against INV-2026-001830,POSTED
LED-0001587,INV-2026-001859,V0016,Zenith Holdings Incorporated,2026-05-21,PAYMENT,12152.49,GBP,INV-2026-001859,2000-AP,LOG,Payment against INV-2026-001859,POSTED
LED-0000025,INV-2026-000032,V0057,Keystone Packaging Limited,2026-05-22,PAYMENT,7119.6,USD,INV-2026-000032,2020-AP-SERVICES,PROC,Payment against INV-2026-000032,POSTED
LED-0000084,INV-2026-000100,V0010,Silverline Systems Incorporated,2026-05-22,PAYMENT,13592.64,USD,INV-2026-000100,2010-AP-TRADE,IT,Payment against INV-2026-000100,POSTED
LED-0000166,INV-2026-000195,V0078,Northstar Packaging Corporation,2026-05-22,PAYMENT,12142.66,GBP,INV-2026-000195,2010-AP-TRADE,PROC,Payment against INV-2026-000195,POSTED
LED-0000169,INV-2026-000198,V0075,Vertex Packaging Limited,2026-05-22,PAYMENT,8976.2,EUR,INV-2026-000198,2010-AP-TRADE,LOG,Payment against INV-2026-000198,POSTED
LED-0000176,INV-2026-000208,V0074,Crescent Supplies Corporation,2026-05-22,PAYMENT,16716.3,EUR,INV-2026-000208,2010-AP-TRADE,FIN,Payment against INV-2026-000208,POSTED
LED-0000429,INV-2026-000508,V0020,Global Solutions Limited,2026-05-22,PAYMENT,8499.83,USD,INV-2026-000508,2010-AP-TRADE,OPS,Payment against INV-2026-000508,POSTED
LED-0000512,INV-2026-000606,V0014,Delta Foods Corporation,2026-05-22,PAYMENT,15503.33,USD,INV-2026-000606,2010-AP-TRADE,PROC,Payment against INV-2026-000606,POSTED
LED-0000521,INV-2026-000618,V0087,Orbit Trading Limited,2026-05-22,PAYMENT,565.94,EUR,INV-2026-000618,2020-AP-SERVICES,IT,Payment against INV-2026-000618,POSTED
LED-0001120,INV-2026-001304,V0005,Nova Logistics Limited,2026-05-22,PAYMENT,16905.19,GBP,INV-2026-001304,2000-AP,LOG,Payment against INV-2026-001304,POSTED
LED-0001457,INV-2026-001706,V0052,Apex Consulting Incorporated,2026-05-22,PAYMENT,15374.19,USD,INV-2026-001706,2000-AP,LOG,Payment against INV-2026-001706,POSTED
LED-0001479,INV-2026-001731,V0034,Metro Consulting Limited,2026-05-22,PAYMENT,10201.42,USD,INV-2026-001731,2010-AP-TRADE,IT,Payment against INV-2026-001731,POSTED
LED-0001547,INV-2026-001816,V0089,Pioneer Supplies Limited,2026-05-22,PAYMENT,15847.23,USD,INV-2026-001816,2010-AP-TRADE,PROC,Payment against INV-2026-001816,POSTED
LED-0001582,INV-2026-001854,V0061,Silverline Services Limited,2026-05-22,PAYMENT,2244.99,EUR,INV-2026-001854,2010-AP-TRADE,OPS,Payment against INV-2026-001854,POSTED
LED-0001766,,V0017,Delta Pharma Limited,2026-05-22,REVERSAL,3155.12,USD,JRN-001766,6100-SERVICES,FIN,Manual adjustment,POSTED
LED-0001805,,V0053,Pioneer Trading Incorporated,2026-05-22,ACCRUAL,29165.84,LKR,JRN-001805,6990-ADJUSTMENTS,PROC,Month-end accrual,POSTED
LED-0000023,INV-2026-000030,V0052,Apex Consulting Incorporated,2026-05-23,PAYMENT,12633.38,EUR,INV-2026-000030,2000-AP,MKT,Payment against INV-2026-000030,POSTED
LED-0000128,INV-2026-000150,V0074,Crescent Supplies Corporation,2026-05-23,PAYMENT,1966448.62,LKR,INV-2026-000150,2020-AP-SERVICES,OPS,Payment against INV-2026-000150,POSTED
LED-0000190,INV-2026-000226,V0065,Pioneer Industries Incorporated,2026-05-23,PAYMENT,21126.43,USD,INV-2026-000226,2010-AP-TRADE,FIN,Payment against INV-2026-000226,POSTED
LED-0000379,INV-2026-000444,V0052,Apex Consulting Incorporated,2026-05-23,PAYMENT,7863.3,USD,INV-2026-000444,2020-AP-SERVICES,PROC,Payment against INV-2026-000444,POSTED
LED-0000468,INV-2026-000555,V0042,Evergreen Packaging Limited,2026-05-23,PAYMENT,1505267.74,LKR,INV-2026-000555,2010-AP-TRADE,FIN,Payment against INV-2026-000555,POSTED
LED-0000562,INV-2026-000664,V0049,Seacrest Consulting Incorporated,2026-05-23,PAYMENT,19122.71,GBP,INV-2026-000664,2000-AP,LOG,Payment against INV-2026-000664,POSTED
LED-0000640,INV-2026-000763,V0038,Insight Services Limited,2026-05-23,PAYMENT,178725.89,LKR,INV-2026-000763,2000-AP,IT,Payment against INV-2026-000763,POSTED
LED-0000654,INV-2026-000778,V0013,Delta Solutions Corporation,2026-05-23,PAYMENT,8309.16,USD,INV-2026-000778,2010-AP-TRADE,FIN,Payment against INV-2026-000778,POSTED
LED-0000659,INV-2026-000783,V0047,Insight Technologies Incorporated,2026-05-23,PAYMENT,12752.63,USD,INV-2026-000783,2000-AP,OPS,Payment against INV-2026-000783,POSTED
LED-0000707,INV-2026-000835,V0056,Silverline Technologies Incorporated,2026-05-23,PAYMENT,7257.8,USD,INV-2026-000835,2010-AP-TRADE,FIN,Payment against INV-2026-000835,POSTED
LED-0000714,INV-2026-000843,V0039,Zenith Consulting Incorporated,2026-05-23,PAYMENT,10815.13,GBP,INV-2026-000843,2000-AP,MKT,Payment against INV-2026-000843,POSTED
LED-0000850,INV-2026-001002,V0033,BrightPath Logistics Corporation,2026-05-23,PAYMENT,10051.39,USD,INV-2026-001002,2020-AP-SERVICES,OPS,Payment against INV-2026-001002,POSTED
LED-0000965,INV-2026-001123,V0024,Unity Foods Limited,2026-05-23,PAYMENT,15847.87,GBP,INV-2026-001123,2000-AP,IT,Payment against INV-2026-001123,POSTED
LED-0001038,INV-2026-001205,V0064,Redwood Textiles Limited,2026-05-23,PAYMENT,8494.2,USD,INV-2026-001205,2010-AP-TRADE,LOG,Payment against INV-2026-001205,POSTED
LED-0001071,INV-2026-001245,V0034,Metro Consulting Limited,2026-05-23,PAYMENT,3921.77,USD,INV-2026-001245,2020-AP-SERVICES,FIN,Payment against INV-2026-001245,POSTED
LED-0001261,INV-2026-001480,V0024,Unity Foods Limited,2026-05-23,PAYMENT,20562.16,USD,INV-2026-001480,2000-AP,FIN,Payment against INV-2026-001480,POSTED
LED-0001530,INV-2026-001793,V0043,Silverline Logistics Limited,2026-05-23,PAYMENT,2947.16,USD,INV-2026-001793,2000-AP,HR,Payment against INV-2026-001793,POSTED
LED-0001633,INV-2026-001915,V0068,Harbor Supplies Limited,2026-05-23,PAYMENT,6776.51,USD,INV-2026-001915,2010-AP-TRADE,MKT,Payment against INV-2026-001915,POSTED
LED-0001779,,V0025,Lanka Foods Limited,2026-05-23,ACCRUAL,1941.84,EUR,JRN-001779,6200-ADMIN,PROC,Vendor balance adjustment,POSTED
LED-0000050,INV-2026-000061,V0026,Vertex Consulting Incorporated,2026-05-24,PAYMENT,5561.0,USD,INV-2026-000061,2010-AP-TRADE,OPS,Payment against INV-2026-000061,POSTED
LED-0000670,INV-2026-000796,V0074,Crescent Supplies Corporation,2026-05-24,PAYMENT,15323.33,EUR,INV-2026-000796,2020-AP-SERVICES,IT,Payment against INV-2026-000796,POSTED
LED-0000857,INV-2026-001009,V0083,Metro Engineering Limited,2026-05-24,PAYMENT,11772.87,GBP,INV-2026-001009,2010-AP-TRADE,FIN,Payment against INV-2026-001009,POSTED
LED-0001170,INV-2026-001369,V0016,Zenith Holdings Incorporated,2026-05-24,PAYMENT,21769.55,GBP,INV-2026-001369,2020-AP-SERVICES,OPS,Payment against INV-2026-001369,POSTED
LED-0001282,INV-2026-001504,V0042,Evergreen Packaging Limited,2026-05-24,PAYMENT,19698.15,USD,INV-2026-001504,2010-AP-TRADE,HR,Payment against INV-2026-001504,POSTED
LED-0001430,INV-2026-001673,V0011,Nova Engineering Corporation,2026-05-24,PAYMENT,1821868.08,LKR,INV-2026-001673,2000-AP,HR,Payment against INV-2026-001673,POSTED
LED-0000005,INV-2026-000006,V0074,Crescent Supplies Corporation,2026-05-25,PAYMENT,20370.64,USD,INV-2026-000006,2010-AP-TRADE,LOG,Payment against INV-2026-000006,POSTED
LED-0000059,INV-2026-000071,V0039,Zenith Consulting Incorporated,2026-05-25,PAYMENT,5506.0,USD,INV-2026-000071,2020-AP-SERVICES,HR,Payment against INV-2026-000071,POSTED
LED-0000078,INV-2026-000093,V0028,Unity Systems Incorporated,2026-05-25,PAYMENT,7448.77,USD,INV-2026-000093,2010-AP-TRADE,MKT,Payment against INV-2026-000093,POSTED
LED-0000194,INV-2026-000230,V0083,Metro Engineering Limited,2026-05-25,PAYMENT,2240583.52,LKR,INV-2026-000230,2000-AP,FIN,Payment against INV-2026-000230,POSTED
LED-0000272,INV-2026-000323,V0049,Seacrest Consulting Incorporated,2026-05-25,PAYMENT,4388.56,USD,INV-2026-000323,2010-AP-TRADE,HR,Payment against INV-2026-000323,POSTED
LED-0000287,INV-2026-000338,V0078,Northstar Packaging Corporation,2026-05-25,PAYMENT,12836.18,USD,INV-2026-000338,2000-AP,OPS,Payment against INV-2026-000338,POSTED
LED-0000592,INV-2026-000702,V0075,Vertex Packaging Limited,2026-05-25,PAYMENT,3451.65,USD,INV-2026-000702,2000-AP,HR,Payment against INV-2026-000702,POSTED
LED-0000901,INV-2026-001055,V0089,Pioneer Supplies Limited,2026-05-25,PAYMENT,13996.31,USD,INV-2026-001055,2020-AP-SERVICES,PROC,Payment against INV-2026-001055,POSTED
LED-0000997,INV-2026-001161,V0028,Unity Systems Incorporated,2026-05-25,PAYMENT,21733.45,USD,INV-2026-001161,2000-AP,MKT,Payment against INV-2026-001161,POSTED
LED-0001074,INV-2026-001248,V0089,Pioneer Supplies Limited,2026-05-25,PAYMENT,15715.1,GBP,INV-2026-001248,2000-AP,HR,Payment against INV-2026-001248,POSTED
LED-0001113,INV-2026-001296,V0050,Keystone Trading Corporation,2026-05-25,PAYMENT,858672.82,LKR,INV-2026-001296,2010-AP-TRADE,FIN,Payment against INV-2026-001296,POSTED
LED-0001318,INV-2026-001542,V0067,Unity Foods Corporation,2026-05-25,PAYMENT,17779.65,USD,INV-2026-001542,2000-AP,PROC,Payment against INV-2026-001542,POSTED
LED-0001650,INV-2026-001937,V0047,Insight Technologies Incorporated,2026-05-25,PAYMENT,1876.99,EUR,INV-2026-001937,2000-AP,PROC,Payment against INV-2026-001937,POSTED
LED-0000178,INV-2026-000210,V0072,Westbridge Logistics Limited,2026-05-26,PAYMENT,22229.71,USD,INV-2026-000210,2010-AP-TRADE,OPS,Payment against INV-2026-000210,POSTED
LED-0000221,INV-2026-000259,V0021,Vertex Supplies Corporation,2026-05-26,PAYMENT,19174.24,USD,INV-2026-000259,2000-AP,FIN,Payment against INV-2026-000259,POSTED
LED-0000233,INV-2026-000277,V0087,Orbit Trading Limited,2026-05-26,PAYMENT,12527.16,USD,INV-2026-000277,2020-AP-SERVICES,HR,Payment against INV-2026-000277,POSTED
LED-0000781,INV-2026-000920,V0069,Keystone Technologies Incorporated,2026-05-26,PAYMENT,8542.97,USD,INV-2026-000920,2010-AP-TRADE,MKT,Payment against INV-2026-000920,POSTED
LED-0001228,INV-2026-001440,V0045,Nova Solutions Corporation,2026-05-26,PAYMENT,18815.06,USD,INV-2026-001440,2020-AP-SERVICES,PROC,Payment against INV-2026-001440,POSTED
LED-0001819,,V0090,Nova Packaging Corporation,2026-05-26,REVERSAL,469388.41,LKR,JRN-001819,2000-AP,HR,Vendor balance adjustment,POSTED
LED-0000002,INV-2026-000002,V0061,Silverline Services Limited,2026-05-27,PAYMENT,605692.21,LKR,INV-2026-000002,2000-AP,HR,Payment against INV-2026-000002,POSTED
LED-0000477,INV-2026-000569,V0056,Silverline Technologies Incorporated,2026-05-27,PAYMENT,2592.8,USD,INV-2026-000569,2000-AP,OPS,Payment against INV-2026-000569,POSTED
LED-0000540,INV-2026-000639,V0060,Zenith Packaging Limited,2026-05-27,PAYMENT,16461.82,USD,INV-2026-000639,2010-AP-TRADE,IT,Payment against INV-2026-000639,POSTED
LED-0000544,INV-2026-000643,V0039,Zenith Consulting Incorporated,2026-05-27,PAYMENT,13460.3,USD,INV-2026-000643,2020-AP-SERVICES,MKT,Payment against INV-2026-000643,POSTED
LED-0000708,INV-2026-000836,V0058,Harbor Logistics Limited,2026-05-27,PAYMENT,12444.93,USD,INV-2026-000836,2010-AP-TRADE,MKT,Payment against INV-2026-000836,POSTED
LED-0000758,INV-2026-000893,V0061,Silverline Services Limited,2026-05-27,PAYMENT,15187.01,USD,INV-2026-000893,2000-AP,OPS,Payment against INV-2026-000893,POSTED
LED-0000849,INV-2026-001001,V0003,Harbor Services Incorporated,2026-05-27,PAYMENT,204535.68,LKR,INV-2026-001001,2010-AP-TRADE,PROC,Payment against INV-2026-001001,POSTED
LED-0001005,INV-2026-001169,V0001,Unity Trading Limited,2026-05-27,PAYMENT,10410.55,GBP,INV-2026-001169,2000-AP,FIN,Payment against INV-2026-001169,POSTED
LED-0001010,INV-2026-001174,V0037,Seacrest Holdings Limited,2026-05-27,PAYMENT,12453.08,GBP,INV-2026-001174,2010-AP-TRADE,IT,Payment against INV-2026-001174,POSTED
LED-0001164,INV-2026-001360,V0014,Delta Foods Corporation,2026-05-27,PAYMENT,21457.47,EUR,INV-2026-001360,2000-AP,OPS,Payment against INV-2026-001360,POSTED
LED-0001273,INV-2026-001494,V0012,Evergreen Industries Corporation,2026-05-27,PAYMENT,13577.0,USD,INV-2026-001494,2020-AP-SERVICES,LOG,Payment against INV-2026-001494,POSTED
LED-0001329,INV-2026-001556,V0023,Metro Consulting Corporation,2026-05-27,PAYMENT,8180.96,USD,INV-2026-001556,2020-AP-SERVICES,MKT,Payment against INV-2026-001556,POSTED
LED-0001432,INV-2026-001675,V0078,Northstar Packaging Corporation,2026-05-27,PAYMENT,12721.57,USD,INV-2026-001675,2000-AP,IT,Payment against INV-2026-001675,POSTED
LED-0001515,INV-2026-001772,V0033,BrightPath Logistics Corporation,2026-05-27,PAYMENT,3229.25,USD,INV-2026-001772,2020-AP-SERVICES,FIN,Payment against INV-2026-001772,POSTED
LED-0001682,INV-2026-001974,V0038,Insight Services Limited,2026-05-27,PAYMENT,228603.15,LKR,INV-2026-001974,2000-AP,FIN,Payment against INV-2026-001974,POSTED
LED-0000145,INV-2026-000168,V0048,Zenith Trading Incorporated,2026-05-28,PAYMENT,15128.71,USD,INV-2026-000168,2020-AP-SERVICES,IT,Payment against INV-2026-000168,POSTED
LED-0000268,INV-2026-000316,V0027,Pioneer Solutions Incorporated,2026-05-28,PAYMENT,5388.36,USD,INV-2026-000316,2010-AP-TRADE,MKT,Payment against INV-2026-000316,POSTED
LED-0000359,INV-2026-000421,V0038,Insight Services Limited,2026-05-28,PAYMENT,9823.95,USD,INV-2026-000421,2010-AP-TRADE,MKT,Payment against INV-2026-000421,POSTED
LED-0000493,INV-2026-000586,V0039,Zenith Consulting Incorporated,2026-05-28,PAYMENT,15608.66,USD,INV-2026-000586,2000-AP,IT,Payment against INV-2026-000586,POSTED
LED-0000559,INV-2026-000661,V0031,Pioneer Supplies Incorporated,2026-05-28,PAYMENT,12534.28,USD,INV-2026-000661,2010-AP-TRADE,OPS,Payment against INV-2026-000661,POSTED
LED-0000593,INV-2026-000703,V0018,Royal Networks Incorporated,2026-05-28,PAYMENT,7828.67,GBP,INV-2026-000703,2010-AP-TRADE,FIN,Payment against INV-2026-000703,POSTED
LED-0000935,INV-2026-001091,V0007,Quantum Technologies Incorporated,2026-05-28,PAYMENT,7330.33,EUR,INV-2026-001091,2000-AP,OPS,Payment against INV-2026-001091,POSTED
LED-0001239,INV-2026-001455,V0060,Zenith Packaging Limited,2026-05-28,PAYMENT,1315346.5,LKR,INV-2026-001455,2020-AP-SERVICES,HR,Payment against INV-2026-001455,POSTED
LED-0001245,INV-2026-001462,V0089,Pioneer Supplies Limited,2026-05-28,PAYMENT,987652.35,LKR,INV-2026-001462,2010-AP-TRADE,IT,Payment against INV-2026-001462,POSTED
LED-0001375,INV-2026-001608,V0038,Insight Services Limited,2026-05-28,PAYMENT,3777.19,USD,INV-2026-001608,2000-AP,PROC,Payment against INV-2026-001608,POSTED
LED-0000152,INV-2026-000177,V0069,Keystone Technologies Incorporated,2026-05-29,PAYMENT,15996.4,USD,INV-2026-000177,2000-AP,HR,Payment against INV-2026-000177,POSTED
LED-0000443,INV-2026-000526,V0083,Metro Engineering Limited,2026-05-29,PAYMENT,5882.85,USD,INV-2026-000526,2020-AP-SERVICES,MKT,Payment against INV-2026-000526,POSTED
LED-0000725,INV-2026-000856,V0076,Royal Services Incorporated,2026-05-29,PAYMENT,1992869.66,LKR,INV-2026-000856,2000-AP,OPS,Payment against INV-2026-000856,POSTED
LED-0001085,INV-2026-001263,V0060,Zenith Packaging Limited,2026-05-29,PAYMENT,21208.24,USD,INV-2026-001263,2020-AP-SERVICES,PROC,Payment against INV-2026-001263,POSTED
LED-0001136,INV-2026-001323,V0068,Harbor Supplies Limited,2026-05-29,PAYMENT,3131.44,USD,INV-2026-001323,2020-AP-SERVICES,IT,Payment against INV-2026-001323,POSTED
LED-0001368,INV-2026-001600,V0006,Crescent Industries Limited,2026-05-29,PAYMENT,13827.25,GBP,INV-2026-001600,2010-AP-TRADE,FIN,Payment against INV-2026-001600,POSTED
LED-0001487,INV-2026-001740,V0048,Zenith Trading Incorporated,2026-05-29,PAYMENT,16747.08,EUR,INV-2026-001740,2000-AP,LOG,Payment against INV-2026-001740,POSTED
LED-0001509,INV-2026-001765,V0079,Global Trading Limited,2026-05-29,PAYMENT,4204.74,EUR,INV-2026-001765,2020-AP-SERVICES,MKT,Payment against INV-2026-001765,POSTED
LED-0001529,INV-2026-001792,V0056,Silverline Technologies Incorporated,2026-05-29,PAYMENT,18422.92,GBP,INV-2026-001792,2010-AP-TRADE,MKT,Payment against INV-2026-001792,POSTED
LED-0000017,INV-2026-000022,V0031,Pioneer Supplies Incorporated,2026-05-30,PAYMENT,17926.93,EUR,INV-2026-000022,2010-AP-TRADE,PROC,Payment against INV-2026-000022,POSTED
LED-0000189,INV-2026-000224,V0065,Pioneer Industries Incorporated,2026-05-30,PAYMENT,14635.03,USD,INV-2026-000224,2000-AP,HR,Payment against INV-2026-000224,POSTED
LED-0000478,INV-2026-000570,V0042,Evergreen Packaging Limited,2026-05-30,PAYMENT,649.33,GBP,INV-2026-000570,2000-AP,LOG,Payment against INV-2026-000570,POSTED
LED-0000645,INV-2026-000768,V0078,Northstar Packaging Corporation,2026-05-30,PAYMENT,6230.78,EUR,INV-2026-000768,2010-AP-TRADE,OPS,Payment against INV-2026-000768,POSTED
LED-0000706,INV-2026-000834,V0021,Vertex Supplies Corporation,2026-05-30,PAYMENT,15323.13,USD,INV-2026-000834,2000-AP,OPS,Payment against INV-2026-000834,POSTED
LED-0000753,INV-2026-000888,V0073,Crescent Logistics Corporation,2026-05-30,PAYMENT,908810.77,LKR,INV-2026-000888,2010-AP-TRADE,LOG,Payment against INV-2026-000888,POSTED
LED-0000823,INV-2026-000970,V0068,Harbor Supplies Limited,2026-05-30,PAYMENT,10659.2,USD,INV-2026-000970,2020-AP-SERVICES,OPS,Payment against INV-2026-000970,POSTED
LED-0000868,INV-2026-001020,V0047,Insight Technologies Incorporated,2026-05-30,PAYMENT,1358.6,EUR,INV-2026-001020,2000-AP,IT,Payment against INV-2026-001020,POSTED
LED-0000945,INV-2026-001102,V0069,Keystone Technologies Incorporated,2026-05-30,PAYMENT,10145.72,USD,INV-2026-001102,2000-AP,MKT,Payment against INV-2026-001102,POSTED
LED-0000950,INV-2026-001107,V0001,Unity Trading Limited,2026-05-30,PAYMENT,7755.3,USD,INV-2026-001107,2000-AP,HR,Payment against INV-2026-001107,POSTED
LED-0001137,INV-2026-001325,V0058,Harbor Logistics Limited,2026-05-30,PAYMENT,18053.19,GBP,INV-2026-001325,2020-AP-SERVICES,PROC,Payment against INV-2026-001325,POSTED
LED-0001213,INV-2026-001423,V0063,Fusion Consulting Incorporated,2026-05-30,PAYMENT,145925.77,LKR,INV-2026-001423,2010-AP-TRADE,IT,Payment against INV-2026-001423,POSTED
LED-0001313,INV-2026-001537,V0061,Silverline Services Limited,2026-05-30,PAYMENT,15621.52,USD,INV-2026-001537,2020-AP-SERVICES,OPS,Payment against INV-2026-001537,POSTED
LED-0001490,INV-2026-001743,V0036,Unity Packaging Corporation,2026-05-30,PAYMENT,19258.05,USD,INV-2026-001743,2010-AP-TRADE,MKT,Payment against INV-2026-001743,POSTED
LED-0001536,INV-2026-001801,V0032,Keystone Logistics Limited,2026-05-30,PAYMENT,16081.54,USD,INV-2026-001801,2010-AP-TRADE,PROC,Payment against INV-2026-001801,POSTED
LED-0001590,INV-2026-001863,V0027,Pioneer Solutions Incorporated,2026-05-30,PAYMENT,14519.37,USD,INV-2026-001863,2020-AP-SERVICES,HR,Payment against INV-2026-001863,POSTED
LED-0000048,INV-2026-000059,V0030,Orbit Pharma Corporation,2026-05-31,PAYMENT,5195.89,USD,INV-2026-000059,2010-AP-TRADE,PROC,Payment against INV-2026-000059,POSTED
LED-0000120,INV-2026-000141,V0006,Crescent Industries Limited,2026-05-31,PAYMENT,5578.16,USD,INV-2026-000141,2020-AP-SERVICES,PROC,Payment against INV-2026-000141,POSTED
LED-0000134,INV-2026-000156,V0078,Northstar Packaging Corporation,2026-05-31,PAYMENT,16525.7,USD,INV-2026-000156,2010-AP-TRADE,PROC,Payment against INV-2026-000156,POSTED
LED-0000404,INV-2026-000478,V0049,Seacrest Consulting Incorporated,2026-05-31,PAYMENT,1757318.82,LKR,INV-2026-000478,2020-AP-SERVICES,FIN,Payment against INV-2026-000478,POSTED
LED-0000738,INV-2026-000872,V0019,Titan Foods Incorporated,2026-05-31,PAYMENT,4827.76,GBP,INV-2026-000872,2010-AP-TRADE,MKT,Payment against INV-2026-000872,POSTED
LED-0000846,INV-2026-000998,V0055,Lanka Systems Incorporated,2026-05-31,PAYMENT,14466.87,USD,INV-2026-000998,2000-AP,LOG,Payment against INV-2026-000998,POSTED
LED-0001086,INV-2026-001264,V0050,Keystone Trading Corporation,2026-05-31,PAYMENT,14212.45,USD,INV-2026-001264,2020-AP-SERVICES,PROC,Payment against INV-2026-001264,POSTED
LED-0001183,INV-2026-001382,V0041,Metro Foods Limited,2026-05-31,PAYMENT,16862.76,EUR,INV-2026-001382,2000-AP,MKT,Payment against INV-2026-001382,POSTED
LED-0001507,INV-2026-001763,V0011,Nova Engineering Corporation,2026-05-31,PAYMENT,3420.63,USD,INV-2026-001763,2010-AP-TRADE,LOG,Payment against INV-2026-001763,POSTED
LED-0000133,INV-2026-000155,V0079,Global Trading Limited,2026-06-01,PAYMENT,14792.25,EUR,INV-2026-000155,2010-AP-TRADE,PROC,Payment against INV-2026-000155,POSTED
LED-0000352,INV-2026-000413,V0029,Zenith Supplies Limited,2026-06-01,PAYMENT,17682.67,EUR,INV-2026-000413,2010-AP-TRADE,OPS,Payment against INV-2026-000413,POSTED
LED-0000713,INV-2026-000842,V0085,Royal Holdings Limited,2026-06-01,PAYMENT,423347.17,LKR,INV-2026-000842,2020-AP-SERVICES,HR,Payment against INV-2026-000842,POSTED
LED-0000735,INV-2026-000869,V0002,Zenith Consulting Limited,2026-06-01,PAYMENT,7530.02,USD,INV-2026-000869,2010-AP-TRADE,IT,Payment against INV-2026-000869,POSTED
LED-0000867,INV-2026-001019,V0063,Fusion Consulting Incorporated,2026-06-01,PAYMENT,9350.14,EUR,INV-2026-001019,2000-AP,MKT,Payment against INV-2026-001019,POSTED
LED-0000886,INV-2026-001039,V0055,Lanka Systems Incorporated,2026-06-01,PAYMENT,797941.36,LKR,INV-2026-001039,2020-AP-SERVICES,PROC,Payment against INV-2026-001039,POSTED
LED-0001066,INV-2026-001239,V0067,Unity Foods Corporation,2026-06-01,PAYMENT,9610.9,USD,INV-2026-001239,2010-AP-TRADE,IT,Payment against INV-2026-001239,POSTED
LED-0001320,INV-2026-001545,V0029,Zenith Supplies Limited,2026-06-01,PAYMENT,22945.25,USD,INV-2026-001545,2020-AP-SERVICES,MKT,Payment against INV-2026-001545,POSTED
LED-0001325,INV-2026-001552,V0005,Nova Logistics Limited,2026-06-01,PAYMENT,18172.66,GBP,INV-2026-001552,2020-AP-SERVICES,PROC,Payment against INV-2026-001552,POSTED
LED-0001696,INV-2026-001995,V0088,Unity Technologies Limited,2026-06-01,PAYMENT,15238.24,USD,INV-2026-001995,2020-AP-SERVICES,IT,Payment against INV-2026-001995,POSTED
LED-0000033,INV-2026-000041,V0012,Evergreen Industries Corporation,2026-06-02,PAYMENT,7960.48,USD,INV-2026-000041,2020-AP-SERVICES,OPS,Payment against INV-2026-000041,POSTED
LED-0000096,INV-2026-000116,V0017,Delta Pharma Limited,2026-06-02,PAYMENT,15465.97,GBP,INV-2026-000116,2010-AP-TRADE,OPS,Payment against INV-2026-000116,POSTED
LED-0000101,INV-2026-000121,V0040,Summit Textiles Incorporated,2026-06-02,PAYMENT,15645.45,USD,INV-2026-000121,2020-AP-SERVICES,MKT,Payment against INV-2026-000121,POSTED
LED-0000143,INV-2026-000165,V0087,Orbit Trading Limited,2026-06-02,PAYMENT,282.57,EUR,INV-2026-000165,2020-AP-SERVICES,OPS,Payment against INV-2026-000165,POSTED
LED-0000195,INV-2026-000231,V0073,Crescent Logistics Corporation,2026-06-02,PAYMENT,21820.9,USD,INV-2026-000231,2020-AP-SERVICES,LOG,Payment against INV-2026-000231,POSTED
LED-0000211,INV-2026-000249,V0004,Delta Solutions Incorporated,2026-06-02,PAYMENT,18854.03,USD,INV-2026-000249,2010-AP-TRADE,PROC,Payment against INV-2026-000249,POSTED
LED-0000732,INV-2026-000866,V0032,Keystone Logistics Limited,2026-06-02,PAYMENT,10159.85,USD,INV-2026-000866,2010-AP-TRADE,PROC,Payment against INV-2026-000866,POSTED
LED-0001081,INV-2026-001257,V0039,Zenith Consulting Incorporated,2026-06-02,PAYMENT,18891.03,USD,INV-2026-001257,2020-AP-SERVICES,PROC,Payment against INV-2026-001257,POSTED
LED-0001433,INV-2026-001676,V0071,Harbor Technologies Limited,2026-06-02,PAYMENT,7537.3,USD,INV-2026-001676,2020-AP-SERVICES,IT,Payment against INV-2026-001676,POSTED
LED-0001532,INV-2026-001797,V0059,Seacrest Solutions Limited,2026-06-02,PAYMENT,21550.79,GBP,INV-2026-001797,2000-AP,LOG,Payment against INV-2026-001797,POSTED
LED-0001716,,V0040,Summit Textiles Incorporated,2026-06-02,ACCRUAL,2253.5,USD,JRN-001716,2000-AP,IT,Prior-period correction,POSTED
LED-0000075,INV-2026-000089,V0020,Global Solutions Limited,2026-06-03,PAYMENT,274541.0,LKR,INV-2026-000089,2020-AP-SERVICES,MKT,Payment against INV-2026-000089,POSTED
LED-0000382,INV-2026-000447,V0004,Delta Solutions Incorporated,2026-06-03,PAYMENT,5299.3,EUR,INV-2026-000447,2020-AP-SERVICES,OPS,Payment against INV-2026-000447,POSTED
LED-0000561,INV-2026-000663,V0050,Keystone Trading Corporation,2026-06-03,PAYMENT,11731.71,USD,INV-2026-000663,2000-AP,MKT,Payment against INV-2026-000663,POSTED
LED-0000734,INV-2026-000868,V0053,Pioneer Trading Incorporated,2026-06-03,PAYMENT,1232399.91,LKR,INV-2026-000868,2000-AP,HR,Payment against INV-2026-000868,POSTED
LED-0001418,INV-2026-001661,V0028,Unity Systems Incorporated,2026-06-03,PAYMENT,22587.93,USD,INV-2026-001661,2010-AP-TRADE,PROC,Payment against INV-2026-001661,POSTED
LED-0001521,INV-2026-001781,V0067,Unity Foods Corporation,2026-06-03,PAYMENT,16993.08,EUR,INV-2026-001781,2000-AP,LOG,Payment against INV-2026-001781,POSTED
LED-0001758,,V0079,Global Trading Limited,2026-06-03,ADJUSTMENT,1371.16,USD,JRN-001758,6990-ADJUSTMENTS,OPS,Month-end accrual,POSTED
LED-0000226,INV-2026-000268,V0064,Redwood Textiles Limited,2026-06-04,PAYMENT,15661.39,USD,INV-2026-000268,2000-AP,IT,Payment against INV-2026-000268,POSTED
LED-0000395,INV-2026-000468,V0021,Vertex Supplies Corporation,2026-06-04,PAYMENT,19306.06,GBP,INV-2026-000468,2020-AP-SERVICES,MKT,Payment against INV-2026-000468,POSTED
LED-0000711,INV-2026-000839,V0011,Nova Engineering Corporation,2026-06-04,PAYMENT,23229.03,USD,INV-2026-000839,2010-AP-TRADE,LOG,Payment against INV-2026-000839,POSTED
LED-0000722,INV-2026-000853,V0079,Global Trading Limited,2026-06-04,PAYMENT,1326.81,GBP,INV-2026-000853,2000-AP,OPS,Payment against INV-2026-000853,POSTED
LED-0000797,INV-2026-000937,V0031,Pioneer Supplies Incorporated,2026-06-04,PAYMENT,1486660.74,LKR,INV-2026-000937,2020-AP-SERVICES,MKT,Payment against INV-2026-000937,POSTED
LED-0001151,INV-2026-001344,V0037,Seacrest Holdings Limited,2026-06-04,PAYMENT,5542.06,USD,INV-2026-001344,2010-AP-TRADE,HR,Payment against INV-2026-001344,POSTED
LED-0001241,INV-2026-001457,V0034,Metro Consulting Limited,2026-06-04,PAYMENT,18359.31,GBP,INV-2026-001457,2020-AP-SERVICES,HR,Payment against INV-2026-001457,POSTED
LED-0001270,INV-2026-001491,V0050,Keystone Trading Corporation,2026-06-04,PAYMENT,22701.18,USD,INV-2026-001491,2010-AP-TRADE,IT,Payment against INV-2026-001491,POSTED
LED-0001438,INV-2026-001681,V0068,Harbor Supplies Limited,2026-06-04,PAYMENT,3201.08,GBP,INV-2026-001681,2000-AP,FIN,Payment against INV-2026-001681,POSTED
LED-0001579,INV-2026-001851,V0071,Harbor Technologies Limited,2026-06-04,PAYMENT,1647728.53,LKR,INV-2026-001851,2000-AP,PROC,Payment against INV-2026-001851,POSTED
LED-0000079,INV-2026-000095,V0057,Keystone Packaging Limited,2026-06-05,PAYMENT,9620.47,EUR,INV-2026-000095,2000-AP,IT,Payment against INV-2026-000095,POSTED
LED-0000103,INV-2026-000123,V0062,Vertex Packaging Incorporated,2026-06-05,PAYMENT,16402.05,USD,INV-2026-000123,2010-AP-TRADE,IT,Payment against INV-2026-000123,POSTED
LED-0000222,INV-2026-000260,V0082,Redwood Logistics Incorporated,2026-06-05,PAYMENT,14779.28,USD,INV-2026-000260,2020-AP-SERVICES,HR,Payment against INV-2026-000260,POSTED
LED-0000821,INV-2026-000968,V0086,Orbit Supplies Limited,2026-06-05,PAYMENT,12477.04,EUR,INV-2026-000968,2010-AP-TRADE,PROC,Payment against INV-2026-000968,POSTED
LED-0001362,INV-2026-001593,V0046,Metro Holdings Incorporated,2026-06-05,PAYMENT,1820669.02,LKR,INV-2026-001593,2020-AP-SERVICES,OPS,Payment against INV-2026-001593,POSTED
LED-0001817,,V0028,Unity Systems Incorporated,2026-06-05,REVERSAL,1885.36,GBP,JRN-001817,6200-ADMIN,OPS,Vendor balance adjustment,POSTED
LED-0000062,INV-2026-000074,V0013,Delta Solutions Corporation,2026-06-06,PAYMENT,7975.48,GBP,INV-2026-000074,2020-AP-SERVICES,IT,Payment against INV-2026-000074,POSTED
LED-0000277,INV-2026-000328,V0068,Harbor Supplies Limited,2026-06-06,PAYMENT,19482.72,USD,INV-2026-000328,2010-AP-TRADE,FIN,Payment against INV-2026-000328,POSTED
LED-0000636,INV-2026-000759,V0061,Silverline Services Limited,2026-06-06,PAYMENT,8860.56,USD,INV-2026-000759,2000-AP,HR,Payment against INV-2026-000759,POSTED
LED-0000726,INV-2026-000858,V0012,Evergreen Industries Corporation,2026-06-06,PAYMENT,4698.61,USD,INV-2026-000858,2020-AP-SERVICES,MKT,Payment against INV-2026-000858,POSTED
LED-0000768,INV-2026-000904,V0008,Global Textiles Limited,2026-06-06,PAYMENT,6027.05,EUR,INV-2026-000904,2020-AP-SERVICES,MKT,Payment against INV-2026-000904,POSTED
LED-0000820,INV-2026-000967,V0069,Keystone Technologies Incorporated,2026-06-06,PAYMENT,1487.01,GBP,INV-2026-000967,2010-AP-TRADE,OPS,Payment against INV-2026-000967,POSTED
LED-0000923,INV-2026-001079,V0013,Delta Solutions Corporation,2026-06-06,PAYMENT,2075.41,USD,INV-2026-001079,2010-AP-TRADE,IT,Payment against INV-2026-001079,POSTED
LED-0000963,INV-2026-001121,V0015,Titan Consulting Limited,2026-06-06,PAYMENT,4950.19,USD,INV-2026-001121,2000-AP,LOG,Payment against INV-2026-001121,POSTED
LED-0001399,INV-2026-001638,V0066,Jade Pharma Incorporated,2026-06-06,PAYMENT,7475.24,GBP,INV-2026-001638,2010-AP-TRADE,FIN,Payment against INV-2026-001638,POSTED
LED-0000409,INV-2026-000483,V0072,Westbridge Logistics Limited,2026-06-07,PAYMENT,13692.37,USD,INV-2026-000483,2020-AP-SERVICES,MKT,Payment against INV-2026-000483,POSTED
LED-0000497,INV-2026-000591,V0079,Global Trading Limited,2026-06-07,PAYMENT,928651.24,LKR,INV-2026-000591,2020-AP-SERVICES,MKT,Payment against INV-2026-000591,POSTED
LED-0000638,INV-2026-000761,V0018,Royal Networks Incorporated,2026-06-07,PAYMENT,6903.98,GBP,INV-2026-000761,2010-AP-TRADE,OPS,Payment against INV-2026-000761,POSTED
LED-0000780,INV-2026-000919,V0060,Zenith Packaging Limited,2026-06-07,PAYMENT,17947.03,EUR,INV-2026-000919,2020-AP-SERVICES,OPS,Payment against INV-2026-000919,POSTED
LED-0001026,INV-2026-001193,V0004,Delta Solutions Incorporated,2026-06-07,PAYMENT,10293.49,EUR,INV-2026-001193,2020-AP-SERVICES,IT,Payment against INV-2026-001193,POSTED
LED-0001211,INV-2026-001419,V0018,Royal Networks Incorporated,2026-06-07,PAYMENT,4751.23,USD,INV-2026-001419,2000-AP,HR,Payment against INV-2026-001419,POSTED
LED-0001364,INV-2026-001595,V0027,Pioneer Solutions Incorporated,2026-06-07,PAYMENT,12851.57,EUR,INV-2026-001595,2010-AP-TRADE,FIN,Payment against INV-2026-001595,POSTED
LED-0001484,INV-2026-001737,V0081,Nova Textiles Corporation,2026-06-07,PAYMENT,15388.84,USD,INV-2026-001737,2010-AP-TRADE,HR,Payment against INV-2026-001737,POSTED
LED-0001492,INV-2026-001745,V0089,Pioneer Supplies Limited,2026-06-07,PAYMENT,12269.54,EUR,INV-2026-001745,2010-AP-TRADE,PROC,Payment against INV-2026-001745,POSTED
LED-0001669,INV-2026-001959,V0022,Crescent Supplies Limited,2026-06-07,PAYMENT,286.91,USD,INV-2026-001959,2000-AP,HR,Payment against INV-2026-001959,POSTED
LED-0001777,,V0090,Nova Packaging Corporation,2026-06-07,ADJUSTMENT,3136.03,USD,JRN-001777,6100-SERVICES,HR,Month-end accrual,POSTED
LED-0000045,INV-2026-000055,V0063,Fusion Consulting Incorporated,2026-06-08,PAYMENT,1746.64,EUR,INV-2026-000055,2020-AP-SERVICES,PROC,Payment against INV-2026-000055,POSTED
LED-0000314,INV-2026-000372,V0066,Jade Pharma Incorporated,2026-06-08,PAYMENT,12878.13,GBP,INV-2026-000372,2010-AP-TRADE,IT,Payment against INV-2026-000372,POSTED
LED-0000368,INV-2026-000430,V0083,Metro Engineering Limited,2026-06-08,PAYMENT,14800.39,EUR,INV-2026-000430,2000-AP,HR,Payment against INV-2026-000430,POSTED
LED-0000425,INV-2026-000504,V0027,Pioneer Solutions Incorporated,2026-06-08,PAYMENT,7578.12,USD,INV-2026-000504,2000-AP,LOG,Payment against INV-2026-000504,POSTED
LED-0000892,INV-2026-001045,V0051,Nova Systems Corporation,2026-06-08,PAYMENT,11971.57,GBP,INV-2026-001045,2000-AP,PROC,Payment against INV-2026-001045,POSTED
LED-0000976,INV-2026-001137,V0051,Nova Systems Corporation,2026-06-08,PAYMENT,15403.79,EUR,INV-2026-001137,2010-AP-TRADE,HR,Payment against INV-2026-001137,POSTED
LED-0001340,INV-2026-001570,V0058,Harbor Logistics Limited,2026-06-08,PAYMENT,11322.49,USD,INV-2026-001570,2010-AP-TRADE,PROC,Payment against INV-2026-001570,POSTED
LED-0001373,INV-2026-001606,V0085,Royal Holdings Limited,2026-06-08,PAYMENT,475850.09,LKR,INV-2026-001606,2010-AP-TRADE,IT,Payment against INV-2026-001606,POSTED
LED-0001383,INV-2026-001618,V0058,Harbor Logistics Limited,2026-06-08,PAYMENT,7935.38,USD,INV-2026-001618,2010-AP-TRADE,PROC,Payment against INV-2026-001618,POSTED
LED-0001456,INV-2026-001705,V0085,Royal Holdings Limited,2026-06-08,PAYMENT,3559.39,EUR,INV-2026-001705,2020-AP-SERVICES,FIN,Payment against INV-2026-001705,POSTED
LED-0001656,INV-2026-001943,V0083,Metro Engineering Limited,2026-06-08,PAYMENT,2587.85,GBP,INV-2026-001943,2020-AP-SERVICES,PROC,Payment against INV-2026-001943,POSTED
LED-0001731,,V0083,Metro Engineering Limited,2026-06-08,REVERSAL,385.61,USD,JRN-001731,6100-SERVICES,PROC,Manual adjustment,POSTED
LED-0000144,INV-2026-000167,V0010,Silverline Systems Incorporated,2026-06-09,PAYMENT,16541.66,USD,INV-2026-000167,2020-AP-SERVICES,IT,Payment against INV-2026-000167,POSTED
LED-0000367,INV-2026-000429,V0041,Metro Foods Limited,2026-06-09,PAYMENT,14904.16,USD,INV-2026-000429,2010-AP-TRADE,PROC,Payment against INV-2026-000429,POSTED
LED-0000456,INV-2026-000542,V0070,Royal Supplies Incorporated,2026-06-09,PAYMENT,4136.55,EUR,INV-2026-000542,2020-AP-SERVICES,OPS,Payment against INV-2026-000542,POSTED
LED-0000647,INV-2026-000770,V0023,Metro Consulting Corporation,2026-06-09,PAYMENT,7149.47,GBP,INV-2026-000770,2000-AP,PROC,Payment against INV-2026-000770,POSTED
LED-0000757,INV-2026-000892,V0083,Metro Engineering Limited,2026-06-09,PAYMENT,21975.06,USD,INV-2026-000892,2020-AP-SERVICES,LOG,Payment against INV-2026-000892,POSTED
LED-0000948,INV-2026-001105,V0035,Global Engineering Limited,2026-06-09,PAYMENT,5257.48,USD,INV-2026-001105,2000-AP,IT,Payment against INV-2026-001105,POSTED
LED-0001278,INV-2026-001499,V0005,Nova Logistics Limited,2026-06-09,PAYMENT,1176280.43,LKR,INV-2026-001499,2000-AP,IT,Payment against INV-2026-001499,POSTED
LED-0001513,INV-2026-001769,V0063,Fusion Consulting Incorporated,2026-06-09,PAYMENT,2050.36,USD,INV-2026-001769,2000-AP,OPS,Payment against INV-2026-001769,POSTED
LED-0001625,INV-2026-001906,V0049,Seacrest Consulting Incorporated,2026-06-09,PAYMENT,8996.28,USD,INV-2026-001906,2010-AP-TRADE,OPS,Payment against INV-2026-001906,POSTED
LED-0000034,INV-2026-000042,V0089,Pioneer Supplies Limited,2026-06-10,PAYMENT,21747.01,GBP,INV-2026-000042,2020-AP-SERVICES,IT,Payment against INV-2026-000042,POSTED
LED-0000130,INV-2026-000152,V0010,Silverline Systems Incorporated,2026-06-10,PAYMENT,10405.12,GBP,INV-2026-000152,2010-AP-TRADE,HR,Payment against INV-2026-000152,POSTED
LED-0000330,INV-2026-000390,V0076,Royal Services Incorporated,2026-06-10,PAYMENT,8741.25,USD,INV-2026-000390,2010-AP-TRADE,PROC,Payment against INV-2026-000390,POSTED
LED-0000357,INV-2026-000418,V0076,Royal Services Incorporated,2026-06-10,PAYMENT,243.35,USD,INV-2026-000418,2020-AP-SERVICES,HR,Payment against INV-2026-000418,POSTED
LED-0000652,INV-2026-000776,V0076,Royal Services Incorporated,2026-06-10,PAYMENT,7703.58,GBP,INV-2026-000776,2020-AP-SERVICES,IT,Payment against INV-2026-000776,POSTED
LED-0000955,INV-2026-001112,V0012,Evergreen Industries Corporation,2026-06-10,PAYMENT,3798.36,USD,INV-2026-001112,2010-AP-TRADE,HR,Payment against INV-2026-001112,POSTED
LED-0001102,INV-2026-001283,V0064,Redwood Textiles Limited,2026-06-10,PAYMENT,7791.44,GBP,INV-2026-001283,2000-AP,IT,Payment against INV-2026-001283,POSTED
LED-0001203,INV-2026-001408,V0074,Crescent Supplies Corporation,2026-06-10,PAYMENT,18037.98,USD,INV-2026-001408,2000-AP,OPS,Payment against INV-2026-001408,POSTED
LED-0001321,INV-2026-001546,V0064,Redwood Textiles Limited,2026-06-10,PAYMENT,13829.0,USD,INV-2026-001546,2010-AP-TRADE,PROC,Payment against INV-2026-001546,POSTED
LED-0001410,INV-2026-001653,V0039,Zenith Consulting Incorporated,2026-06-10,PAYMENT,19982.06,EUR,INV-2026-001653,2010-AP-TRADE,FIN,Payment against INV-2026-001653,POSTED
LED-0001705,,V0028,Unity Systems Incorporated,2026-06-10,REVERSAL,2995.91,GBP,JRN-001705,6990-ADJUSTMENTS,PROC,Manual adjustment,POSTED
LED-0000366,INV-2026-000428,V0031,Pioneer Supplies Incorporated,2026-06-11,PAYMENT,14663.15,GBP,INV-2026-000428,2010-AP-TRADE,MKT,Payment against INV-2026-000428,POSTED
LED-0000594,INV-2026-000704,V0089,Pioneer Supplies Limited,2026-06-11,PAYMENT,3117.01,USD,INV-2026-000704,2020-AP-SERVICES,FIN,Payment against INV-2026-000704,POSTED
LED-0000712,INV-2026-000840,V0038,Insight Services Limited,2026-06-11,PAYMENT,1641.47,EUR,INV-2026-000840,2010-AP-TRADE,HR,Payment against INV-2026-000840,POSTED
LED-0000719,INV-2026-000850,V0020,Global Solutions Limited,2026-06-11,PAYMENT,561.22,USD,INV-2026-000850,2020-AP-SERVICES,OPS,Payment against INV-2026-000850,POSTED
LED-0000796,INV-2026-000936,V0006,Crescent Industries Limited,2026-06-11,PAYMENT,15126.05,USD,INV-2026-000936,2020-AP-SERVICES,LOG,Payment against INV-2026-000936,POSTED
LED-0001122,INV-2026-001306,V0034,Metro Consulting Limited,2026-06-11,PAYMENT,12651.12,USD,INV-2026-001306,2000-AP,IT,Payment against INV-2026-001306,POSTED
LED-0000040,INV-2026-000049,V0044,Evergreen Systems Incorporated,2026-06-12,PAYMENT,35478.34,LKR,INV-2026-000049,2020-AP-SERVICES,LOG,Payment against INV-2026-000049,POSTED
LED-0000918,INV-2026-001074,V0018,Royal Networks Incorporated,2026-06-12,PAYMENT,9376.09,USD,INV-2026-001074,2020-AP-SERVICES,IT,Payment against INV-2026-001074,POSTED
LED-0001004,INV-2026-001168,V0019,Titan Foods Incorporated,2026-06-12,PAYMENT,18721.05,USD,INV-2026-001168,2010-AP-TRADE,LOG,Payment against INV-2026-001168,POSTED
LED-0001214,INV-2026-001424,V0058,Harbor Logistics Limited,2026-06-12,PAYMENT,1037076.36,LKR,INV-2026-001424,2020-AP-SERVICES,MKT,Payment against INV-2026-001424,POSTED
LED-0001243,INV-2026-001459,V0081,Nova Textiles Corporation,2026-06-12,PAYMENT,270012.27,LKR,INV-2026-001459,2000-AP,MKT,Payment against INV-2026-001459,POSTED
LED-0001293,INV-2026-001515,V0023,Metro Consulting Corporation,2026-06-12,PAYMENT,10430.21,USD,INV-2026-001515,2000-AP,IT,Payment against INV-2026-001515,POSTED
LED-0001527,INV-2026-001789,V0040,Summit Textiles Incorporated,2026-06-12,PAYMENT,19842.94,USD,INV-2026-001789,2020-AP-SERVICES,IT,Payment against INV-2026-001789,POSTED
LED-0001545,INV-2026-001813,V0046,Metro Holdings Incorporated,2026-06-12,PAYMENT,14422.51,USD,INV-2026-001813,2010-AP-TRADE,MKT,Payment against INV-2026-001813,POSTED
LED-0001583,INV-2026-001855,V0024,Unity Foods Limited,2026-06-12,PAYMENT,17894.24,GBP,INV-2026-001855,2020-AP-SERVICES,FIN,Payment against INV-2026-001855,POSTED
LED-0001668,INV-2026-001958,V0035,Global Engineering Limited,2026-06-12,PAYMENT,5295.4,USD,INV-2026-001958,2000-AP,IT,Payment against INV-2026-001958,POSTED
LED-0000092,INV-2026-000111,V0011,Nova Engineering Corporation,2026-06-13,PAYMENT,5549.66,USD,INV-2026-000111,2010-AP-TRADE,LOG,Payment against INV-2026-000111,POSTED
LED-0000297,INV-2026-000352,V0008,Global Textiles Limited,2026-06-13,PAYMENT,22793.68,USD,INV-2026-000352,2010-AP-TRADE,FIN,Payment against INV-2026-000352,POSTED
LED-0000348,INV-2026-000409,V0007,Quantum Technologies Incorporated,2026-06-13,PAYMENT,14200.06,EUR,INV-2026-000409,2020-AP-SERVICES,HR,Payment against INV-2026-000409,POSTED
LED-0000430,INV-2026-000509,V0072,Westbridge Logistics Limited,2026-06-13,PAYMENT,2087.62,USD,INV-2026-000509,2000-AP,MKT,Payment against INV-2026-000509,POSTED
LED-0000467,INV-2026-000554,V0071,Harbor Technologies Limited,2026-06-13,PAYMENT,15170.49,USD,INV-2026-000554,2010-AP-TRADE,OPS,Payment against INV-2026-000554,POSTED
LED-0000476,INV-2026-000568,V0063,Fusion Consulting Incorporated,2026-06-13,PAYMENT,13305.69,USD,INV-2026-000568,2020-AP-SERVICES,IT,Payment against INV-2026-000568,POSTED
LED-0000637,INV-2026-000760,V0028,Unity Systems Incorporated,2026-06-13,PAYMENT,2552.44,USD,INV-2026-000760,2020-AP-SERVICES,IT,Payment against INV-2026-000760,POSTED
LED-0000754,INV-2026-000889,V0059,Seacrest Solutions Limited,2026-06-13,PAYMENT,18730.39,USD,INV-2026-000889,2020-AP-SERVICES,PROC,Payment against INV-2026-000889,POSTED
LED-0001062,INV-2026-001233,V0043,Silverline Logistics Limited,2026-06-13,PAYMENT,8157.56,GBP,INV-2026-001233,2010-AP-TRADE,HR,Payment against INV-2026-001233,POSTED
LED-0001157,INV-2026-001351,V0007,Quantum Technologies Incorporated,2026-06-13,PAYMENT,10765.2,USD,INV-2026-001351,2010-AP-TRADE,OPS,Payment against INV-2026-001351,POSTED
LED-0001246,INV-2026-001463,V0019,Titan Foods Incorporated,2026-06-13,PAYMENT,4875.02,USD,INV-2026-001463,2000-AP,OPS,Payment against INV-2026-001463,POSTED
LED-0001279,INV-2026-001500,V0010,Silverline Systems Incorporated,2026-06-13,PAYMENT,17983.81,EUR,INV-2026-001500,2010-AP-TRADE,MKT,Payment against INV-2026-001500,POSTED
LED-0001435,INV-2026-001678,V0073,Crescent Logistics Corporation,2026-06-13,PAYMENT,1451.97,EUR,INV-2026-001678,2020-AP-SERVICES,IT,Payment against INV-2026-001678,POSTED
LED-0001664,INV-2026-001953,V0018,Royal Networks Incorporated,2026-06-13,PAYMENT,1773442.78,LKR,INV-2026-001953,2010-AP-TRADE,HR,Payment against INV-2026-001953,POSTED
LED-0001763,,V0046,Metro Holdings Incorporated,2026-06-13,REVERSAL,2040.44,GBP,JRN-001763,6990-ADJUSTMENTS,FIN,Month-end accrual,POSTED
LED-0000270,INV-2026-000318,V0046,Metro Holdings Incorporated,2026-06-14,PAYMENT,14669.0,USD,INV-2026-000318,2000-AP,HR,Payment against INV-2026-000318,POSTED
LED-0000475,INV-2026-000567,V0011,Nova Engineering Corporation,2026-06-14,PAYMENT,15503.64,USD,INV-2026-000567,2010-AP-TRADE,LOG,Payment against INV-2026-000567,POSTED
LED-0000508,INV-2026-000602,V0002,Zenith Consulting Limited,2026-06-14,PAYMENT,1009818.42,LKR,INV-2026-000602,2010-AP-TRADE,FIN,Payment against INV-2026-000602,POSTED
LED-0000602,INV-2026-000714,V0008,Global Textiles Limited,2026-06-14,PAYMENT,2512.1,USD,INV-2026-000714,2020-AP-SERVICES,IT,Payment against INV-2026-000714,POSTED
LED-0000630,INV-2026-000752,V0077,Pioneer Packaging Limited,2026-06-14,PAYMENT,14232.71,USD,INV-2026-000752,2010-AP-TRADE,FIN,Payment against INV-2026-000752,POSTED
LED-0000686,INV-2026-000813,V0022,Crescent Supplies Limited,2026-06-14,PAYMENT,15845.98,USD,INV-2026-000813,2000-AP,HR,Payment against INV-2026-000813,POSTED
LED-0000866,INV-2026-001018,V0086,Orbit Supplies Limited,2026-06-14,PAYMENT,4316.04,USD,INV-2026-001018,2020-AP-SERVICES,LOG,Payment against INV-2026-001018,POSTED
LED-0000896,INV-2026-001050,V0003,Harbor Services Incorporated,2026-06-14,PAYMENT,1247086.63,LKR,INV-2026-001050,2010-AP-TRADE,LOG,Payment against INV-2026-001050,POSTED
LED-0001093,INV-2026-001271,V0090,Nova Packaging Corporation,2026-06-14,PAYMENT,22745.57,USD,INV-2026-001271,2000-AP,OPS,Payment against INV-2026-001271,POSTED
LED-0001335,INV-2026-001565,V0075,Vertex Packaging Limited,2026-06-14,PAYMENT,17660.16,USD,INV-2026-001565,2020-AP-SERVICES,HR,Payment against INV-2026-001565,POSTED
LED-0001584,INV-2026-001856,V0088,Unity Technologies Limited,2026-06-14,PAYMENT,258.86,USD,INV-2026-001856,2020-AP-SERVICES,MKT,Payment against INV-2026-001856,POSTED
LED-0001589,INV-2026-001862,V0015,Titan Consulting Limited,2026-06-14,PAYMENT,4298.87,GBP,INV-2026-001862,2000-AP,IT,Payment against INV-2026-001862,POSTED
LED-0001683,INV-2026-001976,V0086,Orbit Supplies Limited,2026-06-14,PAYMENT,1614.55,USD,INV-2026-001976,2020-AP-SERVICES,MKT,Payment against INV-2026-001976,POSTED
LED-0000380,INV-2026-000445,V0009,Orbit Consulting Limited,2026-06-15,PAYMENT,18341.89,GBP,INV-2026-000445,2000-AP,MKT,Payment against INV-2026-000445,POSTED
LED-0000596,INV-2026-000706,V0012,Evergreen Industries Corporation,2026-06-15,PAYMENT,17260.52,USD,INV-2026-000706,2020-AP-SERVICES,OPS,Payment against INV-2026-000706,POSTED
LED-0000814,INV-2026-000958,V0071,Harbor Technologies Limited,2026-06-15,PAYMENT,17132.33,USD,INV-2026-000958,2000-AP,MKT,Payment against INV-2026-000958,POSTED
LED-0001048,INV-2026-001217,V0028,Unity Systems Incorporated,2026-06-15,PAYMENT,10599.55,USD,INV-2026-001217,2020-AP-SERVICES,MKT,Payment against INV-2026-001217,POSTED
LED-0001205,INV-2026-001410,V0074,Crescent Supplies Corporation,2026-06-15,PAYMENT,3380.84,USD,INV-2026-001410,2010-AP-TRADE,PROC,Payment against INV-2026-001410,POSTED
LED-0001739,,V0062,Vertex Packaging Incorporated,2026-06-15,ADJUSTMENT,1167.02,EUR,JRN-001739,6990-ADJUSTMENTS,HR,Prior-period correction,POSTED
LED-0001778,,V0054,Jade Industries Limited,2026-06-15,REVERSAL,683.49,USD,JRN-001778,2000-AP,IT,Month-end accrual,POSTED
LED-0000312,INV-2026-000369,V0084,Harbor Industries Limited,2026-06-16,PAYMENT,20424.43,USD,INV-2026-000369,2000-AP,FIN,Payment against INV-2026-000369,POSTED
LED-0000347,INV-2026-000408,V0065,Pioneer Industries Incorporated,2026-06-16,PAYMENT,386839.91,LKR,INV-2026-000408,2010-AP-TRADE,OPS,Payment against INV-2026-000408,POSTED
LED-0000414,INV-2026-000489,V0066,Jade Pharma Incorporated,2026-06-16,PAYMENT,3489.32,EUR,INV-2026-000489,2010-AP-TRADE,PROC,Payment against INV-2026-000489,POSTED
LED-0000437,INV-2026-000520,V0042,Evergreen Packaging Limited,2026-06-16,PAYMENT,1180066.02,LKR,INV-2026-000520,2010-AP-TRADE,PROC,Payment against INV-2026-000520,POSTED
LED-0000524,INV-2026-000621,V0028,Unity Systems Incorporated,2026-06-16,PAYMENT,2351.16,USD,INV-2026-000621,2010-AP-TRADE,HR,Payment against INV-2026-000621,POSTED
LED-0000743,INV-2026-000877,V0039,Zenith Consulting Incorporated,2026-06-16,PAYMENT,6858.93,USD,INV-2026-000877,2020-AP-SERVICES,OPS,Payment against INV-2026-000877,POSTED
LED-0001007,INV-2026-001171,V0087,Orbit Trading Limited,2026-06-16,PAYMENT,16297.93,USD,INV-2026-001171,2020-AP-SERVICES,LOG,Payment against INV-2026-001171,POSTED
LED-0001569,INV-2026-001841,V0062,Vertex Packaging Incorporated,2026-06-16,PAYMENT,5460.82,GBP,INV-2026-001841,2000-AP,MKT,Payment against INV-2026-001841,POSTED
LED-0001609,INV-2026-001888,V0021,Vertex Supplies Corporation,2026-06-16,PAYMENT,3526.94,USD,INV-2026-001888,2010-AP-TRADE,MKT,Payment against INV-2026-001888,POSTED
LED-0001690,INV-2026-001986,V0076,Royal Services Incorporated,2026-06-16,PAYMENT,9967.77,USD,INV-2026-001986,2020-AP-SERVICES,MKT,Payment against INV-2026-001986,POSTED
LED-0000170,INV-2026-000200,V0028,Unity Systems Incorporated,2026-06-17,PAYMENT,10080.86,USD,INV-2026-000200,2010-AP-TRADE,IT,Payment against INV-2026-000200,POSTED
LED-0000509,INV-2026-000603,V0085,Royal Holdings Limited,2026-06-17,PAYMENT,10240.15,USD,INV-2026-000603,2010-AP-TRADE,LOG,Payment against INV-2026-000603,POSTED
LED-0000657,INV-2026-000781,V0061,Silverline Services Limited,2026-06-17,PAYMENT,8392.37,USD,INV-2026-000781,2010-AP-TRADE,IT,Payment against INV-2026-000781,POSTED
LED-0000678,INV-2026-000805,V0063,Fusion Consulting Incorporated,2026-06-17,PAYMENT,750339.01,LKR,INV-2026-000805,2000-AP,PROC,Payment against INV-2026-000805,POSTED
LED-0000750,INV-2026-000885,V0006,Crescent Industries Limited,2026-06-17,PAYMENT,8105.15,USD,INV-2026-000885,2010-AP-TRADE,HR,Payment against INV-2026-000885,POSTED
LED-0000824,INV-2026-000972,V0056,Silverline Technologies Incorporated,2026-06-17,PAYMENT,4331.9,GBP,INV-2026-000972,2010-AP-TRADE,PROC,Payment against INV-2026-000972,POSTED
LED-0001343,INV-2026-001574,V0046,Metro Holdings Incorporated,2026-06-17,PAYMENT,2248564.93,LKR,INV-2026-001574,2020-AP-SERVICES,HR,Payment against INV-2026-001574,POSTED
LED-0001595,INV-2026-001871,V0048,Zenith Trading Incorporated,2026-06-17,PAYMENT,2460.1,GBP,INV-2026-001871,2010-AP-TRADE,IT,Payment against INV-2026-001871,POSTED
LED-0001676,INV-2026-001968,V0068,Harbor Supplies Limited,2026-06-17,PAYMENT,19409.5,USD,INV-2026-001968,2020-AP-SERVICES,FIN,Payment against INV-2026-001968,POSTED
LED-0000068,INV-2026-000080,V0066,Jade Pharma Incorporated,2026-06-18,PAYMENT,11656.76,USD,INV-2026-000080,2020-AP-SERVICES,LOG,Payment against INV-2026-000080,POSTED
LED-0000109,INV-2026-000129,V0031,Pioneer Supplies Incorporated,2026-06-18,PAYMENT,1505.47,USD,INV-2026-000129,2010-AP-TRADE,LOG,Payment against INV-2026-000129,POSTED
LED-0000343,INV-2026-000404,V0017,Delta Pharma Limited,2026-06-18,PAYMENT,19541.9,USD,INV-2026-000404,2000-AP,OPS,Payment against INV-2026-000404,POSTED
LED-0000490,INV-2026-000583,V0058,Harbor Logistics Limited,2026-06-18,PAYMENT,15054.83,USD,INV-2026-000583,2020-AP-SERVICES,OPS,Payment against INV-2026-000583,POSTED
LED-0000816,INV-2026-000961,V0088,Unity Technologies Limited,2026-06-18,PAYMENT,6602.46,USD,INV-2026-000961,2000-AP,FIN,Payment against INV-2026-000961,POSTED
LED-0000909,INV-2026-001064,V0013,Delta Solutions Corporation,2026-06-18,PAYMENT,12414.06,GBP,INV-2026-001064,2010-AP-TRADE,IT,Payment against INV-2026-001064,POSTED
LED-0001059,INV-2026-001230,V0086,Orbit Supplies Limited,2026-06-18,PAYMENT,576.76,USD,INV-2026-001230,2020-AP-SERVICES,PROC,Payment against INV-2026-001230,POSTED
LED-0001161,INV-2026-001357,V0042,Evergreen Packaging Limited,2026-06-18,PAYMENT,632.69,GBP,INV-2026-001357,2020-AP-SERVICES,IT,Payment against INV-2026-001357,POSTED
LED-0001255,INV-2026-001474,V0017,Delta Pharma Limited,2026-06-18,PAYMENT,4249.71,USD,INV-2026-001474,2000-AP,IT,Payment against INV-2026-001474,POSTED
LED-0001459,INV-2026-001708,V0058,Harbor Logistics Limited,2026-06-18,PAYMENT,8198.48,USD,INV-2026-001708,2000-AP,OPS,Payment against INV-2026-001708,POSTED
LED-0000175,INV-2026-000206,V0013,Delta Solutions Corporation,2026-06-19,PAYMENT,14164.68,USD,INV-2026-000206,2020-AP-SERVICES,PROC,Payment against INV-2026-000206,POSTED
LED-0000223,INV-2026-000263,V0051,Nova Systems Corporation,2026-06-19,PAYMENT,7829.21,USD,INV-2026-000263,2020-AP-SERVICES,PROC,Payment against INV-2026-000263,POSTED
LED-0000396,INV-2026-000469,V0015,Titan Consulting Limited,2026-06-19,PAYMENT,4308.79,USD,INV-2026-000469,2020-AP-SERVICES,FIN,Payment against INV-2026-000469,POSTED
LED-0000548,INV-2026-000648,V0019,Titan Foods Incorporated,2026-06-19,PAYMENT,2127.67,USD,INV-2026-000648,2020-AP-SERVICES,MKT,Payment against INV-2026-000648,POSTED
LED-0000915,INV-2026-001071,V0018,Royal Networks Incorporated,2026-06-19,PAYMENT,16213.46,EUR,INV-2026-001071,2020-AP-SERVICES,IT,Payment against INV-2026-001071,POSTED
LED-0000943,INV-2026-001099,V0026,Vertex Consulting Incorporated,2026-06-19,PAYMENT,2927.43,USD,INV-2026-001099,2010-AP-TRADE,OPS,Payment against INV-2026-001099,POSTED
LED-0000966,INV-2026-001127,V0055,Lanka Systems Incorporated,2026-06-19,PAYMENT,17166.4,EUR,INV-2026-001127,2010-AP-TRADE,FIN,Payment against INV-2026-001127,POSTED
LED-0000974,INV-2026-001135,V0018,Royal Networks Incorporated,2026-06-19,PAYMENT,8965.15,USD,INV-2026-001135,2000-AP,PROC,Payment against INV-2026-001135,POSTED
LED-0001503,INV-2026-001756,V0071,Harbor Technologies Limited,2026-06-19,PAYMENT,18529.95,USD,INV-2026-001756,2000-AP,IT,Payment against INV-2026-001756,POSTED
LED-0001605,INV-2026-001882,V0036,Unity Packaging Corporation,2026-06-19,PAYMENT,17907.27,GBP,INV-2026-001882,2000-AP,MKT,Payment against INV-2026-001882,POSTED
LED-0000252,INV-2026-000298,V0051,Nova Systems Corporation,2026-06-20,PAYMENT,16531.42,USD,INV-2026-000298,2020-AP-SERVICES,FIN,Payment against INV-2026-000298,POSTED
LED-0000269,INV-2026-000317,V0039,Zenith Consulting Incorporated,2026-06-20,PAYMENT,18077.24,USD,INV-2026-000317,2000-AP,PROC,Payment against INV-2026-000317,POSTED
LED-0000303,INV-2026-000358,V0037,Seacrest Holdings Limited,2026-06-20,PAYMENT,6337.82,USD,INV-2026-000358,2000-AP,LOG,Payment against INV-2026-000358,POSTED
LED-0000381,INV-2026-000446,V0039,Zenith Consulting Incorporated,2026-06-20,PAYMENT,16867.02,USD,INV-2026-000446,2000-AP,MKT,Payment against INV-2026-000446,POSTED
LED-0000433,INV-2026-000512,V0084,Harbor Industries Limited,2026-06-20,PAYMENT,634070.42,LKR,INV-2026-000512,2000-AP,IT,Payment against INV-2026-000512,POSTED
LED-0000527,INV-2026-000624,V0088,Unity Technologies Limited,2026-06-20,PAYMENT,9401.49,USD,INV-2026-000624,2020-AP-SERVICES,MKT,Payment against INV-2026-000624,POSTED
LED-0000529,INV-2026-000626,V0036,Unity Packaging Corporation,2026-06-20,PAYMENT,896203.35,LKR,INV-2026-000626,2020-AP-SERVICES,FIN,Payment against INV-2026-000626,POSTED
LED-0000549,INV-2026-000649,V0078,Northstar Packaging Corporation,2026-06-20,PAYMENT,10068.7,USD,INV-2026-000649,2010-AP-TRADE,OPS,Payment against INV-2026-000649,POSTED
LED-0000642,INV-2026-000765,V0052,Apex Consulting Incorporated,2026-06-20,PAYMENT,18514.77,GBP,INV-2026-000765,2000-AP,FIN,Payment against INV-2026-000765,POSTED
LED-0000655,INV-2026-000779,V0040,Summit Textiles Incorporated,2026-06-20,PAYMENT,1535.92,GBP,INV-2026-000779,2000-AP,FIN,Payment against INV-2026-000779,POSTED
LED-0000747,INV-2026-000882,V0089,Pioneer Supplies Limited,2026-06-20,PAYMENT,398606.65,LKR,INV-2026-000882,2010-AP-TRADE,PROC,Payment against INV-2026-000882,POSTED
LED-0000829,INV-2026-000977,V0060,Zenith Packaging Limited,2026-06-20,PAYMENT,2078.06,USD,INV-2026-000977,2000-AP,FIN,Payment against INV-2026-000977,POSTED
LED-0001114,INV-2026-001297,V0024,Unity Foods Limited,2026-06-20,PAYMENT,13248.8,USD,INV-2026-001297,2010-AP-TRADE,LOG,Payment against INV-2026-001297,POSTED
LED-0001133,INV-2026-001319,V0017,Delta Pharma Limited,2026-06-20,PAYMENT,2148543.8,LKR,INV-2026-001319,2010-AP-TRADE,OPS,Payment against INV-2026-001319,POSTED
LED-0001491,INV-2026-001744,V0066,Jade Pharma Incorporated,2026-06-20,PAYMENT,2059736.17,LKR,INV-2026-001744,2000-AP,OPS,Payment against INV-2026-001744,POSTED
LED-0001508,INV-2026-001764,V0027,Pioneer Solutions Incorporated,2026-06-20,PAYMENT,1893687.94,LKR,INV-2026-001764,2010-AP-TRADE,HR,Payment against INV-2026-001764,POSTED
LED-0000022,INV-2026-000029,V0061,Silverline Services Limited,2026-06-21,PAYMENT,3785.15,USD,INV-2026-000029,2020-AP-SERVICES,IT,Payment against INV-2026-000029,POSTED
LED-0000085,INV-2026-000102,V0032,Keystone Logistics Limited,2026-06-21,PAYMENT,11590.01,USD,INV-2026-000102,2020-AP-SERVICES,FIN,Payment against INV-2026-000102,POSTED
LED-0000301,INV-2026-000356,V0051,Nova Systems Corporation,2026-06-21,PAYMENT,627546.28,LKR,INV-2026-000356,2000-AP,LOG,Payment against INV-2026-000356,POSTED
LED-0000473,INV-2026-000563,V0030,Orbit Pharma Corporation,2026-06-21,PAYMENT,17132.59,GBP,INV-2026-000563,2010-AP-TRADE,LOG,Payment against INV-2026-000563,POSTED
LED-0000664,INV-2026-000789,V0079,Global Trading Limited,2026-06-21,PAYMENT,14466.95,GBP,INV-2026-000789,2020-AP-SERVICES,HR,Payment against INV-2026-000789,POSTED
LED-0000737,INV-2026-000871,V0090,Nova Packaging Corporation,2026-06-21,PAYMENT,16075.61,GBP,INV-2026-000871,2000-AP,LOG,Payment against INV-2026-000871,POSTED
LED-0000962,INV-2026-001119,V0014,Delta Foods Corporation,2026-06-21,PAYMENT,11318.41,USD,INV-2026-001119,2010-AP-TRADE,FIN,Payment against INV-2026-001119,POSTED
LED-0001006,INV-2026-001170,V0025,Lanka Foods Limited,2026-06-21,PAYMENT,388354.48,LKR,INV-2026-001170,2020-AP-SERVICES,FIN,Payment against INV-2026-001170,POSTED
LED-0001109,INV-2026-001290,V0033,BrightPath Logistics Corporation,2026-06-21,PAYMENT,15271.71,USD,INV-2026-001290,2010-AP-TRADE,PROC,Payment against INV-2026-001290,POSTED
LED-0001300,INV-2026-001522,V0042,Evergreen Packaging Limited,2026-06-21,PAYMENT,13408.43,EUR,INV-2026-001522,2010-AP-TRADE,PROC,Payment against INV-2026-001522,POSTED
LED-0001332,INV-2026-001561,V0044,Evergreen Systems Incorporated,2026-06-21,PAYMENT,3041.15,USD,INV-2026-001561,2010-AP-TRADE,LOG,Payment against INV-2026-001561,POSTED
LED-0001440,INV-2026-001685,V0090,Nova Packaging Corporation,2026-06-21,PAYMENT,1055.45,USD,INV-2026-001685,2010-AP-TRADE,FIN,Payment against INV-2026-001685,POSTED
LED-0000413,INV-2026-000488,V0082,Redwood Logistics Incorporated,2026-06-22,PAYMENT,4873.33,USD,INV-2026-000488,2020-AP-SERVICES,IT,Payment against INV-2026-000488,POSTED
LED-0000546,INV-2026-000646,V0056,Silverline Technologies Incorporated,2026-06-22,PAYMENT,3567.39,GBP,INV-2026-000646,2010-AP-TRADE,HR,Payment against INV-2026-000646,POSTED
LED-0000567,INV-2026-000669,V0028,Unity Systems Incorporated,2026-06-22,PAYMENT,19160.97,GBP,INV-2026-000669,2000-AP,PROC,Payment against INV-2026-000669,POSTED
LED-0000805,INV-2026-000946,V0061,Silverline Services Limited,2026-06-22,PAYMENT,12072.87,USD,INV-2026-000946,2000-AP,LOG,Payment against INV-2026-000946,POSTED
LED-0001155,INV-2026-001349,V0022,Crescent Supplies Limited,2026-06-22,PAYMENT,1448931.98,LKR,INV-2026-001349,2020-AP-SERVICES,LOG,Payment against INV-2026-001349,POSTED
LED-0001604,INV-2026-001881,V0031,Pioneer Supplies Incorporated,2026-06-22,PAYMENT,18551.42,USD,INV-2026-001881,2000-AP,HR,Payment against INV-2026-001881,POSTED
LED-0001657,INV-2026-001944,V0003,Harbor Services Incorporated,2026-06-22,PAYMENT,8556.77,EUR,INV-2026-001944,2020-AP-SERVICES,OPS,Payment against INV-2026-001944,POSTED
LED-0001741,,V0065,Pioneer Industries Incorporated,2026-06-22,ACCRUAL,980.1,USD,JRN-001741,6200-ADMIN,FIN,Prior-period correction,POSTED
LED-0000030,INV-2026-000038,V0070,Royal Supplies Incorporated,2026-06-23,PAYMENT,13209.87,USD,INV-2026-000038,2000-AP,OPS,Payment against INV-2026-000038,POSTED
LED-0000538,INV-2026-000637,V0021,Vertex Supplies Corporation,2026-06-23,PAYMENT,8134.21,USD,INV-2026-000637,2020-AP-SERVICES,LOG,Payment against INV-2026-000637,POSTED
LED-0000627,INV-2026-000749,V0048,Zenith Trading Incorporated,2026-06-23,PAYMENT,18427.64,USD,INV-2026-000749,2000-AP,FIN,Payment against INV-2026-000749,POSTED
LED-0000767,INV-2026-000903,V0069,Keystone Technologies Incorporated,2026-06-23,PAYMENT,1045.91,USD,INV-2026-000903,2020-AP-SERVICES,FIN,Payment against INV-2026-000903,POSTED
LED-0000777,INV-2026-000915,V0073,Crescent Logistics Corporation,2026-06-23,PAYMENT,13085.6,USD,INV-2026-000915,2010-AP-TRADE,LOG,Payment against INV-2026-000915,POSTED
LED-0000917,INV-2026-001073,V0088,Unity Technologies Limited,2026-06-23,PAYMENT,9039.2,EUR,INV-2026-001073,2000-AP,IT,Payment against INV-2026-001073,POSTED
LED-0001143,INV-2026-001334,V0055,Lanka Systems Incorporated,2026-06-23,PAYMENT,17972.31,USD,INV-2026-001334,2000-AP,HR,Payment against INV-2026-001334,POSTED
LED-0001500,INV-2026-001753,V0033,BrightPath Logistics Corporation,2026-06-23,PAYMENT,12659.37,EUR,INV-2026-001753,2020-AP-SERVICES,OPS,Payment against INV-2026-001753,POSTED
LED-0000118,INV-2026-000139,V0011,Nova Engineering Corporation,2026-06-24,PAYMENT,411913.68,LKR,INV-2026-000139,2020-AP-SERVICES,IT,Payment against INV-2026-000139,POSTED
LED-0000441,INV-2026-000524,V0002,Zenith Consulting Limited,2026-06-24,PAYMENT,331.71,USD,INV-2026-000524,2000-AP,FIN,Payment against INV-2026-000524,POSTED
LED-0000586,INV-2026-000694,V0064,Redwood Textiles Limited,2026-06-24,PAYMENT,17874.53,GBP,INV-2026-000694,2010-AP-TRADE,IT,Payment against INV-2026-000694,POSTED
LED-0000694,INV-2026-000821,V0022,Crescent Supplies Limited,2026-06-24,PAYMENT,17572.59,USD,INV-2026-000821,2020-AP-SERVICES,PROC,Payment against INV-2026-000821,POSTED
LED-0001101,INV-2026-001282,V0077,Pioneer Packaging Limited,2026-06-24,PAYMENT,9637.98,EUR,INV-2026-001282,2010-AP-TRADE,IT,Payment against INV-2026-001282,POSTED
LED-0001150,INV-2026-001343,V0063,Fusion Consulting Incorporated,2026-06-24,PAYMENT,7941.67,EUR,INV-2026-001343,2010-AP-TRADE,FIN,Payment against INV-2026-001343,POSTED
LED-0001663,INV-2026-001952,V0040,Summit Textiles Incorporated,2026-06-24,PAYMENT,13156.36,EUR,INV-2026-001952,2000-AP,FIN,Payment against INV-2026-001952,POSTED
LED-0001791,,V0039,Zenith Consulting Incorporated,2026-06-24,ACCRUAL,4713.5,GBP,JRN-001791,6990-ADJUSTMENTS,PROC,Vendor balance adjustment,POSTED
LED-0000112,INV-2026-000133,V0085,Royal Holdings Limited,2026-06-25,PAYMENT,1268199.78,LKR,INV-2026-000133,2020-AP-SERVICES,OPS,Payment against INV-2026-000133,POSTED
LED-0000422,INV-2026-000500,V0064,Redwood Textiles Limited,2026-06-25,PAYMENT,1717751.44,LKR,INV-2026-000500,2010-AP-TRADE,LOG,Payment against INV-2026-000500,POSTED
LED-0000728,INV-2026-000861,V0016,Zenith Holdings Incorporated,2026-06-25,PAYMENT,5665.14,USD,INV-2026-000861,2020-AP-SERVICES,MKT,Payment against INV-2026-000861,POSTED
LED-0001445,INV-2026-001693,V0027,Pioneer Solutions Incorporated,2026-06-25,PAYMENT,7290.68,GBP,INV-2026-001693,2010-AP-TRADE,HR,Payment against INV-2026-001693,POSTED
LED-0001499,INV-2026-001752,V0033,BrightPath Logistics Corporation,2026-06-25,PAYMENT,2853.02,USD,INV-2026-001752,2000-AP,IT,Payment against INV-2026-001752,POSTED
LED-0001653,INV-2026-001940,V0055,Lanka Systems Incorporated,2026-06-25,PAYMENT,4958.65,EUR,INV-2026-001940,2010-AP-TRADE,PROC,Payment against INV-2026-001940,POSTED
LED-0000141,INV-2026-000163,V0064,Redwood Textiles Limited,2026-06-26,PAYMENT,19355.63,USD,INV-2026-000163,2020-AP-SERVICES,HR,Payment against INV-2026-000163,POSTED
LED-0000318,INV-2026-000376,V0075,Vertex Packaging Limited,2026-06-26,PAYMENT,14563.81,USD,INV-2026-000376,2000-AP,OPS,Payment against INV-2026-000376,POSTED
LED-0000471,INV-2026-000559,V0074,Crescent Supplies Corporation,2026-06-26,PAYMENT,939.81,USD,INV-2026-000559,2010-AP-TRADE,OPS,Payment against INV-2026-000559,POSTED
LED-0000501,INV-2026-000595,V0038,Insight Services Limited,2026-06-26,PAYMENT,10397.36,GBP,INV-2026-000595,2020-AP-SERVICES,HR,Payment against INV-2026-000595,POSTED
LED-0000744,INV-2026-000878,V0086,Orbit Supplies Limited,2026-06-26,PAYMENT,9001.03,GBP,INV-2026-000878,2000-AP,OPS,Payment against INV-2026-000878,POSTED
LED-0000841,INV-2026-000992,V0032,Keystone Logistics Limited,2026-06-26,PAYMENT,3140.06,USD,INV-2026-000992,2000-AP,FIN,Payment against INV-2026-000992,POSTED
LED-0001008,INV-2026-001172,V0090,Nova Packaging Corporation,2026-06-26,PAYMENT,8940.77,USD,INV-2026-001172,2000-AP,MKT,Payment against INV-2026-001172,POSTED
LED-0001050,INV-2026-001219,V0050,Keystone Trading Corporation,2026-06-26,PAYMENT,4571.66,EUR,INV-2026-001219,2010-AP-TRADE,OPS,Payment against INV-2026-001219,POSTED
LED-0001171,INV-2026-001370,V0048,Zenith Trading Incorporated,2026-06-26,PAYMENT,6949.15,USD,INV-2026-001370,2010-AP-TRADE,PROC,Payment against INV-2026-001370,POSTED
LED-0001416,INV-2026-001659,V0078,Northstar Packaging Corporation,2026-06-26,PAYMENT,18952.94,USD,INV-2026-001659,2000-AP,IT,Payment against INV-2026-001659,POSTED
LED-0001472,INV-2026-001723,V0004,Delta Solutions Incorporated,2026-06-26,PAYMENT,11111.32,USD,INV-2026-001723,2010-AP-TRADE,HR,Payment against INV-2026-001723,POSTED
LED-0001485,INV-2026-001738,V0010,Silverline Systems Incorporated,2026-06-26,PAYMENT,13841.94,USD,INV-2026-001738,2000-AP,MKT,Payment against INV-2026-001738,POSTED
LED-0000083,INV-2026-000099,V0065,Pioneer Industries Incorporated,2026-06-27,PAYMENT,9456.25,USD,INV-2026-000099,2000-AP,IT,Payment against INV-2026-000099,POSTED
LED-0000107,INV-2026-000127,V0061,Silverline Services Limited,2026-06-27,PAYMENT,18128.45,USD,INV-2026-000127,2000-AP,MKT,Payment against INV-2026-000127,POSTED
LED-0000117,INV-2026-000138,V0024,Unity Foods Limited,2026-06-27,PAYMENT,21269.59,USD,INV-2026-000138,2000-AP,PROC,Payment against INV-2026-000138,POSTED
LED-0000855,INV-2026-001007,V0047,Insight Technologies Incorporated,2026-06-27,PAYMENT,13353.63,GBP,INV-2026-001007,2010-AP-TRADE,HR,Payment against INV-2026-001007,POSTED
LED-0001032,INV-2026-001199,V0048,Zenith Trading Incorporated,2026-06-27,PAYMENT,3444.91,USD,INV-2026-001199,2020-AP-SERVICES,HR,Payment against INV-2026-001199,POSTED
LED-0001069,INV-2026-001243,V0065,Pioneer Industries Incorporated,2026-06-27,PAYMENT,14298.36,USD,INV-2026-001243,2020-AP-SERVICES,LOG,Payment against INV-2026-001243,POSTED
LED-0001147,INV-2026-001338,V0085,Royal Holdings Limited,2026-06-27,PAYMENT,12590.43,GBP,INV-2026-001338,2010-AP-TRADE,HR,Payment against INV-2026-001338,POSTED
LED-0001331,INV-2026-001560,V0051,Nova Systems Corporation,2026-06-27,PAYMENT,2331.76,USD,INV-2026-001560,2000-AP,FIN,Payment against INV-2026-001560,POSTED
LED-0001450,INV-2026-001699,V0089,Pioneer Supplies Limited,2026-06-27,PAYMENT,653.74,USD,INV-2026-001699,2020-AP-SERVICES,PROC,Payment against INV-2026-001699,POSTED
LED-0001537,INV-2026-001802,V0054,Jade Industries Limited,2026-06-27,PAYMENT,1732.85,USD,INV-2026-001802,2010-AP-TRADE,IT,Payment against INV-2026-001802,POSTED
LED-0001641,INV-2026-001926,V0060,Zenith Packaging Limited,2026-06-27,PAYMENT,1283728.78,LKR,INV-2026-001926,2000-AP,FIN,Payment against INV-2026-001926,POSTED
LED-0001667,INV-2026-001956,V0053,Pioneer Trading Incorporated,2026-06-27,PAYMENT,520775.67,LKR,INV-2026-001956,2010-AP-TRADE,IT,Payment against INV-2026-001956,POSTED
LED-0000032,INV-2026-000040,V0061,Silverline Services Limited,2026-06-28,PAYMENT,4287.2,USD,INV-2026-000040,2010-AP-TRADE,MKT,Payment against INV-2026-000040,POSTED
LED-0000556,INV-2026-000657,V0038,Insight Services Limited,2026-06-28,PAYMENT,9757.03,USD,INV-2026-000657,2000-AP,OPS,Payment against INV-2026-000657,POSTED
LED-0000572,INV-2026-000675,V0010,Silverline Systems Incorporated,2026-06-28,PAYMENT,996178.76,LKR,INV-2026-000675,2000-AP,PROC,Payment against INV-2026-000675,POSTED
LED-0000585,INV-2026-000693,V0035,Global Engineering Limited,2026-06-28,PAYMENT,4876.36,USD,INV-2026-000693,2020-AP-SERVICES,FIN,Payment against INV-2026-000693,POSTED
LED-0000765,INV-2026-000900,V0041,Metro Foods Limited,2026-06-28,PAYMENT,1421.31,USD,INV-2026-000900,2010-AP-TRADE,FIN,Payment against INV-2026-000900,POSTED
LED-0000944,INV-2026-001100,V0058,Harbor Logistics Limited,2026-06-28,PAYMENT,1612.65,USD,INV-2026-001100,2000-AP,LOG,Payment against INV-2026-001100,POSTED
LED-0001127,INV-2026-001313,V0066,Jade Pharma Incorporated,2026-06-28,PAYMENT,8799.03,USD,INV-2026-001313,2020-AP-SERVICES,PROC,Payment against INV-2026-001313,POSTED
LED-0001181,INV-2026-001380,V0018,Royal Networks Incorporated,2026-06-28,PAYMENT,14404.03,USD,INV-2026-001380,2000-AP,MKT,Payment against INV-2026-001380,POSTED
LED-0001710,,V0041,Metro Foods Limited,2026-06-28,REVERSAL,25364.37,LKR,JRN-001710,6990-ADJUSTMENTS,MKT,Vendor balance adjustment,POSTED
LED-0001812,,V0051,Nova Systems Corporation,2026-06-28,REVERSAL,4270.2,EUR,JRN-001812,2000-AP,IT,Reversal entry,POSTED
LED-0000044,INV-2026-000053,V0013,Delta Solutions Corporation,2026-06-29,PAYMENT,15930.4,USD,INV-2026-000053,2000-AP,HR,Payment against INV-2026-000053,POSTED
LED-0000104,INV-2026-000124,V0035,Global Engineering Limited,2026-06-29,PAYMENT,16641.21,USD,INV-2026-000124,2010-AP-TRADE,OPS,Payment against INV-2026-000124,POSTED
LED-0000129,INV-2026-000151,V0062,Vertex Packaging Incorporated,2026-06-29,PAYMENT,958675.9,LKR,INV-2026-000151,2020-AP-SERVICES,OPS,Payment against INV-2026-000151,POSTED
LED-0000167,INV-2026-000196,V0011,Nova Engineering Corporation,2026-06-29,PAYMENT,14110.87,EUR,INV-2026-000196,2020-AP-SERVICES,MKT,Payment against INV-2026-000196,POSTED
LED-0000197,INV-2026-000233,V0021,Vertex Supplies Corporation,2026-06-29,PAYMENT,18384.14,EUR,INV-2026-000233,2000-AP,MKT,Payment against INV-2026-000233,POSTED
LED-0000331,INV-2026-000391,V0069,Keystone Technologies Incorporated,2026-06-29,PAYMENT,23475.21,EUR,INV-2026-000391,2020-AP-SERVICES,MKT,Payment against INV-2026-000391,POSTED
LED-0000575,INV-2026-000679,V0008,Global Textiles Limited,2026-06-29,PAYMENT,11608.24,USD,INV-2026-000679,2010-AP-TRADE,MKT,Payment against INV-2026-000679,POSTED
LED-0000842,INV-2026-000993,V0027,Pioneer Solutions Incorporated,2026-06-29,PAYMENT,21248.98,USD,INV-2026-000993,2000-AP,FIN,Payment against INV-2026-000993,POSTED
LED-0000843,INV-2026-000994,V0041,Metro Foods Limited,2026-06-29,PAYMENT,17446.64,EUR,INV-2026-000994,2000-AP,FIN,Payment against INV-2026-000994,POSTED
LED-0000853,INV-2026-001005,V0050,Keystone Trading Corporation,2026-06-29,PAYMENT,16510.46,USD,INV-2026-001005,2020-AP-SERVICES,PROC,Payment against INV-2026-001005,POSTED
LED-0000865,INV-2026-001017,V0004,Delta Solutions Incorporated,2026-06-29,PAYMENT,9765.66,USD,INV-2026-001017,2000-AP,OPS,Payment against INV-2026-001017,POSTED
LED-0001244,INV-2026-001461,V0043,Silverline Logistics Limited,2026-06-29,PAYMENT,19795.6,USD,INV-2026-001461,2000-AP,OPS,Payment against INV-2026-001461,POSTED
LED-0001409,INV-2026-001652,V0009,Orbit Consulting Limited,2026-06-29,PAYMENT,18495.11,GBP,INV-2026-001652,2000-AP,OPS,Payment against INV-2026-001652,POSTED
LED-0001623,INV-2026-001904,V0006,Crescent Industries Limited,2026-06-29,PAYMENT,738.16,USD,INV-2026-001904,2000-AP,PROC,Payment against INV-2026-001904,POSTED
LED-0001680,INV-2026-001972,V0070,Royal Supplies Incorporated,2026-06-29,PAYMENT,2530.73,USD,INV-2026-001972,2020-AP-SERVICES,PROC,Payment against INV-2026-001972,POSTED
LED-0001811,,V0082,Redwood Logistics Incorporated,2026-06-29,ADJUSTMENT,732.04,USD,JRN-001811,6200-ADMIN,PROC,Manual adjustment,POSTED
LED-0000029,INV-2026-000037,V0077,Pioneer Packaging Limited,2026-06-30,PAYMENT,3058.74,USD,INV-2026-000037,2000-AP,OPS,Payment against INV-2026-000037,POSTED
LED-0000375,INV-2026-000439,V0066,Jade Pharma Incorporated,2026-06-30,PAYMENT,1170.29,USD,INV-2026-000439,2010-AP-TRADE,LOG,Payment against INV-2026-000439,POSTED
LED-0000423,INV-2026-000501,V0064,Redwood Textiles Limited,2026-06-30,PAYMENT,4318.82,USD,INV-2026-000501,2010-AP-TRADE,FIN,Payment against INV-2026-000501,POSTED
LED-0000542,INV-2026-000641,V0075,Vertex Packaging Limited,2026-06-30,PAYMENT,314782.57,LKR,INV-2026-000641,2020-AP-SERVICES,OPS,Payment against INV-2026-000641,POSTED
LED-0000579,INV-2026-000684,V0084,Harbor Industries Limited,2026-06-30,PAYMENT,20032.51,GBP,INV-2026-000684,2000-AP,FIN,Payment against INV-2026-000684,POSTED
LED-0000888,INV-2026-001041,V0021,Vertex Supplies Corporation,2026-06-30,PAYMENT,15072.04,USD,INV-2026-001041,2010-AP-TRADE,FIN,Payment against INV-2026-001041,POSTED
LED-0001195,INV-2026-001397,V0076,Royal Services Incorporated,2026-06-30,PAYMENT,359438.29,LKR,INV-2026-001397,2010-AP-TRADE,OPS,Payment against INV-2026-001397,POSTED
LED-0001247,INV-2026-001464,V0021,Vertex Supplies Corporation,2026-06-30,PAYMENT,16869.29,USD,INV-2026-001464,2010-AP-TRADE,PROC,Payment against INV-2026-001464,POSTED
LED-0001280,INV-2026-001501,V0074,Crescent Supplies Corporation,2026-06-30,PAYMENT,19859.84,GBP,INV-2026-001501,2020-AP-SERVICES,HR,Payment against INV-2026-001501,POSTED
LED-0001520,INV-2026-001780,V0037,Seacrest Holdings Limited,2026-06-30,PAYMENT,1091930.54,LKR,INV-2026-001780,2000-AP,HR,Payment against INV-2026-001780,POSTED
LED-0001543,INV-2026-001811,V0009,Orbit Consulting Limited,2026-06-30,PAYMENT,635388.57,LKR,INV-2026-001811,2000-AP,LOG,Payment against INV-2026-001811,POSTED
LED-0000069,INV-2026-000081,V0059,Seacrest Solutions Limited,2026-07-01,PAYMENT,21969.1,USD,INV-2026-000081,2010-AP-TRADE,IT,Payment against INV-2026-000081,POSTED
LED-0000327,INV-2026-000387,V0065,Pioneer Industries Incorporated,2026-07-01,PAYMENT,1417.91,USD,INV-2026-000387,2020-AP-SERVICES,HR,Payment against INV-2026-000387,POSTED
LED-0000332,INV-2026-000393,V0027,Pioneer Solutions Incorporated,2026-07-01,PAYMENT,8486.92,USD,INV-2026-000393,2010-AP-TRADE,LOG,Payment against INV-2026-000393,POSTED
LED-0000401,INV-2026-000474,V0044,Evergreen Systems Incorporated,2026-07-01,PAYMENT,1637.46,EUR,INV-2026-000474,2000-AP,IT,Payment against INV-2026-000474,POSTED
LED-0000431,INV-2026-000510,V0061,Silverline Services Limited,2026-07-01,PAYMENT,16116.31,USD,INV-2026-000510,2000-AP,LOG,Payment against INV-2026-000510,POSTED
LED-0000536,INV-2026-000635,V0078,Northstar Packaging Corporation,2026-07-01,PAYMENT,2556.22,EUR,INV-2026-000635,2000-AP,LOG,Payment against INV-2026-000635,POSTED
LED-0000554,INV-2026-000655,V0061,Silverline Services Limited,2026-07-01,PAYMENT,7706.82,USD,INV-2026-000655,2020-AP-SERVICES,IT,Payment against INV-2026-000655,POSTED
LED-0000564,INV-2026-000666,V0031,Pioneer Supplies Incorporated,2026-07-01,PAYMENT,8056.62,EUR,INV-2026-000666,2010-AP-TRADE,LOG,Payment against INV-2026-000666,POSTED
LED-0000584,INV-2026-000692,V0084,Harbor Industries Limited,2026-07-01,PAYMENT,15297.54,USD,INV-2026-000692,2010-AP-TRADE,FIN,Payment against INV-2026-000692,POSTED
LED-0000683,INV-2026-000810,V0088,Unity Technologies Limited,2026-07-01,PAYMENT,581549.72,LKR,INV-2026-000810,2020-AP-SERVICES,FIN,Payment against INV-2026-000810,POSTED
LED-0000684,INV-2026-000811,V0049,Seacrest Consulting Incorporated,2026-07-01,PAYMENT,21813.67,USD,INV-2026-000811,2020-AP-SERVICES,HR,Payment against INV-2026-000811,POSTED
LED-0000772,INV-2026-000908,V0027,Pioneer Solutions Incorporated,2026-07-01,PAYMENT,513.99,USD,INV-2026-000908,2020-AP-SERVICES,IT,Payment against INV-2026-000908,POSTED
LED-0000798,INV-2026-000939,V0081,Nova Textiles Corporation,2026-07-01,PAYMENT,19509.15,USD,INV-2026-000939,2010-AP-TRADE,FIN,Payment against INV-2026-000939,POSTED
LED-0000947,INV-2026-001104,V0066,Jade Pharma Incorporated,2026-07-01,PAYMENT,15600.72,GBP,INV-2026-001104,2000-AP,OPS,Payment against INV-2026-001104,POSTED
LED-0001169,INV-2026-001368,V0081,Nova Textiles Corporation,2026-07-01,PAYMENT,17261.49,USD,INV-2026-001368,2020-AP-SERVICES,IT,Payment against INV-2026-001368,POSTED
LED-0001251,INV-2026-001470,V0064,Redwood Textiles Limited,2026-07-01,PAYMENT,21402.0,GBP,INV-2026-001470,2020-AP-SERVICES,OPS,Payment against INV-2026-001470,POSTED
LED-0001379,INV-2026-001613,V0003,Harbor Services Incorporated,2026-07-01,PAYMENT,9197.83,GBP,INV-2026-001613,2020-AP-SERVICES,PROC,Payment against INV-2026-001613,POSTED
LED-0001480,INV-2026-001732,V0012,Evergreen Industries Corporation,2026-07-01,PAYMENT,4751.58,GBP,INV-2026-001732,2020-AP-SERVICES,OPS,Payment against INV-2026-001732,POSTED
LED-0001535,INV-2026-001800,V0007,Quantum Technologies Incorporated,2026-07-01,PAYMENT,1729673.68,LKR,INV-2026-001800,2010-AP-TRADE,FIN,Payment against INV-2026-001800,POSTED
LED-0001614,INV-2026-001894,V0084,Harbor Industries Limited,2026-07-01,PAYMENT,11979.47,USD,INV-2026-001894,2000-AP,FIN,Payment against INV-2026-001894,POSTED
LED-0001628,INV-2026-001909,V0072,Westbridge Logistics Limited,2026-07-01,PAYMENT,15756.08,USD,INV-2026-001909,2010-AP-TRADE,IT,Payment against INV-2026-001909,POSTED
LED-0000173,INV-2026-000204,V0039,Zenith Consulting Incorporated,2026-07-02,PAYMENT,10694.84,USD,INV-2026-000204,2000-AP,OPS,Payment against INV-2026-000204,POSTED
LED-0000324,INV-2026-000383,V0041,Metro Foods Limited,2026-07-02,PAYMENT,9106.82,USD,INV-2026-000383,2010-AP-TRADE,MKT,Payment against INV-2026-000383,POSTED
LED-0000459,INV-2026-000545,V0009,Orbit Consulting Limited,2026-07-02,PAYMENT,11592.36,USD,INV-2026-000545,2000-AP,OPS,Payment against INV-2026-000545,POSTED
LED-0000550,INV-2026-000651,V0070,Royal Supplies Incorporated,2026-07-02,PAYMENT,22502.37,USD,INV-2026-000651,2010-AP-TRADE,IT,Payment against INV-2026-000651,POSTED
LED-0000870,INV-2026-001022,V0080,Vertex Textiles Corporation,2026-07-02,PAYMENT,13245.34,USD,INV-2026-001022,2000-AP,PROC,Payment against INV-2026-001022,POSTED
LED-0000921,INV-2026-001077,V0005,Nova Logistics Limited,2026-07-02,PAYMENT,1068472.36,LKR,INV-2026-001077,2000-AP,HR,Payment against INV-2026-001077,POSTED
LED-0001022,INV-2026-001188,V0015,Titan Consulting Limited,2026-07-02,PAYMENT,2428.58,USD,INV-2026-001188,2020-AP-SERVICES,IT,Payment against INV-2026-001188,POSTED
LED-0001073,INV-2026-001247,V0081,Nova Textiles Corporation,2026-07-02,PAYMENT,8353.62,USD,INV-2026-001247,2010-AP-TRADE,LOG,Payment against INV-2026-001247,POSTED
LED-0001089,INV-2026-001267,V0076,Royal Services Incorporated,2026-07-02,PAYMENT,13634.94,EUR,INV-2026-001267,2000-AP,IT,Payment against INV-2026-001267,POSTED
LED-0001339,INV-2026-001569,V0007,Quantum Technologies Incorporated,2026-07-02,PAYMENT,11003.3,USD,INV-2026-001569,2020-AP-SERVICES,IT,Payment against INV-2026-001569,POSTED
LED-0000004,INV-2026-000005,V0043,Silverline Logistics Limited,2026-07-03,PAYMENT,1493.63,USD,INV-2026-000005,2000-AP,PROC,Payment against INV-2026-000005,POSTED
LED-0000231,INV-2026-000273,V0027,Pioneer Solutions Incorporated,2026-07-03,PAYMENT,1685912.1,LKR,INV-2026-000273,2020-AP-SERVICES,LOG,Payment against INV-2026-000273,POSTED
LED-0000452,INV-2026-000538,V0075,Vertex Packaging Limited,2026-07-03,PAYMENT,7503.41,USD,INV-2026-000538,2010-AP-TRADE,HR,Payment against INV-2026-000538,POSTED
LED-0000516,INV-2026-000611,V0064,Redwood Textiles Limited,2026-07-03,PAYMENT,18610.05,USD,INV-2026-000611,2010-AP-TRADE,FIN,Payment against INV-2026-000611,POSTED
LED-0000861,INV-2026-001013,V0054,Jade Industries Limited,2026-07-03,PAYMENT,6437.42,GBP,INV-2026-001013,2010-AP-TRADE,OPS,Payment against INV-2026-001013,POSTED
LED-0001257,INV-2026-001476,V0070,Royal Supplies Incorporated,2026-07-03,PAYMENT,11277.07,EUR,INV-2026-001476,2020-AP-SERVICES,HR,Payment against INV-2026-001476,POSTED
LED-0001655,INV-2026-001942,V0031,Pioneer Supplies Incorporated,2026-07-03,PAYMENT,17887.25,GBP,INV-2026-001942,2000-AP,FIN,Payment against INV-2026-001942,POSTED
LED-0001718,,V0083,Metro Engineering Limited,2026-07-03,REVERSAL,280.23,EUR,JRN-001718,2000-AP,MKT,Vendor balance adjustment,POSTED
LED-0000148,INV-2026-000171,V0066,Jade Pharma Incorporated,2026-07-04,PAYMENT,12442.03,GBP,INV-2026-000171,2000-AP,OPS,Payment against INV-2026-000171,POSTED
LED-0000155,INV-2026-000180,V0087,Orbit Trading Limited,2026-07-04,PAYMENT,16389.34,USD,INV-2026-000180,2020-AP-SERVICES,OPS,Payment against INV-2026-000180,POSTED
LED-0000308,INV-2026-000363,V0053,Pioneer Trading Incorporated,2026-07-04,PAYMENT,763472.66,LKR,INV-2026-000363,2000-AP,OPS,Payment against INV-2026-000363,POSTED
LED-0000913,INV-2026-001068,V0046,Metro Holdings Incorporated,2026-07-04,PAYMENT,6163.7,USD,INV-2026-001068,2020-AP-SERVICES,PROC,Payment against INV-2026-001068,POSTED
LED-0001215,INV-2026-001425,V0055,Lanka Systems Incorporated,2026-07-04,PAYMENT,1357569.85,LKR,INV-2026-001425,2010-AP-TRADE,PROC,Payment against INV-2026-001425,POSTED
LED-0001728,,V0036,Unity Packaging Corporation,2026-07-04,ACCRUAL,233471.35,LKR,JRN-001728,6990-ADJUSTMENTS,PROC,Vendor balance adjustment,POSTED
LED-0000006,INV-2026-000007,V0070,Royal Supplies Incorporated,2026-07-05,PAYMENT,4930.31,USD,INV-2026-000007,2010-AP-TRADE,HR,Payment against INV-2026-000007,POSTED
LED-0000013,INV-2026-000016,V0045,Nova Solutions Corporation,2026-07-05,PAYMENT,8609.99,GBP,INV-2026-000016,2000-AP,MKT,Payment against INV-2026-000016,POSTED
LED-0000115,INV-2026-000136,V0051,Nova Systems Corporation,2026-07-05,PAYMENT,1000.66,USD,INV-2026-000136,2000-AP,OPS,Payment against INV-2026-000136,POSTED
LED-0000525,INV-2026-000622,V0004,Delta Solutions Incorporated,2026-07-05,PAYMENT,4291.55,USD,INV-2026-000622,2020-AP-SERVICES,FIN,Payment against INV-2026-000622,POSTED
LED-0000644,INV-2026-000767,V0075,Vertex Packaging Limited,2026-07-05,PAYMENT,1869412.81,LKR,INV-2026-000767,2010-AP-TRADE,HR,Payment against INV-2026-000767,POSTED
LED-0000895,INV-2026-001048,V0013,Delta Solutions Corporation,2026-07-05,PAYMENT,11499.96,USD,INV-2026-001048,2020-AP-SERVICES,LOG,Payment against INV-2026-001048,POSTED
LED-0001036,INV-2026-001203,V0037,Seacrest Holdings Limited,2026-07-05,PAYMENT,5109.65,EUR,INV-2026-001203,2020-AP-SERVICES,MKT,Payment against INV-2026-001203,POSTED
LED-0001095,INV-2026-001275,V0074,Crescent Supplies Corporation,2026-07-05,PAYMENT,8287.96,USD,INV-2026-001275,2010-AP-TRADE,HR,Payment against INV-2026-001275,POSTED
LED-0001115,INV-2026-001298,V0034,Metro Consulting Limited,2026-07-05,PAYMENT,93227.84,LKR,INV-2026-001298,2010-AP-TRADE,MKT,Payment against INV-2026-001298,POSTED
LED-0001160,INV-2026-001356,V0070,Royal Supplies Incorporated,2026-07-05,PAYMENT,16224.08,USD,INV-2026-001356,2020-AP-SERVICES,MKT,Payment against INV-2026-001356,POSTED
LED-0001172,INV-2026-001371,V0067,Unity Foods Corporation,2026-07-05,PAYMENT,10067.82,USD,INV-2026-001371,2020-AP-SERVICES,LOG,Payment against INV-2026-001371,POSTED
LED-0001306,INV-2026-001530,V0044,Evergreen Systems Incorporated,2026-07-05,PAYMENT,15700.34,USD,INV-2026-001530,2000-AP,OPS,Payment against INV-2026-001530,POSTED
LED-0001356,INV-2026-001587,V0008,Global Textiles Limited,2026-07-05,PAYMENT,16973.75,USD,INV-2026-001587,2000-AP,LOG,Payment against INV-2026-001587,POSTED
LED-0000012,INV-2026-000015,V0010,Silverline Systems Incorporated,2026-07-06,PAYMENT,15098.61,USD,INV-2026-000015,2020-AP-SERVICES,MKT,Payment against INV-2026-000015,POSTED
LED-0000213,INV-2026-000251,V0077,Pioneer Packaging Limited,2026-07-06,PAYMENT,12677.0,USD,INV-2026-000251,2010-AP-TRADE,IT,Payment against INV-2026-000251,POSTED
LED-0000228,INV-2026-000270,V0073,Crescent Logistics Corporation,2026-07-06,PAYMENT,2370.63,EUR,INV-2026-000270,2020-AP-SERVICES,MKT,Payment against INV-2026-000270,POSTED
LED-0000358,INV-2026-000420,V0077,Pioneer Packaging Limited,2026-07-06,PAYMENT,19406.25,EUR,INV-2026-000420,2000-AP,HR,Payment against INV-2026-000420,POSTED
LED-0000672,INV-2026-000799,V0008,Global Textiles Limited,2026-07-06,PAYMENT,14028.4,USD,INV-2026-000799,2000-AP,HR,Payment against INV-2026-000799,POSTED
LED-0001732,,V0001,Unity Trading Limited,2026-07-06,ACCRUAL,943.38,USD,JRN-001732,6990-ADJUSTMENTS,OPS,Month-end accrual,POSTED
LED-0000207,INV-2026-000244,V0081,Nova Textiles Corporation,2026-07-07,PAYMENT,4007.5,EUR,INV-2026-000244,2000-AP,IT,Payment against INV-2026-000244,POSTED
LED-0000691,INV-2026-000818,V0055,Lanka Systems Incorporated,2026-07-07,PAYMENT,2014.15,USD,INV-2026-000818,2000-AP,FIN,Payment against INV-2026-000818,POSTED
LED-0000775,INV-2026-000911,V0049,Seacrest Consulting Incorporated,2026-07-07,PAYMENT,4298.12,USD,INV-2026-000911,2020-AP-SERVICES,HR,Payment against INV-2026-000911,POSTED
LED-0000928,INV-2026-001084,V0054,Jade Industries Limited,2026-07-07,PAYMENT,18904.1,USD,INV-2026-001084,2020-AP-SERVICES,MKT,Payment against INV-2026-001084,POSTED
LED-0001003,INV-2026-001167,V0075,Vertex Packaging Limited,2026-07-07,PAYMENT,15719.45,USD,INV-2026-001167,2020-AP-SERVICES,FIN,Payment against INV-2026-001167,POSTED
LED-0001423,INV-2026-001666,V0032,Keystone Logistics Limited,2026-07-07,PAYMENT,19250.22,USD,INV-2026-001666,2000-AP,MKT,Payment against INV-2026-001666,POSTED
LED-0001692,INV-2026-001988,V0056,Silverline Technologies Incorporated,2026-07-07,PAYMENT,22874.33,EUR,INV-2026-001988,2000-AP,LOG,Payment against INV-2026-001988,POSTED
LED-0001759,,V0080,Vertex Textiles Corporation,2026-07-07,ACCRUAL,4028.27,USD,JRN-001759,2000-AP,PROC,Vendor balance adjustment,POSTED
LED-0000060,INV-2026-000072,V0086,Orbit Supplies Limited,2026-07-08,PAYMENT,14876.31,EUR,INV-2026-000072,2020-AP-SERVICES,IT,Payment against INV-2026-000072,POSTED
LED-0000193,INV-2026-000229,V0049,Seacrest Consulting Incorporated,2026-07-08,PAYMENT,15078.69,USD,INV-2026-000229,2010-AP-TRADE,HR,Payment against INV-2026-000229,POSTED
LED-0000417,INV-2026-000492,V0029,Zenith Supplies Limited,2026-07-08,PAYMENT,21393.12,USD,INV-2026-000492,2020-AP-SERVICES,FIN,Payment against INV-2026-000492,POSTED
LED-0000462,INV-2026-000548,V0085,Royal Holdings Limited,2026-07-08,PAYMENT,15187.09,EUR,INV-2026-000548,2010-AP-TRADE,FIN,Payment against INV-2026-000548,POSTED
LED-0000489,INV-2026-000582,V0067,Unity Foods Corporation,2026-07-08,PAYMENT,4898.37,USD,INV-2026-000582,2000-AP,LOG,Payment against INV-2026-000582,POSTED
LED-0000634,INV-2026-000757,V0021,Vertex Supplies Corporation,2026-07-08,PAYMENT,10157.6,USD,INV-2026-000757,2000-AP,MKT,Payment against INV-2026-000757,POSTED
LED-0000894,INV-2026-001047,V0016,Zenith Holdings Incorporated,2026-07-08,PAYMENT,664.44,USD,INV-2026-001047,2000-AP,PROC,Payment against INV-2026-001047,POSTED
LED-0000946,INV-2026-001103,V0052,Apex Consulting Incorporated,2026-07-08,PAYMENT,3779.24,USD,INV-2026-001103,2000-AP,PROC,Payment against INV-2026-001103,POSTED
LED-0001233,INV-2026-001446,V0052,Apex Consulting Incorporated,2026-07-08,PAYMENT,16561.01,USD,INV-2026-001446,2000-AP,MKT,Payment against INV-2026-001446,POSTED
LED-0001602,INV-2026-001879,V0014,Delta Foods Corporation,2026-07-08,PAYMENT,3325.4,GBP,INV-2026-001879,2000-AP,OPS,Payment against INV-2026-001879,POSTED
LED-0001672,INV-2026-001962,V0008,Global Textiles Limited,2026-07-08,PAYMENT,6837.36,USD,INV-2026-001962,2000-AP,IT,Payment against INV-2026-001962,POSTED
LED-0000088,INV-2026-000106,V0082,Redwood Logistics Incorporated,2026-07-09,PAYMENT,2098085.55,LKR,INV-2026-000106,2000-AP,IT,Payment against INV-2026-000106,POSTED
LED-0000098,INV-2026-000118,V0013,Delta Solutions Corporation,2026-07-09,PAYMENT,1706395.19,LKR,INV-2026-000118,2000-AP,OPS,Payment against INV-2026-000118,POSTED
LED-0000147,INV-2026-000170,V0042,Evergreen Packaging Limited,2026-07-09,PAYMENT,9121.73,USD,INV-2026-000170,2000-AP,OPS,Payment against INV-2026-000170,POSTED
LED-0000387,INV-2026-000454,V0043,Silverline Logistics Limited,2026-07-09,PAYMENT,13493.29,GBP,INV-2026-000454,2000-AP,HR,Payment against INV-2026-000454,POSTED
LED-0000618,INV-2026-000740,V0038,Insight Services Limited,2026-07-09,PAYMENT,17795.43,USD,INV-2026-000740,2000-AP,LOG,Payment against INV-2026-000740,POSTED
LED-0000887,INV-2026-001040,V0090,Nova Packaging Corporation,2026-07-09,PAYMENT,3130.65,USD,INV-2026-001040,2000-AP,HR,Payment against INV-2026-001040,POSTED
LED-0001080,INV-2026-001255,V0001,Unity Trading Limited,2026-07-09,PAYMENT,4109.91,GBP,INV-2026-001255,2020-AP-SERVICES,LOG,Payment against INV-2026-001255,POSTED
LED-0001565,INV-2026-001837,V0086,Orbit Supplies Limited,2026-07-09,PAYMENT,189454.5,LKR,INV-2026-001837,2010-AP-TRADE,HR,Payment against INV-2026-001837,POSTED
LED-0001671,INV-2026-001961,V0025,Lanka Foods Limited,2026-07-09,PAYMENT,1939747.81,LKR,INV-2026-001961,2010-AP-TRADE,HR,Payment against INV-2026-001961,POSTED
LED-0001693,INV-2026-001991,V0031,Pioneer Supplies Incorporated,2026-07-09,PAYMENT,7883.06,USD,INV-2026-001991,2020-AP-SERVICES,LOG,Payment against INV-2026-001991,POSTED
LED-0001756,,V0053,Pioneer Trading Incorporated,2026-07-09,ADJUSTMENT,4205.08,GBP,JRN-001756,6200-ADMIN,OPS,Prior-period correction,POSTED
LED-0000342,INV-2026-000403,V0062,Vertex Packaging Incorporated,2026-07-10,PAYMENT,13254.95,USD,INV-2026-000403,2000-AP,MKT,Payment against INV-2026-000403,POSTED
LED-0000482,INV-2026-000574,V0034,Metro Consulting Limited,2026-07-10,PAYMENT,14630.88,EUR,INV-2026-000574,2020-AP-SERVICES,LOG,Payment against INV-2026-000574,POSTED
LED-0000505,INV-2026-000599,V0050,Keystone Trading Corporation,2026-07-10,PAYMENT,8412.94,USD,INV-2026-000599,2010-AP-TRADE,OPS,Payment against INV-2026-000599,POSTED
LED-0000809,INV-2026-000951,V0066,Jade Pharma Incorporated,2026-07-10,PAYMENT,9997.77,USD,INV-2026-000951,2020-AP-SERVICES,MKT,Payment against INV-2026-000951,POSTED
LED-0000967,INV-2026-001128,V0054,Jade Industries Limited,2026-07-10,PAYMENT,12341.06,EUR,INV-2026-001128,2010-AP-TRADE,IT,Payment against INV-2026-001128,POSTED
LED-0001140,INV-2026-001330,V0074,Crescent Supplies Corporation,2026-07-10,PAYMENT,7025.23,USD,INV-2026-001330,2000-AP,OPS,Payment against INV-2026-001330,POSTED
LED-0001380,INV-2026-001614,V0088,Unity Technologies Limited,2026-07-10,PAYMENT,8238.18,USD,INV-2026-001614,2020-AP-SERVICES,FIN,Payment against INV-2026-001614,POSTED
LED-0000251,INV-2026-000297,V0069,Keystone Technologies Incorporated,2026-07-11,PAYMENT,1781.91,USD,INV-2026-000297,2000-AP,LOG,Payment against INV-2026-000297,POSTED
LED-0000362,INV-2026-000424,V0075,Vertex Packaging Limited,2026-07-11,PAYMENT,17235.77,GBP,INV-2026-000424,2010-AP-TRADE,MKT,Payment against INV-2026-000424,POSTED
LED-0001403,INV-2026-001642,V0059,Seacrest Solutions Limited,2026-07-11,PAYMENT,1538990.59,LKR,INV-2026-001642,2010-AP-TRADE,PROC,Payment against INV-2026-001642,POSTED
LED-0001585,INV-2026-001857,V0025,Lanka Foods Limited,2026-07-11,PAYMENT,1300.31,USD,INV-2026-001857,2000-AP,MKT,Payment against INV-2026-001857,POSTED
LED-0000026,INV-2026-000033,V0027,Pioneer Solutions Incorporated,2026-07-12,PAYMENT,13249.31,USD,INV-2026-000033,2020-AP-SERVICES,LOG,Payment against INV-2026-000033,POSTED
LED-0000102,INV-2026-000122,V0049,Seacrest Consulting Incorporated,2026-07-12,PAYMENT,19329.41,USD,INV-2026-000122,2010-AP-TRADE,IT,Payment against INV-2026-000122,POSTED
LED-0000212,INV-2026-000250,V0018,Royal Networks Incorporated,2026-07-12,PAYMENT,5143.31,USD,INV-2026-000250,2000-AP,IT,Payment against INV-2026-000250,POSTED
LED-0000285,INV-2026-000336,V0089,Pioneer Supplies Limited,2026-07-12,PAYMENT,13350.77,USD,INV-2026-000336,2020-AP-SERVICES,PROC,Payment against INV-2026-000336,POSTED
LED-0000300,INV-2026-000355,V0026,Vertex Consulting Incorporated,2026-07-12,PAYMENT,1296236.65,LKR,INV-2026-000355,2020-AP-SERVICES,HR,Payment against INV-2026-000355,POSTED
LED-0000453,INV-2026-000539,V0088,Unity Technologies Limited,2026-07-12,PAYMENT,1259636.35,LKR,INV-2026-000539,2020-AP-SERVICES,FIN,Payment against INV-2026-000539,POSTED
LED-0000748,INV-2026-000883,V0017,Delta Pharma Limited,2026-07-12,PAYMENT,15318.69,USD,INV-2026-000883,2010-AP-TRADE,PROC,Payment against INV-2026-000883,POSTED
LED-0001461,INV-2026-001710,V0015,Titan Consulting Limited,2026-07-12,PAYMENT,12016.38,USD,INV-2026-001710,2010-AP-TRADE,LOG,Payment against INV-2026-001710,POSTED
LED-0001780,,V0011,Nova Engineering Corporation,2026-07-12,ADJUSTMENT,2908.22,USD,JRN-001780,2000-AP,FIN,Prior-period correction,POSTED
LED-0000345,INV-2026-000406,V0067,Unity Foods Corporation,2026-07-13,PAYMENT,10295.52,USD,INV-2026-000406,2010-AP-TRADE,OPS,Payment against INV-2026-000406,POSTED
LED-0000543,INV-2026-000642,V0079,Global Trading Limited,2026-07-13,PAYMENT,4545.24,USD,INV-2026-000642,2020-AP-SERVICES,MKT,Payment against INV-2026-000642,POSTED
LED-0000588,INV-2026-000696,V0060,Zenith Packaging Limited,2026-07-13,PAYMENT,1175.01,USD,INV-2026-000696,2000-AP,MKT,Payment against INV-2026-000696,POSTED
LED-0000733,INV-2026-000867,V0047,Insight Technologies Incorporated,2026-07-13,PAYMENT,17357.8,USD,INV-2026-000867,2000-AP,FIN,Payment against INV-2026-000867,POSTED
LED-0000933,INV-2026-001089,V0090,Nova Packaging Corporation,2026-07-13,PAYMENT,4451.35,USD,INV-2026-001089,2000-AP,IT,Payment against INV-2026-001089,POSTED
LED-0001037,INV-2026-001204,V0010,Silverline Systems Incorporated,2026-07-13,PAYMENT,16365.54,GBP,INV-2026-001204,2000-AP,FIN,Payment against INV-2026-001204,POSTED
LED-0001162,INV-2026-001358,V0084,Harbor Industries Limited,2026-07-13,PAYMENT,5909.82,USD,INV-2026-001358,2020-AP-SERVICES,LOG,Payment against INV-2026-001358,POSTED
LED-0001182,INV-2026-001381,V0031,Pioneer Supplies Incorporated,2026-07-13,PAYMENT,18296.52,USD,INV-2026-001381,2000-AP,OPS,Payment against INV-2026-001381,POSTED
LED-0001194,INV-2026-001396,V0012,Evergreen Industries Corporation,2026-07-13,PAYMENT,2431.28,USD,INV-2026-001396,2020-AP-SERVICES,FIN,Payment against INV-2026-001396,POSTED
LED-0001234,INV-2026-001450,V0004,Delta Solutions Incorporated,2026-07-13,PAYMENT,14077.1,USD,INV-2026-001450,2010-AP-TRADE,LOG,Payment against INV-2026-001450,POSTED
LED-0001533,INV-2026-001798,V0043,Silverline Logistics Limited,2026-07-13,PAYMENT,3791.69,EUR,INV-2026-001798,2000-AP,MKT,Payment against INV-2026-001798,POSTED
LED-0000089,INV-2026-000107,V0057,Keystone Packaging Limited,2026-07-14,PAYMENT,567480.49,LKR,INV-2026-000107,2010-AP-TRADE,IT,Payment against INV-2026-000107,POSTED
LED-0000202,INV-2026-000238,V0049,Seacrest Consulting Incorporated,2026-07-14,PAYMENT,8494.94,GBP,INV-2026-000238,2010-AP-TRADE,IT,Payment against INV-2026-000238,POSTED
LED-0000351,INV-2026-000412,V0080,Vertex Textiles Corporation,2026-07-14,PAYMENT,13333.02,EUR,INV-2026-000412,2000-AP,OPS,Payment against INV-2026-000412,POSTED
LED-0000402,INV-2026-000475,V0026,Vertex Consulting Incorporated,2026-07-14,PAYMENT,8465.52,GBP,INV-2026-000475,2010-AP-TRADE,HR,Payment against INV-2026-000475,POSTED
LED-0000804,INV-2026-000945,V0007,Quantum Technologies Incorporated,2026-07-14,PAYMENT,315968.94,LKR,INV-2026-000945,2010-AP-TRADE,PROC,Payment against INV-2026-000945,POSTED
LED-0001018,INV-2026-001183,V0081,Nova Textiles Corporation,2026-07-14,PAYMENT,1652712.6,LKR,INV-2026-001183,2020-AP-SERVICES,FIN,Payment against INV-2026-001183,POSTED
LED-0001159,INV-2026-001354,V0030,Orbit Pharma Corporation,2026-07-14,PAYMENT,5536.47,USD,INV-2026-001354,2010-AP-TRADE,HR,Payment against INV-2026-001354,POSTED
LED-0001258,INV-2026-001477,V0057,Keystone Packaging Limited,2026-07-14,PAYMENT,18559.42,EUR,INV-2026-001477,2020-AP-SERVICES,OPS,Payment against INV-2026-001477,POSTED
LED-0001497,INV-2026-001750,V0038,Insight Services Limited,2026-07-14,PAYMENT,14172.8,USD,INV-2026-001750,2020-AP-SERVICES,PROC,Payment against INV-2026-001750,POSTED
LED-0001526,INV-2026-001788,V0046,Metro Holdings Incorporated,2026-07-14,PAYMENT,1018.19,USD,INV-2026-001788,2020-AP-SERVICES,OPS,Payment against INV-2026-001788,POSTED
LED-0001652,INV-2026-001939,V0056,Silverline Technologies Incorporated,2026-07-14,PAYMENT,8792.46,USD,INV-2026-001939,2020-AP-SERVICES,MKT,Payment against INV-2026-001939,POSTED
LED-0001781,,V0016,Zenith Holdings Incorporated,2026-07-14,REVERSAL,3619.1,EUR,JRN-001781,6200-ADMIN,PROC,Manual adjustment,POSTED
LED-0001789,,V0001,Unity Trading Limited,2026-07-14,ADJUSTMENT,383151.16,LKR,JRN-001789,6100-SERVICES,FIN,Prior-period correction,POSTED
LED-0001798,,V0042,Evergreen Packaging Limited,2026-07-14,REVERSAL,645.49,USD,JRN-001798,6990-ADJUSTMENTS,HR,Prior-period correction,POSTED
LED-0000001,INV-2026-000001,V0086,Orbit Supplies Limited,2026-07-15,PAYMENT,7070.67,EUR,INV-2026-000001,2010-AP-TRADE,HR,Payment against INV-2026-000001,POSTED
LED-0000121,INV-2026-000143,V0031,Pioneer Supplies Incorporated,2026-07-15,PAYMENT,8890.82,USD,INV-2026-000143,2020-AP-SERVICES,FIN,Payment against INV-2026-000143,POSTED
LED-0000360,INV-2026-000422,V0071,Harbor Technologies Limited,2026-07-15,PAYMENT,5061.12,USD,INV-2026-000422,2020-AP-SERVICES,OPS,Payment against INV-2026-000422,POSTED
LED-0000576,INV-2026-000681,V0014,Delta Foods Corporation,2026-07-15,PAYMENT,2132.34,USD,INV-2026-000681,2000-AP,FIN,Payment against INV-2026-000681,POSTED
LED-0000651,INV-2026-000775,V0070,Royal Supplies Incorporated,2026-07-15,PAYMENT,11297.64,USD,INV-2026-000775,2020-AP-SERVICES,OPS,Payment against INV-2026-000775,POSTED
LED-0000795,INV-2026-000934,V0026,Vertex Consulting Incorporated,2026-07-15,PAYMENT,160097.46,LKR,INV-2026-000934,2010-AP-TRADE,LOG,Payment against INV-2026-000934,POSTED
LED-0000876,INV-2026-001029,V0009,Orbit Consulting Limited,2026-07-15,PAYMENT,21492.66,USD,INV-2026-001029,2020-AP-SERVICES,PROC,Payment against INV-2026-001029,POSTED
LED-0000956,INV-2026-001113,V0024,Unity Foods Limited,2026-07-15,PAYMENT,6285.99,USD,INV-2026-001113,2010-AP-TRADE,FIN,Payment against INV-2026-001113,POSTED
LED-0001044,INV-2026-001213,V0018,Royal Networks Incorporated,2026-07-15,PAYMENT,2630.62,USD,INV-2026-001213,2010-AP-TRADE,HR,Payment against INV-2026-001213,POSTED
LED-0001045,INV-2026-001214,V0016,Zenith Holdings Incorporated,2026-07-15,PAYMENT,13697.85,USD,INV-2026-001214,2010-AP-TRADE,OPS,Payment against INV-2026-001214,POSTED
LED-0001248,INV-2026-001467,V0045,Nova Solutions Corporation,2026-07-15,PAYMENT,18435.49,EUR,INV-2026-001467,2000-AP,MKT,Payment against INV-2026-001467,POSTED
LED-0001488,INV-2026-001741,V0053,Pioneer Trading Incorporated,2026-07-15,PAYMENT,12989.92,USD,INV-2026-001741,2010-AP-TRADE,HR,Payment against INV-2026-001741,POSTED
LED-0001567,INV-2026-001839,V0021,Vertex Supplies Corporation,2026-07-15,PAYMENT,11370.91,USD,INV-2026-001839,2000-AP,OPS,Payment against INV-2026-001839,POSTED
LED-0001724,,V0089,Pioneer Supplies Limited,2026-07-15,REVERSAL,300937.78,LKR,JRN-001724,6990-ADJUSTMENTS,MKT,Prior-period correction,POSTED
LED-0001750,,V0031,Pioneer Supplies Incorporated,2026-07-15,REVERSAL,424260.88,LKR,JRN-001750,2000-AP,FIN,Month-end accrual,POSTED
LED-0000028,INV-2026-000036,V0029,Zenith Supplies Limited,2026-07-16,PAYMENT,16553.43,USD,INV-2026-000036,2010-AP-TRADE,MKT,Payment against INV-2026-000036,POSTED
LED-0000054,INV-2026-000066,V0047,Insight Technologies Incorporated,2026-07-16,PAYMENT,17960.18,USD,INV-2026-000066,2010-AP-TRADE,PROC,Payment against INV-2026-000066,POSTED
LED-0000778,INV-2026-000917,V0003,Harbor Services Incorporated,2026-07-16,PAYMENT,15017.12,USD,INV-2026-000917,2000-AP,PROC,Payment against INV-2026-000917,POSTED
LED-0000905,INV-2026-001059,V0010,Silverline Systems Incorporated,2026-07-16,PAYMENT,13972.44,GBP,INV-2026-001059,2020-AP-SERVICES,PROC,Payment against INV-2026-001059,POSTED
LED-0001238,INV-2026-001454,V0027,Pioneer Solutions Incorporated,2026-07-16,PAYMENT,5740.26,USD,INV-2026-001454,2020-AP-SERVICES,MKT,Payment against INV-2026-001454,POSTED
LED-0001413,INV-2026-001656,V0049,Seacrest Consulting Incorporated,2026-07-16,PAYMENT,8129.35,USD,INV-2026-001656,2020-AP-SERVICES,LOG,Payment against INV-2026-001656,POSTED
LED-0001447,INV-2026-001696,V0028,Unity Systems Incorporated,2026-07-16,PAYMENT,16057.34,USD,INV-2026-001696,2010-AP-TRADE,HR,Payment against INV-2026-001696,POSTED
LED-0001593,INV-2026-001868,V0009,Orbit Consulting Limited,2026-07-16,PAYMENT,6147.53,USD,INV-2026-001868,2020-AP-SERVICES,PROC,Payment against INV-2026-001868,POSTED
LED-0001717,,V0061,Silverline Services Limited,2026-07-16,ADJUSTMENT,1078.1,USD,JRN-001717,2000-AP,MKT,Month-end accrual,POSTED
LED-0000214,INV-2026-000252,V0090,Nova Packaging Corporation,2026-07-17,PAYMENT,18298.3,GBP,INV-2026-000252,2000-AP,PROC,Payment against INV-2026-000252,POSTED
LED-0000608,INV-2026-000723,V0084,Harbor Industries Limited,2026-07-17,PAYMENT,14060.81,USD,INV-2026-000723,2020-AP-SERVICES,OPS,Payment against INV-2026-000723,POSTED
LED-0000680,INV-2026-000807,V0007,Quantum Technologies Incorporated,2026-07-17,PAYMENT,10543.17,GBP,INV-2026-000807,2020-AP-SERVICES,HR,Payment against INV-2026-000807,POSTED
LED-0000736,INV-2026-000870,V0005,Nova Logistics Limited,2026-07-17,PAYMENT,1497.73,EUR,INV-2026-000870,2010-AP-TRADE,HR,Payment against INV-2026-000870,POSTED
LED-0000941,INV-2026-001097,V0027,Pioneer Solutions Incorporated,2026-07-17,PAYMENT,17757.41,USD,INV-2026-001097,2010-AP-TRADE,LOG,Payment against INV-2026-001097,POSTED
LED-0001337,INV-2026-001567,V0032,Keystone Logistics Limited,2026-07-17,PAYMENT,2346.96,USD,INV-2026-001567,2020-AP-SERVICES,OPS,Payment against INV-2026-001567,POSTED
LED-0001434,INV-2026-001677,V0056,Silverline Technologies Incorporated,2026-07-17,PAYMENT,4207.4,USD,INV-2026-001677,2000-AP,OPS,Payment against INV-2026-001677,POSTED
LED-0001742,,V0054,Jade Industries Limited,2026-07-17,ACCRUAL,1625.48,USD,JRN-001742,6100-SERVICES,LOG,Reversal entry,POSTED
LED-0000245,INV-2026-000290,V0016,Zenith Holdings Incorporated,2026-07-18,PAYMENT,20810.94,USD,INV-2026-000290,2000-AP,OPS,Payment against INV-2026-000290,POSTED
LED-0000759,INV-2026-000894,V0032,Keystone Logistics Limited,2026-07-18,PAYMENT,18585.83,USD,INV-2026-000894,2000-AP,LOG,Payment against INV-2026-000894,POSTED
LED-0000891,INV-2026-001044,V0044,Evergreen Systems Incorporated,2026-07-18,PAYMENT,13842.64,USD,INV-2026-001044,2000-AP,IT,Payment against INV-2026-001044,POSTED
LED-0000952,INV-2026-001109,V0003,Harbor Services Incorporated,2026-07-18,PAYMENT,17092.69,USD,INV-2026-001109,2010-AP-TRADE,OPS,Payment against INV-2026-001109,POSTED
LED-0000968,INV-2026-001129,V0054,Jade Industries Limited,2026-07-18,PAYMENT,1645699.31,LKR,INV-2026-001129,2010-AP-TRADE,FIN,Payment against INV-2026-001129,POSTED
LED-0000113,INV-2026-000134,V0044,Evergreen Systems Incorporated,2026-07-19,PAYMENT,1720187.28,LKR,INV-2026-000134,2010-AP-TRADE,FIN,Payment against INV-2026-000134,POSTED
LED-0000460,INV-2026-000546,V0053,Pioneer Trading Incorporated,2026-07-19,PAYMENT,2399.62,USD,INV-2026-000546,2010-AP-TRADE,MKT,Payment against INV-2026-000546,POSTED
LED-0000541,INV-2026-000640,V0014,Delta Foods Corporation,2026-07-19,PAYMENT,11736.97,USD,INV-2026-000640,2000-AP,FIN,Payment against INV-2026-000640,POSTED
LED-0000704,INV-2026-000832,V0007,Quantum Technologies Incorporated,2026-07-19,PAYMENT,18864.85,USD,INV-2026-000832,2010-AP-TRADE,LOG,Payment against INV-2026-000832,POSTED
LED-0001385,INV-2026-001620,V0048,Zenith Trading Incorporated,2026-07-19,PAYMENT,8722.4,USD,INV-2026-001620,2010-AP-TRADE,PROC,Payment against INV-2026-001620,POSTED
LED-0001393,INV-2026-001628,V0016,Zenith Holdings Incorporated,2026-07-19,PAYMENT,3756.61,USD,INV-2026-001628,2010-AP-TRADE,PROC,Payment against INV-2026-001628,POSTED
LED-0001407,INV-2026-001648,V0038,Insight Services Limited,2026-07-19,PAYMENT,12855.03,EUR,INV-2026-001648,2010-AP-TRADE,MKT,Payment against INV-2026-001648,POSTED
LED-0001431,INV-2026-001674,V0021,Vertex Supplies Corporation,2026-07-19,PAYMENT,696947.6,LKR,INV-2026-001674,2000-AP,FIN,Payment against INV-2026-001674,POSTED
LED-0001496,INV-2026-001749,V0047,Insight Technologies Incorporated,2026-07-19,PAYMENT,4603.23,USD,INV-2026-001749,2000-AP,PROC,Payment against INV-2026-001749,POSTED
LED-0000354,INV-2026-000415,V0038,Insight Services Limited,2026-07-20,PAYMENT,14077.67,USD,INV-2026-000415,2010-AP-TRADE,FIN,Payment against INV-2026-000415,POSTED
LED-0000643,INV-2026-000766,V0026,Vertex Consulting Incorporated,2026-07-20,PAYMENT,5224.39,USD,INV-2026-000766,2020-AP-SERVICES,MKT,Payment against INV-2026-000766,POSTED
LED-0000682,INV-2026-000809,V0017,Delta Pharma Limited,2026-07-20,PAYMENT,2068386.09,LKR,INV-2026-000809,2010-AP-TRADE,OPS,Payment against INV-2026-000809,POSTED
LED-0001047,INV-2026-001216,V0085,Royal Holdings Limited,2026-07-20,PAYMENT,1838.07,GBP,INV-2026-001216,2010-AP-TRADE,IT,Payment against INV-2026-001216,POSTED
LED-0001522,INV-2026-001783,V0015,Titan Consulting Limited,2026-07-20,PAYMENT,8201.27,USD,INV-2026-001783,2020-AP-SERVICES,HR,Payment against INV-2026-001783,POSTED
LED-0001711,,V0034,Metro Consulting Limited,2026-07-20,REVERSAL,2504.19,EUR,JRN-001711,6200-ADMIN,PROC,Prior-period correction,POSTED
LED-0001757,,V0016,Zenith Holdings Incorporated,2026-07-20,REVERSAL,2813.89,USD,JRN-001757,2000-AP,FIN,Vendor balance adjustment,POSTED
LED-0000384,INV-2026-000449,V0074,Crescent Supplies Corporation,2026-07-21,PAYMENT,11004.81,EUR,INV-2026-000449,2010-AP-TRADE,PROC,Payment against INV-2026-000449,POSTED
LED-0000410,INV-2026-000485,V0044,Evergreen Systems Incorporated,2026-07-21,PAYMENT,13729.14,GBP,INV-2026-000485,2020-AP-SERVICES,PROC,Payment against INV-2026-000485,POSTED
LED-0001322,INV-2026-001548,V0029,Zenith Supplies Limited,2026-07-21,PAYMENT,6375.77,GBP,INV-2026-001548,2020-AP-SERVICES,LOG,Payment against INV-2026-001548,POSTED
LED-0001357,INV-2026-001588,V0090,Nova Packaging Corporation,2026-07-21,PAYMENT,17897.81,USD,INV-2026-001588,2010-AP-TRADE,OPS,Payment against INV-2026-001588,POSTED
LED-0001548,INV-2026-001817,V0086,Orbit Supplies Limited,2026-07-21,PAYMENT,18756.23,USD,INV-2026-001817,2020-AP-SERVICES,IT,Payment against INV-2026-001817,POSTED
LED-0000016,INV-2026-000020,V0073,Crescent Logistics Corporation,2026-07-22,PAYMENT,745.8,USD,INV-2026-000020,2010-AP-TRADE,FIN,Payment against INV-2026-000020,POSTED
LED-0000099,INV-2026-000119,V0017,Delta Pharma Limited,2026-07-22,PAYMENT,3947.66,USD,INV-2026-000119,2020-AP-SERVICES,IT,Payment against INV-2026-000119,POSTED
LED-0000291,INV-2026-000344,V0077,Pioneer Packaging Limited,2026-07-22,PAYMENT,868.65,GBP,INV-2026-000344,2000-AP,HR,Payment against INV-2026-000344,POSTED
LED-0001011,INV-2026-001175,V0003,Harbor Services Incorporated,2026-07-22,PAYMENT,11486.81,USD,INV-2026-001175,2010-AP-TRADE,HR,Payment against INV-2026-001175,POSTED
LED-0001236,INV-2026-001452,V0003,Harbor Services Incorporated,2026-07-22,PAYMENT,10285.35,EUR,INV-2026-001452,2010-AP-TRADE,OPS,Payment against INV-2026-001452,POSTED
LED-0000741,INV-2026-000875,V0004,Delta Solutions Incorporated,2026-07-23,PAYMENT,5311.26,USD,INV-2026-000875,2020-AP-SERVICES,IT,Payment against INV-2026-000875,POSTED
LED-0001808,,V0048,Zenith Trading Incorporated,2026-07-23,ACCRUAL,4411.66,GBP,JRN-001808,6990-ADJUSTMENTS,IT,Prior-period correction,POSTED
LED-0001386,INV-2026-001621,V0039,Zenith Consulting Incorporated,2026-07-24,PAYMENT,4411.01,USD,INV-2026-001621,2020-AP-SERVICES,HR,Payment against INV-2026-001621,POSTED
LED-0001787,,V0053,Pioneer Trading Incorporated,2026-07-24,REVERSAL,1692.06,USD,JRN-001787,6100-SERVICES,OPS,Reversal entry,POSTED
LED-0001268,INV-2026-001489,V0042,Evergreen Packaging Limited,2026-07-25,PAYMENT,4085.11,GBP,INV-2026-001489,2020-AP-SERVICES,IT,Payment against INV-2026-001489,POSTED
LED-0001310,INV-2026-001534,V0020,Global Solutions Limited,2026-07-25,PAYMENT,1212.4,EUR,INV-2026-001534,2000-AP,FIN,Payment against INV-2026-001534,POSTED
LED-0001659,INV-2026-001946,V0080,Vertex Textiles Corporation,2026-07-25,PAYMENT,1384191.28,LKR,INV-2026-001946,2010-AP-TRADE,PROC,Payment against INV-2026-001946,POSTED
LED-0001806,,V0011,Nova Engineering Corporation,2026-07-25,ADJUSTMENT,318715.34,LKR,JRN-001806,6200-ADMIN,IT,Manual adjustment,POSTED
LED-0000700,INV-2026-000828,V0035,Global Engineering Limited,2026-07-27,PAYMENT,11720.92,USD,INV-2026-000828,2010-AP-TRADE,IT,Payment against INV-2026-000828,POSTED
LED-0000746,INV-2026-000881,V0076,Royal Services Incorporated,2026-07-27,PAYMENT,869071.02,LKR,INV-2026-000881,2020-AP-SERVICES,HR,Payment against INV-2026-000881,POSTED
LED-0001117,INV-2026-001300,V0074,Crescent Supplies Corporation,2026-07-27,PAYMENT,3686.62,USD,INV-2026-001300,2010-AP-TRADE,FIN,Payment against INV-2026-001300,POSTED
LED-0000208,INV-2026-000245,V0043,Silverline Logistics Limited,2026-07-28,PAYMENT,1900625.83,LKR,INV-2026-000245,2020-AP-SERVICES,MKT,Payment against INV-2026-000245,POSTED
LED-0000321,INV-2026-000380,V0075,Vertex Packaging Limited,2026-07-28,PAYMENT,9507.73,USD,INV-2026-000380,2010-AP-TRADE,HR,Payment against INV-2026-000380,POSTED
LED-0000397,INV-2026-000470,V0017,Delta Pharma Limited,2026-07-28,PAYMENT,3218.06,USD,INV-2026-000470,2020-AP-SERVICES,FIN,Payment against INV-2026-000470,POSTED
LED-0001419,INV-2026-001662,V0088,Unity Technologies Limited,2026-07-28,PAYMENT,2542.33,EUR,INV-2026-001662,2020-AP-SERVICES,PROC,Payment against INV-2026-001662,POSTED
LED-0001627,INV-2026-001908,V0006,Crescent Industries Limited,2026-07-28,PAYMENT,8205.83,USD,INV-2026-001908,2000-AP,MKT,Payment against INV-2026-001908,POSTED
LED-0001723,,V0032,Keystone Logistics Limited,2026-07-28,ACCRUAL,1572.94,EUR,JRN-001723,2000-AP,IT,Reversal entry,POSTED
LED-0000346,INV-2026-000407,V0087,Orbit Trading Limited,2026-07-29,PAYMENT,19319.97,USD,INV-2026-000407,2020-AP-SERVICES,PROC,Payment against INV-2026-000407,POSTED
LED-0000406,INV-2026-000480,V0001,Unity Trading Limited,2026-07-29,PAYMENT,11498.15,USD,INV-2026-000480,2020-AP-SERVICES,HR,Payment against INV-2026-000480,POSTED
LED-0001078,INV-2026-001253,V0016,Zenith Holdings Incorporated,2026-07-29,PAYMENT,16960.13,GBP,INV-2026-001253,2000-AP,FIN,Payment against INV-2026-001253,POSTED
LED-0001167,INV-2026-001364,V0089,Pioneer Supplies Limited,2026-07-29,PAYMENT,18839.51,USD,INV-2026-001364,2000-AP,MKT,Payment against INV-2026-001364,POSTED
LED-0001501,INV-2026-001754,V0055,Lanka Systems Incorporated,2026-07-29,PAYMENT,2495.48,EUR,INV-2026-001754,2010-AP-TRADE,IT,Payment against INV-2026-001754,POSTED
LED-0001748,,V0009,Orbit Consulting Limited,2026-07-29,ADJUSTMENT,1328.09,GBP,JRN-001748,6200-ADMIN,FIN,Reversal entry,POSTED
LED-0000058,INV-2026-000070,V0009,Orbit Consulting Limited,2026-07-30,PAYMENT,6740.29,GBP,INV-2026-000070,2010-AP-TRADE,IT,Payment against INV-2026-000070,POSTED
LED-0000149,INV-2026-000173,V0084,Harbor Industries Limited,2026-07-30,PAYMENT,16630.65,USD,INV-2026-000173,2000-AP,LOG,Payment against INV-2026-000173,POSTED
LED-0000217,INV-2026-000255,V0060,Zenith Packaging Limited,2026-07-30,PAYMENT,6977.95,USD,INV-2026-000255,2010-AP-TRADE,OPS,Payment against INV-2026-000255,POSTED
LED-0000769,INV-2026-000905,V0028,Unity Systems Incorporated,2026-07-30,PAYMENT,1208.6,USD,INV-2026-000905,2020-AP-SERVICES,IT,Payment against INV-2026-000905,POSTED
LED-0001076,INV-2026-001250,V0032,Keystone Logistics Limited,2026-07-30,PAYMENT,3047.76,USD,INV-2026-001250,2020-AP-SERVICES,MKT,Payment against INV-2026-001250,POSTED
LED-0000111,INV-2026-000132,V0006,Crescent Industries Limited,2026-07-31,PAYMENT,5162.57,USD,INV-2026-000132,2010-AP-TRADE,OPS,Payment against INV-2026-000132,POSTED
LED-0001468,INV-2026-001719,V0055,Lanka Systems Incorporated,2026-07-31,PAYMENT,22406.49,USD,INV-2026-001719,2010-AP-TRADE,HR,Payment against INV-2026-001719,POSTED
LED-0000328,INV-2026-000388,V0067,Unity Foods Corporation,2026-08-01,PAYMENT,10314.69,USD,INV-2026-000388,2020-AP-SERVICES,HR,Payment against INV-2026-000388,POSTED
LED-0000721,INV-2026-000852,V0075,Vertex Packaging Limited,2026-08-01,PAYMENT,941.49,USD,INV-2026-000852,2020-AP-SERVICES,LOG,Payment against INV-2026-000852,POSTED
LED-0000764,INV-2026-000899,V0031,Pioneer Supplies Incorporated,2026-08-02,PAYMENT,11408.5,USD,INV-2026-000899,2010-AP-TRADE,OPS,Payment against INV-2026-000899,POSTED
LED-0000979,INV-2026-001140,V0084,Harbor Industries Limited,2026-08-02,PAYMENT,776428.37,LKR,INV-2026-001140,2010-AP-TRADE,HR,Payment against INV-2026-001140,POSTED
LED-0000091,INV-2026-000109,V0079,Global Trading Limited,2026-08-03,PAYMENT,10716.51,USD,INV-2026-000109,2010-AP-TRADE,MKT,Payment against INV-2026-000109,POSTED
LED-0000438,INV-2026-000521,V0023,Metro Consulting Corporation,2026-08-03,PAYMENT,14944.97,USD,INV-2026-000521,2000-AP,PROC,Payment against INV-2026-000521,POSTED
LED-0001427,INV-2026-001670,V0041,Metro Foods Limited,2026-08-03,PAYMENT,19474.52,USD,INV-2026-001670,2020-AP-SERVICES,LOG,Payment against INV-2026-001670,POSTED
LED-0000533,INV-2026-000630,V0023,Metro Consulting Corporation,2026-08-04,PAYMENT,19756.91,GBP,INV-2026-000630,2000-AP,OPS,Payment against INV-2026-000630,POSTED
LED-0001615,INV-2026-001895,V0066,Jade Pharma Incorporated,2026-08-04,PAYMENT,5659.05,USD,INV-2026-001895,2000-AP,LOG,Payment against INV-2026-001895,POSTED
LED-0000989,INV-2026-001150,V0027,Pioneer Solutions Incorporated,2026-08-05,PAYMENT,22040.15,USD,INV-2026-001150,2010-AP-TRADE,MKT,Payment against INV-2026-001150,POSTED
LED-0001025,INV-2026-001192,V0079,Global Trading Limited,2026-08-06,PAYMENT,3857.14,USD,INV-2026-001192,2020-AP-SERVICES,FIN,Payment against INV-2026-001192,POSTED
LED-0001554,INV-2026-001824,V0076,Royal Services Incorporated,2026-08-06,PAYMENT,10344.54,USD,INV-2026-001824,2020-AP-SERVICES,PROC,Payment against INV-2026-001824,POSTED
LED-0000692,INV-2026-000819,V0046,Metro Holdings Incorporated,2026-08-07,PAYMENT,14995.05,GBP,INV-2026-000819,2000-AP,LOG,Payment against INV-2026-000819,POSTED
LED-0001121,INV-2026-001305,V0036,Unity Packaging Corporation,2026-08-07,PAYMENT,20978.62,USD,INV-2026-001305,2010-AP-TRADE,MKT,Payment against INV-2026-001305,POSTED
LED-0001323,INV-2026-001549,V0049,Seacrest Consulting Incorporated,2026-08-07,PAYMENT,2037590.62,LKR,INV-2026-001549,2020-AP-SERVICES,IT,Payment against INV-2026-001549,POSTED
LED-0001577,INV-2026-001849,V0068,Harbor Supplies Limited,2026-08-07,PAYMENT,222742.17,LKR,INV-2026-001849,2020-AP-SERVICES,MKT,Payment against INV-2026-001849,POSTED
LED-0000108,INV-2026-000128,V0071,Harbor Technologies Limited,2026-08-08,PAYMENT,2516.83,USD,INV-2026-000128,2000-AP,IT,Payment against INV-2026-000128,POSTED
LED-0000199,INV-2026-000235,V0044,Evergreen Systems Incorporated,2026-08-08,PAYMENT,8646.97,EUR,INV-2026-000235,2000-AP,OPS,Payment against INV-2026-000235,POSTED
LED-0000273,INV-2026-000324,V0005,Nova Logistics Limited,2026-08-08,PAYMENT,5406.7,EUR,INV-2026-000324,2010-AP-TRADE,LOG,Payment against INV-2026-000324,POSTED
LED-0000662,INV-2026-000787,V0033,BrightPath Logistics Corporation,2026-08-08,PAYMENT,15491.21,USD,INV-2026-000787,2000-AP,PROC,Payment against INV-2026-000787,POSTED
LED-0000953,INV-2026-001110,V0082,Redwood Logistics Incorporated,2026-08-08,PAYMENT,16358.92,USD,INV-2026-001110,2010-AP-TRADE,FIN,Payment against INV-2026-001110,POSTED
LED-0000789,INV-2026-000928,V0055,Lanka Systems Incorporated,2026-08-09,PAYMENT,8108.46,USD,INV-2026-000928,2020-AP-SERVICES,LOG,Payment against INV-2026-000928,POSTED
LED-0001528,INV-2026-001790,V0028,Unity Systems Incorporated,2026-08-11,PAYMENT,659.89,USD,INV-2026-001790,2010-AP-TRADE,HR,Payment against INV-2026-001790,POSTED
LED-0000458,INV-2026-000544,V0001,Unity Trading Limited,2026-08-13,PAYMENT,14705.12,USD,INV-2026-000544,2000-AP,FIN,Payment against INV-2026-000544,POSTED
LED-0000510,INV-2026-000604,V0080,Vertex Textiles Corporation,2026-08-13,PAYMENT,1654873.7,LKR,INV-2026-000604,2020-AP-SERVICES,IT,Payment against INV-2026-000604,POSTED
LED-0000807,INV-2026-000948,V0052,Apex Consulting Incorporated,2026-08-13,PAYMENT,847.7,GBP,INV-2026-000948,2020-AP-SERVICES,MKT,Payment against INV-2026-000948,POSTED
LED-0000674,INV-2026-000801,V0003,Harbor Services Incorporated,2026-08-14,PAYMENT,19881.21,USD,INV-2026-000801,2020-AP-SERVICES,FIN,Payment against INV-2026-000801,POSTED
LED-0000215,INV-2026-000253,V0022,Crescent Supplies Limited,2026-08-15,PAYMENT,13353.85,USD,INV-2026-000253,2010-AP-TRADE,MKT,Payment against INV-2026-000253,POSTED
LED-0001033,INV-2026-001200,V0078,Northstar Packaging Corporation,2026-08-16,PAYMENT,8038.34,USD,INV-2026-001200,2010-AP-TRADE,HR,Payment against INV-2026-001200,POSTED
LED-0001199,INV-2026-001401,V0045,Nova Solutions Corporation,2026-08-18,PAYMENT,19600.34,USD,INV-2026-001401,2020-AP-SERVICES,MKT,Payment against INV-2026-001401,POSTED
